年,月,日,時,分,縣市,區,死,受傷,2-30,天候,光線,道路類別,速限,道路型態,事故位置,路面鋪裝,路面狀態,路面缺陷,障礙物,視距,號誌種類,號誌動作,分向設施,快車道或一般車道間,快慢車道間,路面邊線,事故類型及型態,主要肇因,受傷程度,主要傷處,保護裝備,行動電話,當事者區分,車輛用途,當事者行動狀態,駕駛資格情形,駕駛執照種類,飲酒情形,車輛撞擊部位最初,車輛撞擊部位其他,肇事因素個別,肇事因素主要,肇事逃逸,職業,旅次目的,車種,GPS緯度,GPS經度,事故類別
2022,2,3,12,32,臺中市,西屯區,0,1,0,7,1,5,40,14,8,1,5,4,5,7,4,4,3,5,5,2,17,42,2,9,3,4,C03,7,9,1,10,2,14,,42,42,1,22,9,C03,120.603686,24.183068,2
2022,2,3,12,38,臺中市,北區,0,0,0,,,,50,,,,,,,,,,,,,,,18,,,,,B03,,,1,,2,,,18,18,1,22,,B03,120.680775,24.159581,3
2022,2,3,12,41,臺中市,東區,0,0,0,8,,,50,,,,,,,,,,,,,,,42,,,,,B12,,,1,,2,,,42,42,1,22,,B12,120.706344,24.136717,3
2022,2,3,12,50,臺中市,西區,0,0,0,8,,,50,,,,,,,,,,,,,,,16,,,,,B03,,,1,,1,,,16,16,1,4,,B03,120.665819,24.152132,3
2022,2,3,12,55,臺中市,霧峰區,0,0,0,8,,,40,,,,,,,,,,,,,,,12,,,,,B03,,,1,,2,,,12,12,1,4,,B03,120.661826,24.069947,3
2022,2,3,12,57,臺中市,北屯區,0,1,0,7,1,5,50,4,1,1,5,4,5,7,1,1,10,5,5,2,16,19,3,10,1,1,B03,7,1,1,8,2,1,,19,19,1,21,8,B03,120.686633,24.204077,2
2022,2,3,13,0,臺中市,清水區,0,0,0,,,,50,,,,,,,,,,,,,,,6,,,,,B03,,,1,,2,,,6,6,1,5,,B03,120.576943,24.26895,3
2022,2,3,13,2,臺中市,太平區,0,2,0,7,1,5,30,4,1,1,5,4,5,7,4,4,10,5,5,2,15,6,2,9,1,1,C03,7,9,1,10,2,13,,6,6,1,5,5,C03,120.723773,24.140803,2
2022,2,3,13,8,臺中市,豐原區,0,0,0,8,,,50,,,,,,,,,,,,,,,17,,,,,C03,,,1,,2,,,17,17,1,22,,C03,120.703995,24.24954,3
2022,2,3,13,12,臺中市,西屯區,0,0,0,8,,,50,,,,,,,,,,,,,,,17,,,,,B03,,,1,,2,,,17,17,1,4,,B03,120.659185,24.201186,3
2022,2,3,13,18,臺中市,西屯區,0,1,0,6,1,5,70,4,1,1,4,4,5,7,2,1,2,3,4,2,16,26,3,10,1,1,B03,7,6,1,8,2,5,,26,26,1,22,8,B03,120.624532,24.178739,2
2022,2,3,13,36,臺中市,豐原區,0,0,0,6,,,50,,,,,,,,,,,,,,,42,,,,,B03,,,1,,9,,,42,42,1,22,,B03,120.744872,24.233766,3
2022,2,3,13,42,臺中市,潭子區,0,0,0,6,,,50,,,,,,,,,,,,,,,19,,,,,B03,,,1,,2,,,19,19,1,22,,B03,120.706141,24.203545,3
2022,2,3,13,45,臺中市,豐原區,0,1,0,6,1,5,60,4,1,1,4,4,5,7,1,1,3,5,5,2,16,9,3,10,1,1,B03,7,6,1,7,2,2,,9,9,1,22,9,B03,120.717355,24.263825,2
2022,2,3,13,46,臺中市,豐原區,0,1,0,8,1,5,50,14,9,1,5,4,5,7,4,4,5,4,4,1,16,23,2,9,1,1,C03,7,9,2,18,2,11,,23,23,1,22,8,C03,120.708151,24.242577,2
2022,2,3,14,5,臺中市,西區,0,0,0,6,1,5,50,14,7,1,5,4,5,7,1,1,5,2,4,2,13,23,,,,,B03,,,1,,2,,,23,23,1,4,,B03,120.672683,24.135895,3
2022,2,3,14,12,臺中市,西屯區,0,1,0,6,1,5,50,3,1,1,4,4,5,7,1,1,4,3,4,2,16,23,3,10,1,1,C03,7,9,1,10,2,11,,23,23,1,22,8,C03,120.643335,24.178638,2
2022,2,3,14,16,臺中市,西屯區,0,0,0,6,,,40,,,,,,,,,,,,,,,23,,,,,B03,,,1,,1,,,23,23,1,22,,B03,120.634353,24.175776,3
2022,2,3,14,21,臺中市,龍井區,0,0,0,8,,,70,,,,,,,,,,,,,,,23,,,,,B03,,,1,,11,,,23,23,1,21,,B03,120.583995,24.18254,3
2022,2,3,14,26,臺中市,后里區,0,0,0,6,,,50,,,,,,,,,,,,,,,10,,,,,B03,,,1,,2,,,10,10,1,4,,B03,120.701889,24.324239,3
2022,2,3,14,36,臺中市,中區,0,0,0,6,1,5,50,14,9,1,5,4,5,7,4,4,5,5,5,2,13,16,,,,,B02,,,1,,1,,,16,16,1,21,,B02,120.68111,24.144964,3
2022,2,3,14,45,臺中市,大里區,0,1,0,6,1,5,50,3,2,1,4,4,5,7,4,4,8,5,5,2,16,7,2,9,3,4,C03,7,10,1,10,2,11,,7,7,1,22,9,C03,120.68748,24.094935,2
2022,2,3,14,45,臺中市,神岡區,0,0,0,8,,,30,,,,,,,,,,,,,,,5,,,,,B03,,,1,,2,,,5,5,1,22,,B03,120.68891,24.262288,3
2022,2,3,14,46,臺中市,北屯區,0,0,0,6,,,50,,,,,,,,,,,,,,,42,,,,,B03,,,1,,1,,,42,42,1,21,,B03,120.705978,24.16948,3
2022,2,3,14,56,臺中市,大肚區,0,0,0,8,,,30,,,,,,,,,,,,,,,12,,,,,B03,,,1,,9,,,12,12,1,22,,B03,120.5489,24.151705,3
2022,2,3,15,1,臺中市,烏日區,0,1,0,7,1,5,50,4,2,1,4,4,5,7,1,1,5,5,4,1,17,23,2,7,1,1,C03,7,9,1,10,2,14,,23,23,1,22,8,C03,120.625743,24.110434,2
2022,2,3,15,7,臺中市,梧棲區,0,0,0,6,,,60,,,,,,,,,,,,,,,25,,,,,B03,,,1,,2,,,25,25,1,21,,B03,120.530858,24.237083,3
2022,2,3,15,25,臺中市,神岡區,0,1,0,6,1,5,60,14,9,1,4,4,5,7,4,4,1,4,5,1,13,42,3,10,1,1,B03,7,15,1,8,2,3,,42,42,1,21,8,B03,120.679723,24.243956,2
2022,2,3,15,30,臺中市,北區,0,0,0,6,,,50,,,,,,,,,,,,,,,23,,,,,B03,,,1,,1,,,23,23,1,22,,B03,120.685591,24.15263,3
2022,2,3,15,38,臺中市,西區,0,2,0,6,1,5,50,14,9,1,4,4,5,7,4,4,5,4,5,2,16,26,2,9,1,1,F01,7,5,8,20,2,16,,26,26,1,5,5,F01,120.676612,24.139596,2
2022,2,3,15,40,臺中市,大肚區,0,0,0,6,,,50,,,,,,,,,,,,,,,23,,,,,B03,,,1,,2,,,23,23,1,22,,B03,120.543444,24.150111,3
2022,2,3,15,53,臺中市,西屯區,0,0,0,8,,,50,,,,,,,,,,,,,,,23,,,,,B03,,,1,,1,,,23,23,1,22,,B03,120.638383,24.169343,3
2022,2,3,15,55,臺中市,西區,0,2,0,6,1,5,40,3,1,1,4,4,5,7,4,4,10,5,5,2,16,26,2,7,3,4,C03,7,15,2,18,2,12,,26,26,1,21,8,C03,120.668831,24.13927,2
2022,2,3,15,55,臺中市,西屯區,0,0,0,8,,,70,,,,,,,,,,,,,,,16,,,,,B03,,,1,,1,,,16,16,1,22,,B03,120.60768,24.18412,3
2022,2,3,16,5,臺中市,石岡區,0,0,0,6,1,5,70,3,1,1,4,4,5,7,1,1,10,5,5,2,13,23,3,10,1,1,B03,7,9,1,8,4,1,,23,23,1,5,8,B03,120.784721,24.274524,3
2022,2,3,16,12,臺中市,豐原區,0,1,0,6,1,5,30,4,1,1,4,4,5,3,4,4,10,5,5,1,15,6,2,9,1,1,C03,7,9,1,10,2,11,,6,6,1,22,8,C03,120.714914,24.271814,2
2022,2,3,16,23,臺中市,北屯區,0,1,0,6,1,5,50,4,1,1,4,4,5,7,1,1,10,5,5,2,15,25,3,10,1,1,B03,7,9,1,6,2,5,,25,25,1,4,8,B03,120.673546,24.200746,2
2022,2,3,16,24,臺中市,豐原區,0,0,0,6,,,50,,,,,,,,,,,,,,,6,,,,,B03,,,1,,2,,,6,6,1,20,,B03,120.757827,24.275863,3
2022,2,3,16,27,臺中市,后里區,0,1,0,6,1,5,50,14,9,1,4,4,5,7,4,4,5,5,5,1,19,23,2,9,3,4,C03,7,9,3,18,8,11,,23,23,1,20,8,C03,120.739849,24.329975,2
2022,2,3,16,28,臺中市,北屯區,0,0,0,8,,,50,,,,,,,,,,,,,,,42,,,,,B03,,,1,,1,,,42,42,1,21,,B03,120.684916,24.172054,3
2022,2,3,16,40,臺中市,南屯區,0,0,0,,,,40,,,,,,,,,,,,,,,17,,,,,B03,,,1,,11,,,17,17,1,22,,B03,120.623055,24.146346,3
2022,2,3,16,48,臺中市,大甲區,0,0,0,,,,60,,,,,,,,,,,,,,,67,,,,,B03,,,1,,1,,,67,67,1,22,,B03,120.619422,24.340819,3
2022,2,3,16,56,臺中市,東勢區,0,1,0,6,1,5,50,14,9,1,4,4,5,7,4,4,9,5,5,1,17,42,2,9,1,1,C03,7,9,1,10,2,14,,42,42,1,5,8,C03,120.786535,24.311638,2
2022,2,3,17,15,臺中市,大雅區,0,0,0,6,,,30,,,,,,,,,,,,,,,6,,,,,B03,,,1,,2,,,6,6,1,22,,B03,120.67161,24.222263,3
2022,2,3,17,18,臺中市,烏日區,0,2,0,6,1,5,50,3,1,1,4,4,5,7,4,4,10,5,5,2,17,6,2,9,1,1,C03,7,5,1,10,2,14,,6,6,1,21,8,C03,120.647055,24.095219,2
2022,2,3,17,21,臺中市,龍井區,0,5,0,6,1,5,60,14,7,1,4,4,5,7,4,4,1,4,4,1,13,23,2,9,1,1,B03,7,9,1,8,2,1,,23,23,1,21,8,B03,120.579773,24.176445,2
2022,2,3,17,21,臺中市,豐原區,0,0,0,6,,,30,,,,,,,,,,,,,,,12,,,,,B03,,,1,,2,,,12,12,1,21,,B03,120.707506,24.249651,3
2022,2,3,17,27,臺中市,北屯區,0,1,0,6,1,5,50,3,1,1,4,4,5,7,1,1,4,1,5,2,11,25,3,10,1,1,B03,7,5,1,8,2,8,,25,25,1,22,8,B03,120.689327,24.201289,2
2022,2,3,17,31,臺中市,北區,0,0,0,6,,,50,,,,,,,,,,,,,,,7,,,,,B03,,,1,,2,,,7,7,1,22,,B03,120.684961,24.163911,3
2022,2,3,17,36,臺中市,大甲區,0,0,0,8,,,50,,,,,,,,,,,,,,,23,,,,,C03,,,1,,1,,,23,23,1,5,,C03,120.62787,24.34664,3
2022,2,3,17,37,臺中市,太平區,0,0,0,6,,,50,,,,,,,,,,,,,,,9,,,,,C03,,,1,,2,,,23,23,1,4,,C03,120.713293,24.149493,3
2022,2,3,17,41,臺中市,神岡區,0,0,0,6,,,30,,,,,,,,,,,,,,,42,,,,,A11,,,1,,11,,,42,42,1,22,,A11,120.697221,24.256754,3
2022,2,3,17,53,臺中市,西區,0,2,0,6,3,5,50,5,1,1,4,4,5,7,4,4,10,5,5,2,16,23,3,10,1,1,B03,7,5,1,8,2,8,,23,23,1,5,5,B03,120.666519,24.137952,2
2022,2,3,18,18,臺中市,東區,0,0,0,6,,,40,,,,,,,,,,,,,,,12,,,,,B03,,,1,8,2,,,12,12,1,5,,B03,120.70353,24.138991,3
2022,2,3,18,25,臺中市,南屯區,0,0,0,6,,,50,,,,,,,,,,,,,,,26,,,,,B01,,,1,,1,,,26,26,1,22,,B01,120.603611,24.171666,3
2022,2,3,18,30,臺中市,新社區,0,0,0,,,,30,,,,,,,,,,,,,,,23,,,,,B03,,,1,,2,,,23,23,1,20,,B03,120.790891,24.218436,3
2022,2,3,18,30,臺中市,東勢區,0,0,0,6,,,40,,,,,,,,,,,,,,,12,,,,,B03,,,1,,2,,,12,12,1,5,,B03,120.831193,24.249033,3
2022,2,3,18,35,臺中市,北屯區,0,0,0,6,,,50,,,,,,,,,,,,,,,26,,,,,B03,,,1,,1,,,26,26,1,4,,B03,120.740613,24.180471,3
2022,2,3,18,36,臺中市,后里區,0,1,0,6,3,5,60,4,1,1,4,4,5,7,1,1,10,5,5,2,16,8,3,10,1,1,B03,7,9,1,8,2,1,,25,8,1,8,1,B03,120.729633,24.331971,2
2022,2,3,18,46,臺中市,北屯區,0,0,0,8,,,30,,,,,,,,,,,,,,,23,,,,,B03,,,1,,2,,,23,23,1,21,,B03,120.693411,24.175657,3
2022,2,3,18,46,臺中市,后里區,0,0,0,6,,,50,,,,,,,,,,,,,,,23,,,,,B03,,,1,,1,,,23,23,1,22,,B03,120.705316,24.311855,3
2022,2,3,18,49,臺中市,西屯區,0,0,0,6,,,30,,,,,,,,,,,,,,,12,,,,,B03,,,1,,2,,,12,12,1,22,,B03,120.614488,24.176565,3
2022,2,3,18,55,臺中市,豐原區,0,0,0,6,,,30,,,,,,,,,,,,,,,17,,,,,B03,,,1,,2,,,17,17,1,22,,B03,120.730086,24.236928,3
2022,2,3,19,1,臺中市,神岡區,0,1,0,6,4,5,40,14,8,1,4,4,5,7,4,4,9,5,4,2,17,23,2,9,3,4,C03,7,9,2,18,2,11,,23,23,1,22,9,C03,120.666127,24.257942,2
2022,2,3,19,9,臺中市,豐原區,0,0,0,,,,30,,,,,,,,,,,,,,,12,,,,,B03,,,1,,2,,,12,12,1,22,,B03,120.728286,24.221905,3
2022,2,3,19,15,臺中市,潭子區,0,0,0,8,1,5,50,14,7,1,5,4,5,7,4,4,1,3,4,1,17,23,3,10,1,1,B03,7,9,1,8,2,1,,23,23,1,22,8,B03,120.681256,24.215668,3
2022,2,3,19,38,臺中市,大雅區,0,1,0,8,3,5,50,14,9,1,4,4,5,7,4,4,8,4,5,1,16,42,2,9,1,1,C03,7,9,3,18,2,11,,42,42,1,22,9,C03,120.648851,24.240806,2
2022,2,3,19,53,臺中市,西區,0,1,0,7,3,5,30,4,2,1,4,4,5,7,4,4,10,5,5,2,17,42,2,9,3,4,C03,7,9,1,10,2,12,,42,42,1,21,8,C03,120.670025,24.142274,2
2022,2,3,20,8,臺中市,大雅區,0,0,0,8,,,30,,,,,,,,,,,,,,,5,,,,,B03,,,1,,2,,,5,5,1,22,,B03,120.598233,24.218202,3
2022,2,3,20,25,臺中市,南屯區,0,0,0,8,,,30,,,,,,,,,,,,,,,12,,,,,A12,,,1,,2,,,12,12,1,22,,A12,120.650555,24.153333,3
2022,2,3,20,26,臺中市,北屯區,0,1,0,7,3,5,50,14,9,1,5,4,5,7,4,4,3,4,5,2,13,23,2,9,1,1,C03,7,9,1,10,2,11,,23,23,1,22,8,C03,120.696141,24.168248,2
2022,2,3,20,33,臺中市,北屯區,0,0,0,,,,50,,,,,,,,,,,,,,,12,,,,,B03,,,1,,2,,,12,12,1,22,,B03,120.719203,24.174227,3
2022,2,3,20,43,臺中市,北屯區,0,0,0,8,,,80,,,,,,,,,,,,,,,7,,,,,B03,,,1,,2,,,7,7,1,22,,B03,120.686081,24.200973,3
2022,2,3,20,52,臺中市,神岡區,0,0,0,6,,,30,,,,,,,,,,,,,,,12,,,,,B03,,,1,,2,,,12,12,1,22,,B03,120.707819,24.26277,3
2022,2,3,21,9,臺中市,北屯區,0,1,0,8,3,5,50,4,1,1,5,4,5,7,4,4,10,5,5,2,15,6,2,9,1,1,C03,7,9,1,10,2,12,,6,6,1,4,8,C03,120.721755,24.17497,2
2022,2,3,21,15,臺中市,豐原區,0,1,0,7,3,5,50,4,1,1,4,4,5,6,4,4,10,5,5,2,15,6,3,10,1,1,B03,7,9,1,8,2,6,,6,6,1,22,8,B03,120.71569,24.249221,2
2022,2,3,22,0,臺中市,豐原區,0,1,0,7,3,5,50,4,1,1,5,4,5,7,1,1,1,5,5,2,13,23,3,10,3,4,B03,7,9,1,8,2,1,,23,23,1,7,8,B03,120.725791,24.245983,2
2022,2,3,22,12,臺中市,北區,0,0,0,,,,50,,,,,,,,,,,,,,,43,,,,,B03,,,1,,11,,,43,43,1,22,,B03,120.668095,24.162861,3
2022,2,3,22,14,臺中市,梧棲區,0,0,0,8,,,40,,,,,,,,,,,,,,,12,,,,,B03,,,1,,1,,,12,12,1,21,,B03,120.53728,24.242866,3
2022,2,3,22,38,臺中市,豐原區,0,0,0,,,,50,,,,,,,,,,,,,,,43,,,,,,,,,,,,,43,43,1,,,,120.719277,24.253436,3
2022,2,3,22,40,臺中市,石岡區,0,0,0,8,,,70,,,,,,,,,,,,,,,23,,,,,B03,,,1,,2,,,23,23,1,22,,B03,120.774005,24.274563,3
2022,2,3,22,53,臺中市,西屯區,0,0,0,8,,,50,,,,,,,,,,,,,,,16,,,,,B12,,,1,,1,,,16,16,1,22,,B12,120.654863,24.168508,3
2022,2,3,23,30,臺中市,北屯區,0,1,0,8,3,5,50,3,1,1,5,4,5,7,4,4,3,5,5,2,16,6,3,10,1,1,B03,7,6,1,8,2,6,,6,6,1,21,8,B03,120.682802,24.181731,2
2022,2,3,23,37,臺中市,南區,0,1,0,8,3,5,50,5,1,1,5,4,5,7,1,1,10,5,5,2,16,10,3,10,1,1,B03,7,11,1,8,2,8,,10,10,1,5,8,B03,120.666799,24.11689,2
2022,2,4,0,15,臺中市,北屯區,0,0,0,8,,,50,,,,,,,,,,,,,,,23,,,,,B03,,,1,,1,,,23,23,1,9,,B03,120.6654,24.2012,3
2022,2,4,1,31,臺中市,北區,0,2,0,8,3,5,50,4,1,1,5,4,5,7,1,1,10,5,5,2,17,25,2,9,3,4,B03,7,5,1,8,2,2,,25,25,1,22,8,B03,120.671268,24.173885,2
2022,2,4,1,43,臺中市,后里區,0,0,0,8,,,30,,,,,,,,,,,,,,,12,,,,,B12,,,1,,2,,,12,12,1,22,,B12,120.706773,24.307233,3
2022,2,4,2,2,臺中市,霧峰區,0,1,0,8,3,5,50,14,9,1,5,4,5,7,4,4,10,5,5,1,18,23,2,9,1,1,C03,7,9,1,10,8,15,,23,23,1,21,9,C03,120.668198,24.060538,2
2022,2,4,2,21,臺中市,豐原區,0,1,0,7,3,5,50,14,9,1,5,4,5,7,4,4,5,5,5,1,17,23,2,9,1,1,B03,7,9,6,18,5,1,,23,23,2,22,8,B03,120.759325,24.278327,2
2022,2,4,3,17,臺中市,北屯區,0,1,0,8,3,5,30,14,9,1,5,4,5,7,4,4,10,5,5,1,3,13,3,10,1,1,C03,7,9,4,8,2,11,,13,13,1,21,8,C03,120.704585,24.169213,2
2022,2,4,3,34,臺中市,南屯區,0,0,0,8,,,50,,,,,,,,,,,,,,,12,,,,,B03,,,3,,1,,,12,12,1,22,,B03,120.642418,24.145671,3
2022,2,4,3,55,臺中市,北區,0,0,0,8,,,50,,,,,,,,,,,,,,,23,,,,,C03,,,1,,2,,,23,23,1,22,,C03,120.688507,24.166683,3
2022,2,4,3,58,臺中市,西區,0,1,0,8,3,5,50,3,18,1,5,4,5,7,1,1,10,5,5,2,3,15,3,10,1,1,B01,7,5,1,2,2,8,,15,15,1,10,9,B01,120.658502,24.155427,2
2022,2,4,4,50,臺中市,南屯區,0,0,0,8,,,40,,,,,,,,,,,,,,,12,,,,,B03,,,8,,10,,,44,44,1,5,,B03,120.641874,24.145583,3
2022,2,4,4,57,臺中市,梧棲區,0,0,0,8,,,50,,,,,,,,,,,,,,,23,,,,,C03,,,1,,2,,,23,23,2,8,,C03,120.537141,24.242512,3
2022,2,4,5,30,臺中市,龍井區,0,0,0,8,,,70,,,,,,,,,,,,,,,26,,,,,B03,,,1,,2,,,26,26,1,21,,B03,120.505744,24.211637,3
2022,2,4,5,35,臺中市,豐原區,0,2,0,8,3,5,50,3,1,1,5,4,5,7,1,1,10,5,5,2,17,25,2,9,3,4,C03,7,5,1,10,2,11,,25,25,1,22,8,C03,120.701209,24.249299,2
2022,2,4,6,25,臺中市,西區,0,1,0,8,1,5,50,14,9,1,5,4,5,7,4,4,5,4,5,2,17,23,2,9,1,1,C03,7,9,1,10,2,11,,23,23,1,5,1,C03,120.674152,24.14779,2
2022,2,4,7,12,臺中市,梧棲區,0,0,0,8,,,30,,,,,,,,,,,,,,,12,,,,,B03,,,1,,2,,,12,12,1,20,,B03,120.52858,24.255792,3
2022,2,4,7,38,臺中市,梧棲區,0,1,0,8,1,5,60,3,1,1,5,4,5,7,4,4,1,4,5,1,13,16,2,9,1,1,C03,7,9,1,10,2,11,,16,16,1,5,1,C03,120.540455,24.260108,2
2022,2,4,7,45,臺中市,梧棲區,0,0,0,8,,,50,,,,,,,,,,,,,,,42,,,,,C03,,,1,,2,,,42,42,1,20,,C03,120.535831,24.243007,3
2022,2,4,8,27,臺中市,北區,0,2,0,8,1,5,50,4,1,1,5,4,5,7,1,1,10,5,5,2,16,8,2,9,1,1,C03,7,5,1,10,2,11,,8,8,1,22,8,C03,120.677303,24.151254,2
2022,2,4,8,36,臺中市,西區,0,0,0,8,,,60,,,,,,,,,,,,,,,26,,,,,B03,,,1,8,1,,,26,26,1,5,,B03,120.659868,24.156902,3
2022,2,4,8,36,臺中市,北屯區,0,1,0,8,1,5,50,4,1,1,5,4,5,7,2,1,10,5,5,2,12,26,3,10,1,1,C04,7,5,6,18,2,14,,26,26,1,19,8,C04,120.691161,24.162874,2
2022,2,4,8,47,臺中市,神岡區,0,0,0,8,,,30,,,,,,,,,,,,,,,23,,,,,B03,,,1,,2,,,23,23,1,22,,B03,120.694844,24.248883,3
2022,2,4,8,50,臺中市,神岡區,0,2,0,8,1,5,30,3,1,1,5,4,5,7,4,4,10,5,5,1,16,6,2,2,1,1,C03,7,5,1,10,2,12,,6,6,1,21,8,C03,120.678101,24.251853,2
2022,2,4,9,46,臺中市,豐原區,0,1,0,8,1,5,60,4,1,1,5,4,5,7,1,1,1,5,5,2,18,42,2,9,1,1,C03,7,9,1,10,2,14,,42,42,1,21,8,C03,120.735635,24.261493,2
2022,2,4,9,50,臺中市,西區,0,0,0,8,,,50,,,,,,,,,,,,,,,16,,,,,A04,,,1,,1,,,16,16,1,10,,A04,120.670648,24.144675,3
2022,2,4,9,56,臺中市,北區,0,1,0,8,1,5,50,3,1,1,5,4,5,7,4,4,3,2,3,1,17,9,3,10,3,4,B03,7,6,1,8,2,15,,9,9,1,22,9,B03,120.694352,24.152766,2
2022,2,4,10,0,臺中市,神岡區,0,1,0,8,1,5,30,14,9,1,5,4,5,7,4,4,5,5,5,1,12,26,3,10,3,4,B03,7,4,1,8,2,6,,26,26,1,22,9,B03,120.682852,24.243203,2
2022,2,4,10,2,臺中市,龍井區,0,2,0,8,1,5,50,3,2,1,5,4,5,7,4,4,5,5,5,2,17,11,2,9,3,4,F03,7,11,8,20,2,16,,11,11,1,22,9,F03,120.585058,24.181872,2
2022,2,4,10,15,臺中市,大甲區,0,0,0,8,,,50,,,,,,,,,,,,,,,23,,,,,B03,,,1,,1,,,23,23,1,22,,B03,120.638021,24.420425,3
2022,2,4,10,30,臺中市,大雅區,0,1,0,8,1,5,50,3,1,1,5,4,5,7,1,1,10,4,5,1,16,16,2,9,1,1,C03,7,9,1,10,2,14,,16,16,1,22,9,C03,120.638189,24.24656,2
2022,2,4,10,31,臺中市,太平區,0,2,0,8,1,5,50,14,9,1,5,4,5,7,1,1,5,5,5,2,13,23,2,8,1,1,C03,7,9,1,10,2,11,,23,23,1,18,1,C03,120.705487,24.148373,2
2022,2,4,10,36,臺中市,西區,0,2,0,8,1,5,40,14,8,1,5,4,5,7,4,4,5,5,4,2,17,19,2,9,1,1,F03,7,1,8,20,2,16,,19,19,1,4,8,F03,120.653341,24.153426,2
2022,2,4,10,40,臺中市,霧峰區,0,0,0,8,,,80,,,,,,,,,,,,,,,7,,,,,B03,,,1,,2,,,7,7,1,22,,B03,120.689719,24.062992,3
2022,2,4,10,40,臺中市,東勢區,0,1,0,8,1,5,50,3,9,1,5,4,5,7,4,4,4,3,5,1,16,6,3,10,1,1,B03,7,5,1,8,2,1,,6,6,1,22,9,B03,120.767056,24.284069,2
2022,2,4,10,49,臺中市,和平區,0,0,0,8,,,30,,,,,,,,,,,,,,,10,,,,,B03,,,1,,2,,,10,10,1,3,,B03,121.011457,24.202779,3
2022,2,4,10,59,臺中市,豐原區,0,0,0,8,,,50,,,,,,,,,,,,,,,12,,,,,B03,,,1,,2,,,12,12,1,22,,B03,120.698398,24.245318,3
2022,2,4,11,0,臺中市,沙鹿區,0,0,0,8,,,40,,,,,,,,,,,,,,,12,,,,,B12,,,1,,2,,,12,12,1,6,,B12,120.558847,24.235445,3
2022,2,4,11,0,臺中市,后里區,0,0,0,8,,,30,,,,,,,,,,,,,,,42,,,,,A12,,,1,,2,,,42,42,1,10,,A12,120.750263,24.311591,3
2022,2,4,11,1,臺中市,豐原區,0,0,0,8,,,50,,,,,,,,,,,,,,,23,,,,,B03,,,1,,2,,,23,23,1,22,,B03,120.714181,24.247979,3
2022,2,4,11,2,臺中市,西區,0,0,0,8,,,50,,,,,,,,,,,,,,,42,,,,,B12,,,1,,2,,,42,42,1,21,,B12,120.662743,24.161205,3
2022,2,4,11,5,臺中市,南屯區,0,0,0,8,,,30,,,,,,,,,,,,,,,17,,,,,B03,,,1,,2,,,17,17,1,22,,B03,120.646283,24.153631,3
2022,2,4,11,12,臺中市,太平區,0,0,0,8,,,50,,,,,,,,,,,,,,,16,,,,,B11,,,1,,2,,,16,16,1,4,,B11,120.727811,24.141403,3
2022,2,4,11,15,臺中市,沙鹿區,0,1,0,8,1,5,50,14,9,1,5,4,5,7,4,4,5,5,5,2,13,23,3,10,1,1,B03,7,9,1,8,9,1,,23,23,2,20,6,B03,120.560269,24.234551,2
2022,2,4,11,18,臺中市,豐原區,0,1,0,8,1,5,50,14,9,1,5,4,5,7,1,1,4,5,5,2,16,25,2,9,3,1,C03,7,6,1,10,2,14,,25,25,1,20,8,C03,120.720103,24.249161,2
2022,2,4,11,22,臺中市,后里區,0,1,0,8,1,5,30,11,9,1,5,4,5,7,4,4,10,5,5,2,18,22,2,9,3,4,F01,7,9,8,20,2,16,,22,22,1,20,5,F01,120.75795,24.323484,2
2022,2,4,11,23,臺中市,潭子區,0,0,0,8,,,30,,,,,,,,,,,,,,,6,,,,,B03,,,1,,2,,,6,6,1,22,,B03,120.682051,24.209568,3
2022,2,4,11,24,臺中市,清水區,0,2,0,8,1,5,50,3,2,1,5,4,5,7,4,4,1,3,4,2,16,6,3,10,1,1,B12,7,6,1,8,2,2,,6,6,1,21,8,B12,120.577036,24.275037,2
2022,2,4,11,29,臺中市,烏日區,0,0,0,8,,,80,,,,,,,,,,,,,,,7,,,,,B03,,,1,,11,,,7,7,1,21,,B03,120.611745,24.101498,3
2022,2,4,11,36,臺中市,后里區,0,0,0,8,1,5,30,14,9,1,5,4,5,7,4,4,5,5,5,2,11,42,,,,,B03,,,1,,2,,,42,42,1,22,,B03,120.707295,24.314234,3
2022,2,4,11,49,臺中市,大里區,0,0,0,,,,50,,,,,,,,,,,,,,,23,,,,,B03,,,1,,2,,,23,23,1,22,,B03,120.690108,24.10855,4
2022,2,4,11,50,臺中市,西區,0,0,0,8,,,50,,,,,,,,,,,,,,,6,,,,,B01,,,1,3,1,,,6,6,1,10,,B01,120.665669,24.129404,3
2022,2,4,11,50,臺中市,北屯區,0,1,0,8,1,5,80,10,9,1,5,4,5,7,4,4,1,4,5,1,16,7,3,10,1,1,B03,7,7,1,8,2,2,,7,7,1,21,8,B03,120.672565,24.200741,2
2022,2,4,11,52,臺中市,豐原區,0,0,0,8,,,50,,,,,,,,,,,,,,,16,,,,,B03,,,1,,2,,,16,16,1,22,,B03,120.747343,24.266278,3
2022,2,4,11,55,臺中市,西區,0,0,0,8,,,50,,,,,,,,,,,,,,,12,,,,,B03,,,1,,1,,,12,12,1,21,,B03,120.672327,24.150967,3
2022,2,4,11,57,臺中市,潭子區,0,1,0,8,1,5,50,14,7,1,5,4,5,7,4,4,1,4,4,1,13,23,3,10,1,1,A05,7,9,1,2,2,1,1,23,23,1,22,4,A05,120.686755,24.208897,2