年,月,日,時,分,縣市,區,死,受傷,2-30,天候,光線,道路類別,速限,道路型態,事故位置,路面鋪裝,路面狀態,路面缺陷,障礙物,視距,號誌種類,號誌動作,分向設施,快車道或一般車道間,快慢車道間,路面邊線,事故類型及型態,主要肇因,受傷程度,主要傷處,保護裝備,行動電話,當事者區分,車輛用途,當事者行動狀態,駕駛資格情形,駕駛執照種類,飲酒情形,車輛撞擊部位最初,車輛撞擊部位其他,肇事因素個別,肇事因素主要,肇事逃逸,職業,旅次目的,車種,GPS緯度,GPS經度,事故類別
2022,2,4,12,0,臺中市,西區,0,1,0,8,1,5,50,3,1,1,5,4,5,7,4,4,10,5,5,2,16,6,3,10,1,1,B03,7,11,1,8,2,8,,6,6,1,4,8,B03,120.665117,24.156691,2
2022,2,4,12,0,臺中市,梧棲區,0,0,0,8,,,40,,,,,,,,,,,,,,,16,,,,,B12,,,1,,2,,,16,16,1,21,,B12,120.527379,24.229012,3
2022,2,4,12,13,臺中市,大雅區,0,0,0,8,,,50,,,,,,,,,,,,,,,12,,,,,A11,,,1,,2,,,12,12,1,22,,A11,120.624554,24.235384,3
2022,2,4,12,16,臺中市,龍井區,0,1,0,8,1,5,50,3,2,1,5,4,5,7,1,1,5,5,5,1,29,23,2,9,3,4,C03,7,9,1,10,2,14,,23,23,1,22,9,C03,120.5876,24.191149,2
2022,2,4,12,17,臺中市,大雅區,0,0,0,8,,,50,,,,,,,,,,,,,,,6,,,,,B03,,,1,,2,,,6,6,1,22,,B03,120.641082,24.219279,3
2022,2,4,12,24,臺中市,豐原區,0,0,0,8,,,50,,,,,,,,,,,,,,,23,,,,,B03,,,1,,2,,,23,23,1,21,,B03,120.737668,24.261421,3
2022,2,4,12,24,臺中市,豐原區,0,3,0,8,1,8,30,4,1,1,5,4,5,7,4,4,5,4,4,2,15,6,2,9,1,1,C03,7,9,1,10,2,11,,6,6,1,22,8,C03,120.72115,24.252478,2
2022,2,4,12,25,臺中市,太平區,0,1,0,8,1,5,40,3,1,1,4,4,5,7,3,1,10,5,5,2,13,16,2,7,1,1,C03,7,9,1,9,2,11,,16,16,1,9,6,C03,120.780438,24.109108,2
2022,2,4,12,30,臺中市,豐原區,0,0,0,8,,,50,,,,,,,,,,,,,,,8,,,,,B03,,,1,,2,,,8,8,1,22,,B03,120.710665,24.239681,3
2022,2,4,12,38,臺中市,西屯區,0,0,0,8,,,50,,,,,,,,,,,,,,,7,,,,,B03,,,1,,1,,,7,7,1,4,,B03,120.63528,24.172608,3
2022,2,4,12,41,臺中市,大里區,0,1,0,8,1,5,50,3,2,1,5,4,5,7,4,4,5,4,4,1,16,6,3,10,3,4,B03,7,5,1,8,2,8,,6,6,1,22,8,B03,120.6902,24.109898,2
2022,2,4,12,47,臺中市,清水區,0,0,0,8,,,60,,,,,,,,,,,,,,,23,,,,,B03,,,1,,1,,,23,23,1,21,,B03,120.540187,24.289047,3
2022,2,4,12,51,臺中市,豐原區,0,0,0,8,,,50,,,,,,,,,,,,,,,7,,,,,B03,,,1,,2,,,7,7,1,22,,B03,120.723368,24.244635,3
2022,2,4,12,57,臺中市,西屯區,0,0,0,8,,,50,,,,,,,,,,,,,,,16,,,,,B03,,,1,,1,,,16,16,1,22,,B03,120.635981,24.171665,3
2022,2,4,13,6,臺中市,豐原區,0,1,0,8,1,5,60,14,7,1,5,4,5,7,4,4,1,4,4,2,13,23,3,10,3,4,B03,7,9,1,7,2,1,,23,23,1,21,8,B03,120.703258,24.244968,2
2022,2,4,13,23,臺中市,西區,0,0,0,8,,,50,,,,,,,,,,,,,,,6,,,,,B02,,,1,,2,,,6,6,1,21,,B02,120.665268,24.146718,3
2022,2,4,13,26,臺中市,南區,0,0,0,8,,,50,,,,,,,,,,,,,,,43,,,,,B01,,,1,4,2,,,43,43,1,5,,B01,120.64779,24.118788,3
2022,2,4,13,30,臺中市,大甲區,0,0,0,8,,,50,,,,,,,,,,,,,,,12,,,,,B03,,,1,,1,,,12,12,1,21,,B03,120.62681,24.34668,3
2022,2,4,13,34,臺中市,后里區,0,0,0,8,,,30,,,,,,,,,,,,,,,17,,,,,A05,,,1,,2,,,17,17,1,5,,A05,120.714664,24.332662,3
2022,2,4,13,39,臺中市,東勢區,0,0,0,8,,,60,,,,,,,,,,,,,,,23,,,,,B03,,,1,,2,,,23,23,1,22,,B03,120.834863,24.238435,3
2022,2,4,13,47,臺中市,西屯區,0,2,0,8,1,5,50,14,9,1,5,4,5,7,4,4,5,4,5,2,13,16,2,9,1,1,C03,7,9,1,10,2,11,,16,16,1,4,8,C03,120.61675,24.188673,2
2022,2,4,13,48,臺中市,北區,0,0,0,8,,,50,,,,,,,,,,,,,,,23,,,,,B03,,,1,,2,,,23,23,1,22,,B03,120.680995,24.154422,3
2022,2,4,13,48,臺中市,大肚區,0,0,0,8,,,30,,,,,,,,,,,,,,,12,,,,,B03,,,1,,2,,,12,12,1,22,,B03,120.574873,24.163158,3
2022,2,4,13,48,臺中市,大安區,0,0,0,,,,50,,,,,,,,,,,,,,,23,,,,,B12,,,1,,2,,,23,23,1,22,,B12,120.584297,24.350363,3
2022,2,4,14,8,臺中市,大雅區,0,1,0,7,1,5,30,3,1,1,5,4,5,7,4,4,10,5,5,2,16,6,3,10,1,1,B03,7,5,1,8,2,1,,6,6,1,22,9,B03,120.661973,24.238141,2
2022,2,4,14,14,臺中市,西屯區,0,1,0,8,1,5,50,14,9,1,5,4,5,7,4,4,1,4,5,1,13,16,2,3,1,4,B03,7,9,1,8,1,1,,16,16,1,4,8,B03,120.625745,24.178188,2
2022,2,4,14,17,臺中市,西屯區,0,0,0,8,,,40,,,,,,,,,,,,,,,12,,,,,C03,,,1,,1,,,12,12,1,22,,C03,120.66703,24.177869,3
2022,2,4,14,19,臺中市,南屯區,0,0,0,8,,,30,,,,,,,,,,,,,,,17,,,,,B12,,,1,,11,,,17,17,2,22,,B12,120.607875,24.132241,3
2022,2,4,14,19,臺中市,西屯區,0,0,0,8,,,50,,,,,,,,,,,,,,,12,,,,,B12,,,1,,1,,,12,12,1,22,,B12,120.65891,24.174614,3
2022,2,4,14,20,臺中市,清水區,0,0,0,,,,70,,,,,,,,,,,,,,,7,,,,,A41,,,1,,2,,,7,7,1,10,,A41,120.552289,24.293688,3
2022,2,4,14,31,臺中市,北屯區,0,1,0,8,1,5,30,4,1,1,5,4,5,7,4,4,4,5,5,2,15,6,3,10,1,1,B03,7,9,1,8,2,8,,6,6,1,22,8,B03,120.703131,24.180096,2
2022,2,4,14,33,臺中市,太平區,0,1,0,8,1,5,40,11,9,1,5,4,5,7,4,4,4,5,5,1,18,13,2,9,1,1,C02,7,9,1,9,2,14,,13,13,1,18,6,C02,120.80335,24.10183,2
2022,2,4,14,43,臺中市,北區,0,1,0,8,1,5,50,14,9,1,5,4,5,7,4,4,5,4,5,2,17,7,2,8,1,1,C03,7,7,1,10,2,12,,7,7,1,22,9,C03,120.685687,24.147435,2
2022,2,4,14,46,臺中市,西區,0,0,0,8,,,50,,,,,,,,,,,,,,,42,,,,,B03,,,1,,1,,,42,42,1,21,,B03,120.661638,24.140802,3
2022,2,4,14,51,臺中市,北屯區,0,1,0,8,1,5,30,12,9,1,5,4,5,7,4,4,10,5,5,1,11,5,2,9,1,1,C03,7,9,1,10,2,14,,5,5,1,22,8,C03,120.742635,24.189321,2
2022,2,4,14,56,臺中市,北屯區,0,0,0,8,,,50,,,,,,,,,,,,,,,7,,,,,B02,,,1,,1,,,7,7,1,21,,B02,120.746256,24.190421,3
2022,2,4,15,3,臺中市,太平區,0,0,0,8,,,50,,,,,,,,,,,,,,,19,,,,,B03,,,1,,2,,,19,19,1,5,,B03,120.71639,24.133721,3
2022,2,4,15,5,臺中市,潭子區,0,1,0,8,1,5,50,3,7,1,5,4,5,7,3,1,5,4,4,2,2,23,3,10,1,1,B03,7,9,1,8,2,5,5,23,23,1,22,8,B03,120.698952,24.19452,2
2022,2,4,15,18,臺中市,大雅區,0,0,0,8,,,30,,,,,,,,,,,,,,,17,,,,,B03,,,1,,2,,,17,17,1,22,,B03,120.63286,24.208909,3
2022,2,4,15,28,臺中市,潭子區,0,0,0,8,,,50,,,,,,,,,,,,,,,12,,,,,B03,,,1,,2,,,12,12,1,22,,B03,120.711321,24.229799,3
2022,2,4,15,30,臺中市,西屯區,0,0,0,8,,,40,,,,,,,,,,,,,,,23,,,,,B03,,,1,,11,,,23,23,1,22,,B03,120.629308,24.163572,3
2022,2,4,15,30,臺中市,烏日區,0,0,0,8,,,50,,,,,,,,,,,,,,,23,,,,,B03,,,1,,2,,,23,23,1,21,,B03,120.625741,24.110485,3
2022,2,4,15,38,臺中市,北屯區,0,0,0,8,,,50,,,,,,,,,,,,,,,43,,,,,B03,,,1,,2,,,43,43,2,5,,B03,120.686313,24.188151,3
2022,2,4,15,39,臺中市,沙鹿區,0,0,0,,,,50,,,,,,,,,,,,,,,42,,,,,B12,,,1,,2,,,42,42,1,4,,B12,120.568683,24.237727,3
2022,2,4,15,39,臺中市,清水區,0,1,0,8,1,5,30,3,2,1,5,4,5,7,4,4,10,5,5,2,14,12,3,10,1,1,B03,7,2,1,8,3,3,,12,12,1,21,8,B03,120.56179,24.27701,2
2022,2,4,15,44,臺中市,西區,0,0,0,8,1,5,50,14,9,1,5,4,5,7,4,4,3,4,5,2,17,23,,,,,B03,,,1,,,,,23,23,1,4,,B03,120.662373,24.140169,3
2022,2,4,15,49,臺中市,北屯區,0,1,0,8,1,5,50,14,9,1,5,4,5,7,4,4,5,5,5,2,13,23,2,9,1,1,C03,7,9,1,10,1,11,,23,23,1,22,8,C03,120.729465,24.171408,2
2022,2,4,15,51,臺中市,大雅區,0,0,0,8,,,50,,,,,,,,,,,,,,,23,,,,,B03,,,1,,2,,,23,23,1,22,,B03,120.648549,24.225372,3
2022,2,4,15,52,臺中市,西區,0,1,0,8,1,5,50,4,1,1,5,4,5,7,2,1,10,5,5,2,13,23,2,9,1,1,C03,7,9,1,10,2,11,,23,23,1,5,5,C03,120.661673,24.150865,2
2022,2,4,15,57,臺中市,西屯區,0,2,0,8,1,5,50,4,1,1,5,4,5,7,4,4,5,5,5,2,3,23,2,9,1,1,C03,7,9,1,10,2,11,,23,23,1,22,8,C03,120.645205,24.173095,2
2022,2,4,16,3,臺中市,北屯區,0,1,0,8,1,5,50,4,1,1,5,4,5,7,4,4,10,5,5,2,15,6,3,10,1,1,B03,7,9,1,8,2,5,,6,6,1,22,8,B03,120.680893,24.173866,2
2022,2,4,16,10,臺中市,神岡區,0,0,0,8,,,50,,,,,,,,,,,,,,,23,,,,,B03,,,1,,2,,,23,23,1,22,,B03,120.694608,24.24902,3
2022,2,4,16,15,臺中市,西區,0,0,0,8,,,1,,,,,,,,,,,,,,,19,,,,,B12,,,1,,1,,,19,19,1,21,,B12,120.670751,24.141745,3
2022,2,4,16,25,臺中市,北屯區,0,1,0,8,1,5,50,14,7,1,5,4,5,7,4,4,4,3,4,2,16,26,3,10,1,1,B03,7,11,1,8,2,4,,26,26,1,22,8,B03,120.663475,24.18503,2
2022,2,4,16,27,臺中市,沙鹿區,0,1,0,7,1,5,50,3,1,1,5,4,5,7,4,4,10,5,5,2,16,19,2,7,1,1,C03,7,1,2,18,2,11,,19,19,1,16,8,C03,120.564366,24.244551,2
2022,2,4,16,28,臺中市,梧棲區,0,0,0,8,,,80,,,,,,,,,,,,,,,16,,,,,B12,,,1,,2,,,16,16,1,21,,B12,120.536964,24.251636,3
2022,2,4,16,30,臺中市,西屯區,0,0,0,8,,,40,,,,,,,,,,,,,,,23,,,,,B03,,,1,,2,,,23,23,1,22,,B03,120.589016,24.175671,3
2022,2,4,16,30,臺中市,后里區,0,0,0,8,,,50,,,,,,,,,,,,,,,23,,,,,B02,,,1,,2,,,23,23,1,4,,B02,120.739308,24.329958,3
2022,2,4,16,31,臺中市,南屯區,0,0,0,8,,,50,,,,,,,,,,,,,,,12,,,,,B03,,,1,,2,,,12,12,1,22,,B03,120.620616,24.116489,3
2022,2,4,16,47,臺中市,豐原區,0,0,0,8,,,30,,,,,,,,,,,,,,,17,,,,,B03,,,1,,2,,,17,17,1,22,,B03,120.719405,24.263338,3
2022,2,4,16,57,臺中市,豐原區,0,0,0,8,,,50,,,,,,,,,,,,,,,23,,,,,B03,,,1,,2,,,23,23,1,22,,B03,120.724641,24.228275,3
2022,2,4,16,58,臺中市,后里區,0,3,0,8,1,5,40,4,1,1,5,4,5,7,4,4,10,5,5,2,16,8,2,1,1,1,C04,7,5,1,10,2,11,,8,8,1,22,8,C04,120.718915,24.309418,2
2022,2,4,17,0,臺中市,北屯區,0,1,0,8,1,5,50,3,1,1,5,4,5,7,4,4,10,5,5,2,11,26,2,9,1,1,C03,7,9,1,10,7,11,12,26,26,1,5,8,C03,120.718858,24.17935,2
2022,2,4,17,10,臺中市,大里區,0,1,0,8,1,5,40,4,1,1,5,4,5,7,1,1,10,4,4,1,17,13,2,9,1,1,C03,7,9,1,10,2,14,,13,13,1,4,8,C03,120.688102,24.083148,2
2022,2,4,17,10,臺中市,大里區,0,1,0,8,1,5,60,4,1,1,5,4,5,7,1,1,10,3,4,1,16,7,3,10,1,1,B03,7,7,1,8,11,4,,7,7,1,4,8,B03,120.688111,24.083142,2
2022,2,4,17,19,臺中市,西屯區,0,0,0,8,,,40,,,,,,,,,,,,,,,23,,,,,B03,,,1,,1,,,23,23,1,22,,B03,120.630766,24.166906,3
2022,2,4,17,22,臺中市,豐原區,0,0,0,,,,50,,,,,,,,,,,,,,,6,,,,,B03,,,1,,2,,,6,6,1,22,,B03,120.739524,24.25208,3
2022,2,4,17,33,臺中市,豐原區,0,0,0,8,,,50,,,,,,,,,,,,,,,23,,,,,B03,,,1,,2,,,23,23,1,21,,B03,120.740603,24.262966,3
2022,2,4,17,40,臺中市,太平區,0,0,0,8,,,40,,,,,,,,,,,,,,,43,,,,,B03,,,1,,2,,,43,43,1,9,,B03,120.745064,24.12982,3
2022,2,4,17,43,臺中市,北屯區,0,2,0,8,3,5,40,3,1,1,5,4,5,7,1,1,2,5,2,2,12,26,3,10,1,1,B03,7,6,1,8,2,2,,26,26,1,22,8,B03,120.719089,24.161993,2
2022,2,4,17,49,臺中市,大甲區,0,1,0,8,3,5,50,14,9,1,5,4,5,7,4,4,5,5,5,1,8,23,3,10,1,1,B03,7,9,1,8,9,5,,23,23,2,2,8,B03,120.621401,24.34655,2
2022,2,4,17,50,臺中市,霧峰區,0,2,0,8,1,5,30,11,9,1,5,4,5,7,4,4,10,5,5,1,11,23,2,9,1,1,C03,7,9,1,10,2,14,,23,23,1,4,8,C03,120.674759,24.052906,2
2022,2,4,18,1,臺中市,北屯區,0,1,0,8,3,5,50,4,1,1,5,4,5,7,2,1,10,5,5,2,16,6,3,10,1,1,B03,7,6,1,8,2,5,,6,6,1,22,8,B03,120.686305,24.179903,2
2022,2,4,18,9,臺中市,北屯區,0,0,0,,,,50,,,,,,,,,,,,,,,16,,,,,B03,,,1,,2,,,16,16,1,22,,B03,120.698333,24.172948,3
2022,2,4,18,11,臺中市,豐原區,0,0,0,,,,30,,,,,,,,,,,,,,,23,,,,,B03,,,1,,2,,,23,23,1,22,,B03,120.716749,24.253022,3
2022,2,4,18,12,臺中市,北屯區,0,0,0,8,,,50,,,,,,,,,,,,,,,12,,,,,B03,,,1,,2,,,12,12,1,5,,B03,120.685231,24.171736,3
2022,2,4,18,13,臺中市,龍井區,0,0,0,8,,,50,,,,,,,,,,,,,,,23,,,,,B02,,,1,,2,,,23,23,1,21,,B02,120.584165,24.182608,3
2022,2,4,18,17,臺中市,西屯區,0,0,0,8,,,50,,,,,,,,,,,,,,,23,,,,,B03,,,1,,1,,,23,23,1,22,,B03,120.613468,24.189971,3
2022,2,4,18,17,臺中市,梧棲區,0,2,0,8,3,5,40,4,1,1,5,4,5,7,1,1,10,5,5,2,16,6,3,10,1,1,B03,7,6,1,8,2,5,,6,6,1,18,8,B03,120.529708,24.25263,2
2022,2,4,18,23,臺中市,石岡區,0,0,0,8,,,70,,,,,,,,,,,,,,,7,,,,,B12,,,1,,2,,,7,7,1,21,,B12,120.816139,24.260248,3
2022,2,4,18,25,臺中市,北區,0,0,0,8,,,50,,,,,,,,,,,,,,,9,,,,,B03,,,1,,2,,,9,9,1,22,,B03,120.691843,24.157582,3
2022,2,4,18,27,臺中市,東區,0,2,0,8,3,5,50,4,1,1,5,4,5,7,4,4,10,5,5,2,16,6,3,10,1,1,B03,7,5,1,8,2,5,,6,6,1,22,8,B03,120.690822,24.132,2
2022,2,4,18,27,臺中市,東勢區,0,0,0,8,,,50,,,,,,,,,,,,,,,16,,,,,B03,,,1,,2,,,16,16,1,21,,B03,120.842651,24.168649,3
2022,2,4,18,45,臺中市,潭子區,0,1,0,8,3,5,60,3,1,1,5,4,5,7,1,1,1,2,4,1,16,9,3,10,1,1,B03,7,6,1,8,2,5,,9,9,1,22,9,B03,120.704429,24.204695,2
2022,2,4,18,45,臺中市,大雅區,0,0,0,8,3,5,50,4,1,1,5,4,5,7,1,1,10,5,5,2,16,6,3,10,1,1,B12,7,5,1,8,2,2,,6,6,1,22,9,B12,120.645354,24.225559,3
2022,2,4,19,6,臺中市,太平區,0,1,0,8,3,5,50,14,13,1,5,4,5,7,4,4,5,4,4,1,12,40,3,10,1,1,B02,7,13,1,8,2,4,,40,40,1,4,7,B02,120.720317,24.157908,2
2022,2,4,19,10,臺中市,北區,0,1,0,8,3,5,50,4,1,1,5,4,5,7,2,1,10,5,5,2,12,6,3,10,1,1,B03,7,6,1,8,2,2,,6,6,1,22,9,B03,120.686606,24.16517,2
2022,2,4,19,13,臺中市,西區,0,1,0,8,3,5,50,4,1,1,5,4,5,7,1,1,10,5,5,2,17,6,3,10,1,1,B03,7,5,1,8,1,1,,6,6,1,4,6,B03,120.657267,24.149861,2
2022,2,4,19,15,臺中市,梧棲區,0,0,0,8,,,50,,,,,,,,,,,,,,,6,,,,,F03,,,8,,2,,,6,6,1,9,,F03,120.541067,24.226371,3
2022,2,4,19,40,臺中市,西區,0,0,0,,,,60,,,,,,,,,,,,,,,26,,,,,B03,,,1,,2,,,26,26,1,5,,B03,120.659735,24.157049,3
2022,2,4,20,6,臺中市,大甲區,0,1,0,7,3,5,30,3,1,1,5,4,5,7,4,4,10,5,5,2,16,6,3,10,1,1,B12,7,5,1,8,2,8,,6,6,1,5,8,B12,120.62778,24.346703,2
2022,2,4,20,10,臺中市,太平區,0,4,0,8,3,5,50,4,1,1,5,4,5,7,2,1,10,5,5,2,16,8,2,9,1,1,C03,7,5,1,10,2,11,,8,8,1,4,5,C03,120.718115,24.116894,2
2022,2,4,20,15,臺中市,豐原區,0,2,0,8,3,5,50,4,1,1,5,4,5,7,1,1,10,5,5,2,17,23,2,9,3,4,C03,7,9,1,10,2,12,,23,23,1,22,8,C03,120.727213,24.252579,2
2022,2,4,20,17,臺中市,東區,0,0,0,,,,40,,,,,,,,,,,,,,,19,,,,,B03,,,1,,2,,,19,19,1,22,,B03,120.700377,24.13058,3
2022,2,4,20,20,臺中市,西屯區,0,0,0,8,,,0,,,,,,,,,,,,,,,12,,,,,B12,,,1,,1,,,12,12,1,22,,B12,120.621071,24.189553,3
2022,2,4,20,31,臺中市,西屯區,0,1,0,8,1,5,40,3,1,1,5,4,5,7,4,4,5,4,4,2,16,9,3,10,1,1,B03,7,6,1,8,2,2,,9,9,1,22,8,B03,120.638545,24.162913,2
2022,2,4,20,34,臺中市,烏日區,0,0,0,8,,,30,,,,,,,,,,,,,,,7,,,,,B02,,,1,,2,,,7,7,1,21,,B02,120.617883,24.111573,3
2022,2,4,20,36,臺中市,梧棲區,0,0,0,8,3,5,50,14,9,1,5,4,5,7,4,4,9,5,5,2,18,43,3,10,1,1,C03,7,1,1,18,7,14,,43,43,1,9,8,C03,120.538221,24.261284,3
2022,2,4,21,17,臺中市,西區,0,0,0,8,3,5,50,5,1,1,5,4,5,7,1,1,10,5,5,2,17,8,,,,,B03,,,1,,2,,,8,8,1,5,,B03,120.657498,24.145028,3
2022,2,4,21,18,臺中市,烏日區,0,1,0,8,3,5,30,4,1,1,5,4,5,7,2,1,10,5,5,2,16,6,3,10,1,1,B03,7,5,1,8,2,8,,6,6,1,21,8,B03,120.61673,24.113899,2
2022,2,4,21,20,臺中市,潭子區,0,0,0,8,3,5,50,14,13,1,5,4,5,7,4,4,9,5,5,2,12,17,,,,,B03,,,1,,2,,,17,17,1,22,,B03,120.67824,24.2153,3
2022,2,4,22,4,臺中市,南區,0,1,0,8,3,5,50,4,1,1,5,4,5,6,2,1,5,5,5,2,15,25,3,10,1,1,B03,7,9,1,8,2,2,,25,25,1,22,8,B03,120.65349,24.122735,2
2022,2,4,22,6,臺中市,北屯區,0,4,0,8,3,5,50,4,1,1,5,4,5,7,3,1,10,5,5,2,15,6,2,9,1,1,B01,7,9,1,2,2,1,,6,6,1,5,8,B01,120.680013,24.185355,2
2022,2,4,22,14,臺中市,西區,0,0,0,,,,40,,,,,,,,,,,,,,,26,,,,,B03,,,1,,2,,,26,26,1,5,,B03,120.665757,24.140083,3
2022,2,4,22,18,臺中市,西屯區,0,0,0,8,,,40,,,,,,,,,,,,,,,12,,,,,B03,,,7,,1,,,12,12,1,22,,B03,120.646732,24.176442,3
2022,2,4,22,28,臺中市,西屯區,0,1,0,8,3,5,50,3,9,1,5,4,5,7,3,1,2,4,5,2,13,16,2,8,3,4,C03,7,9,1,10,2,11,,16,16,1,22,8,C03,120.60382,24.185949,2
2022,2,4,22,43,臺中市,北區,0,0,0,8,,,50,,,,,,,,,,,,,,,12,,,,,B03,,,1,,2,,,12,12,1,22,,B03,120.677758,24.151272,3
2022,2,4,22,45,臺中市,神岡區,0,1,0,8,1,5,30,11,9,1,5,4,5,7,4,4,10,5,5,2,17,5,2,8,3,4,C03,7,9,1,10,2,14,,5,5,1,22,9,C03,120.689291,24.243614,2
2022,2,4,22,45,臺中市,豐原區,0,4,0,8,3,5,50,3,9,1,5,4,5,7,2,1,5,2,5,1,16,17,2,9,3,4,C03,7,9,1,10,2,15,,17,17,1,22,8,C03,120.72313,24.254499,2
2022,2,4,22,58,臺中市,西屯區,0,0,0,8,,,50,,,,,,,,,,,,,,,23,,,,,F01,,,8,,2,,,23,23,1,22,,F01,120.634338,24.164692,3
2022,2,4,23,3,臺中市,北區,0,1,0,8,3,5,50,14,9,1,5,4,5,7,4,4,1,4,5,2,13,16,2,9,1,1,C03,7,9,1,10,2,12,,16,16,1,22,8,C03,120.67823,24.1729,2
2022,2,4,23,6,臺中市,太平區,0,0,0,8,,,40,,,,,,,,,,,,,,,12,,,,,B03,,,1,,2,,,12,12,1,5,,B03,120.704759,24.162601,3
2022,2,4,23,36,臺中市,大雅區,0,2,0,8,3,5,30,4,1,1,5,4,5,7,3,1,5,5,5,1,15,6,2,9,1,1,B03,7,9,1,8,2,1,,6,6,1,22,8,B03,120.66108,24.217133,2
2022,2,4,23,40,臺中市,清水區,0,0,0,8,,,40,,,,,,,,,,,,,,,23,,,,,B03,,,1,,2,,,23,23,1,5,,B03,120.569568,24.273944,3
2022,2,4,23,49,臺中市,西區,0,1,0,8,3,5,50,14,9,1,5,4,5,7,4,4,9,4,5,2,17,19,3,10,1,1,C03,7,1,1,10,2,11,,19,19,1,5,7,C03,120.673236,24.141289,2
2022,2,5,0,46,臺中市,潭子區,0,0,0,8,3,5,50,4,1,1,5,4,5,7,3,1,5,2,5,1,15,6,,,,,B03,,,4,,2,,,6,6,1,22,,B03,120.703197,24.207223,3
2022,2,5,2,20,臺中市,北區,0,0,0,8,,,50,,,,,,,,,,,,,,,45,,,,,B03,,,1,,2,,,45,45,1,22,,B03,120.690916,24.157941,3
2022,2,5,2,35,臺中市,清水區,0,0,0,8,,,40,,,,,,,,,,,,,,,23,,,,,B03,,,1,,2,,,23,23,1,5,,B03,120.546423,24.274123,3
2022,2,5,3,17,臺中市,南屯區,0,0,0,8,,,50,,,,,,,,,,,,,,,23,,,,,B01,,,1,,2,,,23,23,1,22,,B01,120.641671,24.150679,3
2022,2,5,5,21,臺中市,太平區,0,1,0,8,3,5,30,14,9,1,5,4,5,7,4,4,10,5,5,2,17,23,2,9,1,1,C03,7,9,1,10,2,11,,23,23,1,5,8,C03,120.712731,24.124707,2
2022,2,5,6,42,臺中市,北屯區,0,0,0,8,,,50,,,,,,,,,,,,,,,23,,,,,B12,,,1,,9,,,23,23,1,21,,B12,120.690375,24.176341,3
2022,2,5,6,57,臺中市,梧棲區,0,0,0,8,,,40,,,,,,,,,,,,,,,12,,,,,B12,,,1,,2,,,12,12,1,3,,B12,120.529685,24.252808,3
2022,2,5,7,7,臺中市,北屯區,0,1,0,8,1,5,50,14,7,1,5,4,5,7,4,4,5,4,4,2,16,26,3,10,1,1,C03,7,9,1,10,2,11,,26,26,1,20,8,C03,120.692172,24.174991,2
2022,2,5,7,14,臺中市,北區,0,2,0,8,1,5,50,3,1,1,5,4,5,7,4,4,3,2,3,1,13,23,3,10,3,4,B03,7,9,1,8,4,1,,23,23,1,22,9,B03,120.68305,24.16304,2
2022,2,5,7,15,臺中市,北屯區,0,1,0,8,1,5,50,4,18,1,5,4,5,7,2,1,5,4,5,2,11,8,3,10,1,1,B03,7,5,6,18,2,8,,8,8,1,5,1,B03,120.701591,24.169849,2
2022,2,5,7,27,臺中市,北區,0,2,0,7,1,5,50,4,1,1,5,4,5,7,1,1,10,5,5,2,16,6,2,9,1,1,C03,7,6,2,18,2,12,,6,6,1,22,8,C03,120.68294,24.168464,2
2022,2,5,7,35,臺中市,南屯區,0,1,0,8,1,5,50,4,1,1,5,4,5,7,1,1,10,5,5,2,16,6,3,10,1,1,B03,7,6,1,8,2,2,,6,6,1,22,8,B03,120.637771,24.142417,2
2022,2,5,7,50,臺中市,潭子區,0,1,0,8,1,5,30,3,2,1,5,4,5,7,4,4,10,5,5,2,12,16,2,9,1,1,C03,7,9,1,10,2,11,14,16,16,1,22,9,C03,120.72229,24.191741,2
2022,2,5,8,1,臺中市,北屯區,0,0,0,8,,,50,,,,,,,,,,,,,,,26,,,,,B12,,,1,,2,,,26,26,1,22,,B12,120.737048,24.178323,3
2022,2,5,8,10,臺中市,北區,0,0,0,8,,,50,,,,,,,,,,,,,,,23,,,,,B03,,,1,,1,,,23,23,1,22,,B03,120.674692,24.162593,3
2022,2,5,8,14,臺中市,東勢區,0,0,0,8,,,50,,,,,,,,,,,,,,,23,,,,,B03,,,1,,9,,,23,23,2,22,,B03,120.794076,24.285565,3
2022,2,5,8,20,臺中市,大肚區,0,0,0,8,,,50,,,,,,,,,,,,,,,42,,,,,A41,,,1,,2,,,42,42,1,10,,A41,120.548705,24.142039,3
2022,2,5,8,50,臺中市,北區,0,1,0,8,1,5,30,3,2,1,5,4,5,7,4,4,7,5,5,1,17,22,2,9,3,4,C03,7,9,1,10,2,11,,22,22,1,22,9,C03,120.693546,24.155611,2
2022,2,5,9,12,臺中市,西屯區,0,0,0,8,,,50,,,,,,,,,,,,,,,43,,,,,B02,,,1,,1,,,43,43,1,22,,B02,120.660548,24.197827,3
2022,2,5,9,32,臺中市,沙鹿區,0,1,0,8,1,5,50,3,1,1,5,4,5,7,4,4,10,5,5,2,16,6,3,10,1,1,B03,7,5,1,8,2,8,,6,6,1,9,9,B03,120.568259,24.256277,2
2022,2,5,9,38,臺中市,西屯區,0,1,0,8,1,5,40,3,1,1,5,4,5,7,4,4,1,4,1,2,16,6,3,10,3,4,B03,7,6,1,8,2,5,,6,6,1,22,8,B03,120.6509,24.162262,2
2022,2,5,9,39,臺中市,神岡區,0,0,0,8,,,50,,,,,,,,,,,,,,,7,,,,,B03,,,1,,1,,,7,7,1,22,,B03,120.696095,24.248364,3
2022,2,5,9,46,臺中市,北區,0,1,0,8,1,5,50,4,1,1,5,4,5,7,4,4,10,5,5,2,15,6,2,8,1,1,C03,7,9,1,10,2,12,,6,6,1,22,8,C03,120.677704,24.158258,2