年,月,日,時,分,縣市,區,死,受傷,2-30,天候,光線,道路類別,速限,道路型態,事故位置,路面鋪裝,路面狀態,路面缺陷,障礙物,視距,號誌種類,號誌動作,分向設施,快車道或一般車道間,快慢車道間,路面邊線,事故類型及型態,主要肇因,受傷程度,主要傷處,保護裝備,行動電話,當事者區分,車輛用途,當事者行動狀態,駕駛資格情形,駕駛執照種類,飲酒情形,車輛撞擊部位最初,車輛撞擊部位其他,肇事因素個別,肇事因素主要,肇事逃逸,職業,旅次目的,車種,GPS緯度,GPS經度,事故類別
2022,2,5,9,50,臺中市,后里區,0,1,0,8,1,5,50,4,7,1,5,4,5,7,1,1,9,4,4,2,13,26,3,10,1,1,B03,7,5,1,8,2,7,,26,26,1,5,8,B03,120.711416,24.304515,2
2022,2,5,9,55,臺中市,西屯區,0,1,0,7,1,5,50,14,9,1,5,4,5,7,4,4,5,5,5,2,17,23,2,9,3,4,C03,7,9,3,18,1,11,,23,23,1,22,9,C03,120.643729,24.176565,2
2022,2,5,10,3,臺中市,豐原區,0,1,0,8,1,5,60,4,1,1,5,4,5,7,1,1,1,5,5,2,16,6,2,8,1,1,C03,7,5,1,10,2,11,,6,6,1,20,8,C03,120.703316,24.251675,2
2022,2,5,10,8,臺中市,北區,0,0,0,8,,,50,,,,,,,,,,,,,,,12,,,,,B03,,,1,,11,,,12,12,2,22,,B03,120.680846,24.158644,3
2022,2,5,10,15,臺中市,潭子區,0,0,0,8,1,5,0,14,13,1,5,4,5,7,4,4,1,4,4,2,17,43,,,,,,,,,,,,,43,43,1,,,,120.688937,24.218394,3
2022,2,5,10,30,臺中市,大里區,0,0,0,8,,,50,,,,,,,,,,,,,,,16,,,,,B12,,,1,,2,,,16,16,1,22,,B12,120.687446,24.097652,3
2022,2,5,10,30,臺中市,大甲區,0,1,0,8,1,5,50,14,9,1,5,4,5,7,4,4,5,4,5,1,13,23,2,8,1,1,C03,7,9,1,10,2,11,,23,23,1,20,8,C03,120.627577,24.350605,2
2022,2,5,10,35,臺中市,北屯區,0,2,0,8,1,5,40,14,16,1,5,4,5,7,4,4,10,5,5,1,29,16,2,9,1,1,B03,7,9,1,8,2,8,,16,16,1,20,8,B03,120.721603,24.18269,2
2022,2,5,10,54,臺中市,潭子區,0,0,0,8,,,30,,,,,,,,,,,,,,,12,,,,,B12,,,1,,2,,,12,12,1,22,,B12,120.725009,24.204088,3
2022,2,5,10,58,臺中市,新社區,0,1,0,8,1,5,30,4,9,1,5,4,5,7,4,4,10,5,5,1,16,6,3,10,1,1,B03,7,9,1,8,2,4,,6,6,1,22,9,B03,120.803558,24.201053,2
2022,2,5,11,2,臺中市,北區,0,1,0,8,1,5,50,3,1,1,5,4,5,7,4,4,10,5,5,2,16,6,3,10,1,1,B03,7,6,1,8,2,2,,6,6,1,22,8,B03,120.685887,24.155351,2
2022,2,5,11,6,臺中市,北區,0,0,0,8,,,50,,,,,,,,,,,,,,,26,,,,,B03,,,3,,2,,,26,26,1,22,,B03,120.675858,24.159215,3
2022,2,5,11,15,臺中市,北屯區,0,2,0,8,1,5,50,4,18,1,5,4,5,7,2,1,10,5,5,2,12,44,2,9,1,1,C03,7,4,1,10,2,12,,44,44,1,5,8,C03,120.683446,24.191552,2
2022,2,5,11,16,臺中市,太平區,0,1,0,8,1,5,50,14,9,1,5,4,5,7,4,4,5,4,5,1,17,23,2,9,1,1,C03,7,9,1,10,2,11,,23,23,1,21,8,C03,120.726092,24.141589,2
2022,2,5,11,26,臺中市,豐原區,0,1,0,8,1,5,50,4,1,1,5,4,5,7,1,1,5,5,5,1,16,9,3,10,1,1,B03,7,6,1,8,2,5,,9,9,1,22,8,B03,120.724391,24.229054,2
2022,2,5,11,27,臺中市,西屯區,0,0,0,8,,,40,,,,,,,,,,,,,,,12,,,,,B03,,,1,,2,,,12,12,1,22,,B03,120.648877,24.173083,3
2022,2,5,11,27,臺中市,豐原區,0,1,0,8,1,5,50,4,2,1,5,4,5,7,1,1,3,3,3,1,9,43,3,10,3,4,B03,7,6,1,8,2,15,,43,43,1,22,8,B03,120.711441,24.239344,2
2022,2,5,11,30,臺中市,大雅區,0,0,0,8,,,50,,,,,,,,,,,,,,,23,,,,,B03,,,1,,2,,,23,23,1,22,,B03,120.657329,24.220372,3
2022,2,5,11,30,臺中市,豐原區,0,1,0,8,1,5,50,4,1,1,5,4,5,7,1,1,5,5,5,2,16,25,3,10,3,4,B03,7,9,1,8,2,1,,25,25,1,20,8,B03,120.722336,24.256766,2
2022,2,5,11,32,臺中市,新社區,0,0,0,8,,,50,,,,,,,,,,,,,,,12,,,,,B03,,,1,,2,,,12,12,1,22,,B03,120.810701,24.24565,3
2022,2,5,11,45,臺中市,大雅區,0,1,0,8,1,5,30,4,1,1,5,4,5,7,3,1,10,5,5,1,16,6,2,7,1,1,C03,7,9,4,11,2,11,,6,6,1,22,9,C03,120.667242,24.239458,2
2022,2,5,11,46,臺中市,大里區,0,1,0,8,1,5,50,14,18,1,5,4,5,7,1,1,3,4,5,1,17,26,2,9,1,1,C03,7,15,1,10,2,14,,26,26,1,22,8,C03,120.679195,24.114755,2
2022,2,5,12,2,臺中市,梧棲區,0,1,0,2,1,5,50,3,2,1,5,4,5,7,4,4,5,5,5,2,16,6,3,10,1,1,B03,7,11,1,8,2,4,,6,6,1,9,8,B03,120.538962,24.26079,2
2022,2,5,12,4,臺中市,北屯區,0,0,0,8,,,50,,,,,,,,,,,,,,,23,,,,,B03,,,1,,2,,,23,23,1,22,,B03,120.702082,24.185664,3
2022,2,5,12,8,臺中市,清水區,0,0,0,8,,,50,,,,,,,,,,,,,,,17,,,,,B12,,,1,,2,,,17,17,1,21,,B12,120.576243,24.270583,3
2022,2,5,12,9,臺中市,西區,0,0,0,8,,,50,,,,,,,,,,,,,,,42,,,,,C03,,,1,10,1,,,42,42,1,5,,C03,120.665373,24.135254,3
2022,2,5,12,10,臺中市,大甲區,0,0,0,8,,,50,,,,,,,,,,,,,,,8,,,,,C03,,,1,,1,,,8,8,1,9,,C03,120.653978,24.39075,4
2022,2,5,12,11,臺中市,烏日區,0,1,0,8,1,5,70,3,1,1,5,4,5,7,1,1,10,5,5,2,16,9,3,10,1,1,B03,7,6,1,8,2,2,,9,9,1,22,8,B03,120.593861,24.112075,2
2022,2,5,12,21,臺中市,西屯區,0,0,0,8,,,50,,,,,,,,,,,,,,,23,,,,,B03,,,1,,1,,,23,23,1,22,,B03,120.615865,24.189159,3
2022,2,5,12,30,臺中市,梧棲區,0,1,0,8,1,5,50,3,1,1,5,4,5,7,4,4,10,4,5,2,16,6,3,10,1,1,B03,7,5,1,8,2,1,,6,6,1,9,8,B03,120.527753,24.258228,2
2022,2,5,12,32,臺中市,豐原區,0,0,0,8,,,50,,,,,,,,,,,,,,,17,,,,,B03,,,1,,2,,,17,17,1,22,,B03,120.742357,24.251787,3
2022,2,5,12,48,臺中市,太平區,0,0,0,8,,,50,,,,,,,,,,,,,,,17,,,,,C03,,,1,,2,,,17,17,1,22,,C03,120.725725,24.13718,3
2022,2,5,13,6,臺中市,中區,0,0,0,8,,,50,,,,,,,,,,,,,,,19,,,,,C03,,,1,,1,,,19,19,1,5,,C03,120.683207,24.13835,3
2022,2,5,13,7,臺中市,大甲區,0,0,0,,,,70,,,,,,,,,,,,,,,44,,,,,B12,,,1,,2,,,44,44,1,22,,B12,120.65201,24.383523,3
2022,2,5,13,10,臺中市,大里區,0,1,0,8,1,5,50,4,1,1,5,4,5,7,1,1,10,5,5,2,13,23,2,9,1,1,C03,7,9,2,18,2,11,,23,23,1,16,8,C03,120.69577,24.096518,2
2022,2,5,13,24,臺中市,豐原區,0,3,0,8,1,5,30,3,2,1,5,4,5,7,4,4,10,5,5,1,17,23,2,1,3,4,C03,7,9,1,10,2,11,,23,23,1,22,8,C03,120.722886,24.238194,2
2022,2,5,13,30,臺中市,大甲區,0,0,0,8,,,50,,,,,,,,,,,,,,,23,,,,,B03,,,1,,2,,,23,23,1,9,,B03,120.626631,24.346859,3
2022,2,5,13,32,臺中市,南屯區,0,1,0,8,1,5,50,14,9,1,5,4,5,7,4,4,1,4,5,2,12,23,2,9,1,1,C03,7,9,1,10,2,12,,23,23,1,22,8,C03,120.647759,24.139884,2
2022,2,5,13,37,臺中市,西區,0,0,0,8,,,50,,,,,,,,,,,,,,,42,,,,,A02,,,1,,1,,,42,42,1,10,,A02,120.673311,24.134001,3
2022,2,5,13,37,臺中市,后里區,0,0,0,8,1,5,50,14,8,1,5,4,5,7,4,4,5,5,4,2,17,26,3,10,1,1,B03,7,11,1,8,2,5,,26,26,1,21,8,B03,120.721539,24.312505,3
2022,2,5,13,38,臺中市,烏日區,0,0,0,8,,,50,,,,,,,,,,,,,,,42,,,,,B03,,,1,,2,,,42,42,1,21,,B03,120.618724,24.115942,3
2022,2,5,13,43,臺中市,太平區,0,0,0,8,,,50,,,,,,,,,,,,,,,23,,,,,B03,,,1,,2,,,23,23,1,5,,B03,120.713519,24.158843,3
2022,2,5,13,45,臺中市,北區,0,1,0,8,1,5,50,4,8,1,5,4,5,7,2,1,7,4,5,1,13,23,3,10,3,4,B03,7,5,1,8,2,15,,25,23,1,22,9,B03,120.668316,24.165144,2
2022,2,5,13,55,臺中市,西屯區,0,2,0,8,1,5,50,14,9,1,5,4,5,7,4,4,8,4,5,1,16,8,2,9,1,4,C03,7,5,1,10,2,12,,8,8,1,4,8,C03,120.646106,24.175528,2
2022,2,5,14,0,臺中市,后里區,0,1,0,8,1,5,30,14,9,1,5,4,5,7,4,4,10,5,5,2,13,23,2,9,1,1,F01,7,9,8,20,2,16,,23,23,1,22,8,F01,120.722113,24.350538,2
2022,2,5,14,9,臺中市,新社區,0,1,0,8,1,8,40,3,2,1,5,4,5,7,4,4,5,5,5,2,16,5,3,10,1,1,B03,7,9,1,8,2,8,,5,5,1,22,9,B03,120.811648,24.193058,2
2022,2,5,14,15,臺中市,太平區,0,1,0,8,1,5,50,4,4,1,5,4,5,7,1,1,9,4,5,1,11,19,3,10,1,1,C03,7,9,1,10,2,13,,23,19,1,21,8,C03,120.704192,24.155097,2
2022,2,5,14,22,臺中市,大甲區,0,1,0,8,1,5,50,4,2,1,5,4,5,7,1,1,5,5,5,1,16,26,3,10,1,1,B03,7,11,1,8,9,5,,26,26,2,9,8,B03,120.617242,24.346946,2
2022,2,5,14,24,臺中市,太平區,0,0,0,8,,,30,,,,,,,,,,,,,,,16,,,,,C03,,,1,,2,,,16,16,1,5,,C03,120.718046,24.125531,3
2022,2,5,14,25,臺中市,豐原區,0,1,0,8,1,5,40,4,1,1,5,4,5,7,1,1,4,5,5,1,16,6,3,10,3,4,B03,7,6,1,8,2,2,,6,6,1,8,8,B03,120.725266,24.234635,2
2022,2,5,14,36,臺中市,北屯區,0,0,0,8,,,50,,,,,,,,,,,,,,,23,,,,,B03,,,1,,2,,,23,23,1,21,,B03,120.693332,24.179654,3
2022,2,5,14,38,臺中市,豐原區,0,1,0,8,1,8,15,14,22,1,5,4,5,7,4,4,5,5,5,1,12,17,2,7,4,1,F02,7,9,8,20,2,16,,44,44,1,22,9,F02,120.760505,24.27751,2
2022,2,5,14,51,臺中市,西區,0,0,0,,,,50,,,,,,,,,,,,,,,50,,,,,B12,,,1,,2,,,50,50,1,5,,B12,120.657365,24.146713,3
2022,2,5,14,54,臺中市,大肚區,0,1,0,8,1,5,30,4,1,1,5,4,5,7,4,4,10,5,5,2,15,6,2,8,1,1,C03,7,9,1,10,2,11,,6,6,1,22,8,C03,120.554279,24.134668,2
2022,2,5,14,55,臺中市,豐原區,0,1,0,8,1,5,50,14,8,1,5,4,5,7,4,4,3,3,3,1,17,19,3,10,3,4,B03,7,1,1,8,2,4,,19,19,1,22,8,B03,120.701691,24.249261,2
2022,2,5,14,57,臺中市,神岡區,0,1,0,8,1,5,50,3,1,1,5,4,5,7,4,4,5,5,5,1,14,12,3,10,1,1,B03,7,2,1,8,2,6,,12,12,1,22,8,B03,120.669651,24.257812,2
2022,2,5,15,12,臺中市,潭子區,0,0,0,8,1,5,50,4,2,1,5,4,5,7,1,1,1,2,5,2,12,23,3,10,1,1,C03,7,9,1,10,2,11,14,23,23,1,22,9,C03,120.719642,24.229064,3
2022,2,5,15,12,臺中市,北屯區,0,0,0,8,,,40,,,,,,,,,,,,,,,23,,,,,B03,,,1,,2,,,23,23,1,5,,B03,120.685438,24.169908,3
2022,2,5,15,14,臺中市,南屯區,0,0,0,8,,,50,,,,,,,,,,,,,,,19,,,,,B02,,,1,,1,,,19,19,1,22,,B02,120.647754,24.151068,3
2022,2,5,15,15,臺中市,清水區,0,1,0,8,1,5,30,5,1,1,5,4,5,7,3,1,10,5,5,2,16,6,3,10,1,1,B03,7,5,1,8,2,8,,6,6,1,21,8,B03,120.577882,24.276632,2
2022,2,5,15,20,臺中市,東勢區,0,0,0,8,,,60,,,,,,,,,,,,,,,23,,,,,B03,,,1,,2,,,23,23,1,22,,B03,120.826386,24.253037,3
2022,2,5,15,25,臺中市,豐原區,0,0,0,8,,,50,,,,,,,,,,,,,,,7,,,,,A11,,,1,,2,,,7,7,1,22,,A11,120.700868,24.249244,3
2022,2,5,15,28,臺中市,沙鹿區,0,1,0,8,1,5,60,3,1,1,5,4,5,7,1,1,10,5,5,2,12,6,3,10,1,1,B03,7,6,1,6,2,2,,6,6,1,22,8,B03,120.578919,24.250052,2
2022,2,5,15,29,臺中市,豐原區,0,0,0,8,,,30,,,,,,,,,,,,,,,12,,,,,B03,,,1,,2,,,12,12,1,21,,B03,120.731126,24.238053,3
2022,2,5,15,30,臺中市,豐原區,0,0,0,8,1,6,30,13,2,1,5,4,3,7,4,4,10,5,5,2,14,12,3,10,4,1,B03,7,13,1,8,10,8,,67,12,1,21,9,B03,120.727116,24.244186,3
2022,2,5,15,32,臺中市,西區,0,1,0,8,1,5,40,14,8,1,5,4,5,7,4,4,1,4,4,2,17,23,2,9,3,4,C03,7,9,1,10,2,11,,23,12,1,21,8,C03,120.665129,24.140129,2
2022,2,5,15,35,臺中市,大雅區,0,1,0,8,1,5,50,4,1,1,5,4,5,7,3,1,10,5,5,2,12,6,3,10,1,1,B03,7,5,1,8,2,4,,6,6,1,22,9,B03,120.62906,24.20688,2
2022,2,5,15,38,臺中市,豐原區,0,0,0,,,,30,,,,,,,,,,,,,,,23,,,,,B03,,,1,,2,,,23,23,1,22,,B03,120.700698,24.239874,3
2022,2,5,15,42,臺中市,北屯區,0,0,0,8,,,50,,,,,,,,,,,,,,,26,,,,,C03,,,1,,1,,,26,26,1,22,,C03,120.698387,24.170477,3
2022,2,5,15,45,臺中市,西區,0,0,0,8,,,50,,,,,,,,,,,,,,,26,,,,,B03,,,1,,2,,,26,26,1,21,,B03,120.678734,24.134363,3
2022,2,5,15,47,臺中市,西屯區,0,0,0,8,,,50,,,,,,,,,,,,,,,16,,,,,B03,,,1,,1,,,16,16,1,22,,B03,120.641788,24.167072,3
2022,2,5,15,50,臺中市,東區,0,1,0,8,1,5,50,4,1,1,5,4,5,7,2,1,10,5,5,2,29,23,2,8,3,4,C03,7,9,1,10,2,11,,23,23,1,5,8,C03,120.6896,24.138795,2
2022,2,5,15,52,臺中市,南區,0,1,0,8,1,5,50,4,1,1,5,4,5,7,1,1,10,4,4,2,16,6,2,9,1,1,C03,7,5,1,10,2,12,,6,6,1,22,8,C03,120.670752,24.114803,2
2022,2,5,15,54,臺中市,大雅區,0,1,0,8,1,5,70,14,12,1,5,4,5,7,4,4,1,4,4,1,13,23,2,9,1,1,C03,7,9,1,10,2,11,,23,23,1,22,9,C03,120.626788,24.242433,2
2022,2,5,15,56,臺中市,西屯區,0,0,0,8,,,80,,,,,,,,,,,,,,,23,,,,,B03,,,1,,11,,,23,23,1,22,,B03,120.634772,24.178145,3
2022,2,5,15,58,臺中市,太平區,0,1,0,8,1,5,30,14,9,1,5,4,5,7,4,4,9,4,5,1,11,17,2,7,1,1,C03,7,4,1,10,2,15,,17,17,1,4,8,C03,120.808065,24.095749,2
2022,2,5,16,0,臺中市,后里區,0,0,0,8,1,5,50,14,9,1,5,4,5,7,4,4,1,4,5,1,17,23,3,10,1,1,B03,7,1,1,3,2,5,,23,23,1,21,8,B03,120.702211,24.32487,3
2022,2,5,16,0,臺中市,大安區,0,0,0,8,,,60,,,,,,,,,,,,,,,23,,,,,B03,,,1,,2,,,23,23,1,22,,B03,120.613964,24.371575,3
2022,2,5,16,7,臺中市,太平區,0,2,0,8,1,5,50,8,9,1,5,4,5,7,4,4,5,5,5,2,13,16,2,8,1,1,C03,7,9,1,10,2,11,,16,16,1,9,5,C03,120.725155,24.116868,2
2022,2,5,16,11,臺中市,西區,0,0,0,8,1,5,50,4,1,1,5,4,5,7,1,1,5,5,5,2,13,16,,,,,B03,,,1,,1,,,16,16,1,21,,B03,120.661613,24.146681,3
2022,2,5,16,15,臺中市,北區,0,0,0,8,,,40,,,,,,,,,,,,,,,23,,,,,A12,,,1,,2,,,23,23,1,10,,A12,120.672721,24.157027,3
2022,2,5,16,18,臺中市,大甲區,0,0,0,8,1,5,50,14,7,1,5,4,5,7,4,4,5,5,4,1,12,17,3,10,1,1,B03,7,9,1,8,2,2,6,17,17,1,9,8,B03,120.631475,24.355073,3
2022,2,5,16,22,臺中市,大雅區,0,1,0,8,1,8,30,4,1,1,5,4,5,7,4,4,10,5,5,2,15,6,3,10,1,1,B03,7,9,1,8,2,5,,6,6,1,22,9,B03,120.64543,24.22812,2
2022,2,5,16,31,臺中市,大肚區,0,0,0,8,,,40,,,,,,,,,,,,,,,7,,,,,B03,,,1,,2,,,7,7,1,21,,B03,120.58304,24.168505,3
2022,2,5,16,35,臺中市,西區,0,1,0,8,1,5,50,4,1,1,5,4,5,7,4,4,10,5,5,2,15,6,2,9,1,1,C03,7,9,1,10,2,12,,6,6,1,10,4,C03,120.674112,24.147123,2
2022,2,5,16,38,臺中市,北屯區,0,1,0,8,1,5,50,4,1,1,5,4,5,7,1,1,10,5,5,2,17,43,2,9,1,1,B03,7,9,1,8,2,1,,43,43,1,5,8,B03,120.713586,24.180135,2
2022,2,5,16,45,臺中市,北區,0,1,0,8,1,5,50,5,1,1,5,4,5,7,2,1,3,4,5,2,16,26,3,10,1,1,B03,7,6,1,8,2,5,,26,26,1,22,8,B03,120.686201,24.154551,2
2022,2,5,16,47,臺中市,北屯區,0,1,0,8,1,5,50,4,1,1,5,4,5,7,1,1,5,2,4,2,12,27,3,10,1,1,B03,7,6,1,8,2,5,,27,27,1,22,8,B03,120.728364,24.166684,2
2022,2,5,16,48,臺中市,大甲區,0,1,0,8,1,5,50,4,1,1,5,4,5,7,1,1,10,5,5,2,16,6,3,10,1,1,B12,7,5,1,8,2,2,,6,6,1,9,8,B12,120.633322,24.356133,2
2022,2,5,16,51,臺中市,東勢區,0,1,0,8,1,5,50,4,1,1,5,4,5,7,1,1,10,5,5,2,16,25,3,10,1,1,B03,7,6,1,8,2,8,,25,25,1,22,9,B03,120.829201,24.260405,2
2022,2,5,16,54,臺中市,潭子區,0,0,0,8,,,50,,,,,,,,,,,,,,,6,,,,,C03,,,1,,2,,,6,6,1,22,,C03,120.713137,24.219056,3
2022,2,5,16,54,臺中市,南屯區,0,1,0,8,1,5,50,4,1,1,5,4,5,7,2,1,10,5,5,2,12,6,3,10,1,1,B03,7,6,1,8,2,2,,6,6,1,22,8,B03,120.640585,24.151225,2
2022,2,5,16,56,臺中市,西區,0,0,0,,,,40,,,,,,,,,,,,,,,12,,,,,B03,,,1,,1,,,12,12,1,5,,B03,120.660187,24.140158,3
2022,2,5,17,0,臺中市,北區,0,1,0,8,1,5,50,3,1,1,5,4,5,7,2,1,10,5,5,2,17,42,3,10,1,1,C03,7,14,1,10,2,15,,42,42,1,22,9,C03,120.683809,24.146278,2
2022,2,5,17,12,臺中市,潭子區,0,0,0,8,1,5,50,3,1,1,5,4,5,7,4,4,9,5,5,2,15,19,3,10,1,1,B03,7,1,1,8,2,5,5,19,19,1,22,8,B03,120.696271,24.196889,3
2022,2,5,17,13,臺中市,龍井區,0,0,0,8,,,50,,,,,,,,,,,,,,,26,,,,,B03,,,1,,2,,,26,26,1,21,,B03,120.5235,24.20647,3
2022,2,5,17,17,臺中市,西區,0,0,0,8,,,40,,,,,,,,,,,,,,,12,,,,,B03,,,1,,1,,,12,12,1,21,,B03,120.657384,24.138016,3
2022,2,5,17,20,臺中市,北屯區,0,3,0,8,1,5,50,4,1,1,5,4,5,7,4,4,4,3,5,2,16,6,2,7,1,1,C03,7,9,1,10,2,11,,44,6,1,22,8,C03,120.719406,24.177854,2
2022,2,5,17,27,臺中市,北區,0,1,0,8,1,5,50,14,9,1,5,4,5,7,4,4,9,5,5,2,12,10,3,10,1,1,C03,7,11,1,10,2,11,,10,10,1,22,9,C03,120.687551,24.152192,2
2022,2,5,17,28,臺中市,梧棲區,0,1,0,8,1,5,50,3,2,1,5,4,5,7,4,4,8,3,4,1,16,6,3,10,1,1,B03,7,6,1,8,2,2,,6,6,1,21,8,B03,120.534295,24.259679,2
2022,2,5,17,29,臺中市,北屯區,0,0,0,8,,,50,,,,,,,,,,,,,,,43,,,,,B03,,,1,,1,,,43,43,1,5,,B03,120.69738,24.170544,3
2022,2,5,17,29,臺中市,沙鹿區,0,1,0,8,1,5,50,15,9,1,5,4,5,7,4,4,1,4,4,2,17,40,2,9,1,4,C03,7,9,1,10,2,12,,44,40,1,22,9,C03,120.558666,24.233218,2
2022,2,5,17,33,臺中市,太平區,0,1,0,8,1,5,50,14,9,1,5,4,5,7,4,4,10,5,5,2,13,16,2,9,1,1,C03,7,9,1,10,2,11,,16,16,1,6,5,C03,120.709012,24.127792,2
2022,2,5,17,34,臺中市,大雅區,0,0,0,8,,,50,,,,,,,,,,,,,,,23,,,,,B03,,,1,,2,,,23,23,1,22,,B03,120.64787,24.22043,3
2022,2,5,17,34,臺中市,豐原區,0,1,0,8,1,5,50,4,1,1,5,4,5,7,4,4,10,5,5,2,16,6,3,10,1,1,C03,7,5,3,18,2,11,,6,6,1,22,8,C03,120.719915,24.252733,2
2022,2,5,17,40,臺中市,南區,0,0,0,8,,,50,,,,,,,,,,,,,,,23,,,,,B03,,,1,,2,,,23,23,1,22,,B03,120.679294,24.123747,3
2022,2,5,17,43,臺中市,東區,0,0,0,8,,,30,,,,,,,,,,,,,,,67,,,,,,,,,,,,,67,67,1,,,,120.692755,24.14396,3
2022,2,5,18,4,臺中市,南屯區,0,0,0,8,3,5,50,4,1,1,5,4,5,7,1,1,1,4,4,2,16,7,,,,,B03,,,1,,1,,,7,7,1,22,,B03,120.62277,24.140474,3
2022,2,5,18,5,臺中市,沙鹿區,0,1,0,8,1,5,50,4,1,1,5,4,5,7,4,4,10,5,5,2,16,6,3,10,1,1,B03,7,5,1,4,2,8,,6,6,1,21,8,B03,120.571601,24.229677,2
2022,2,5,18,6,臺中市,外埔區,0,1,0,8,3,5,50,4,1,1,5,4,5,7,2,1,10,5,5,2,16,6,3,10,1,1,B03,7,5,1,8,2,2,,6,6,1,22,8,B03,120.652824,24.332274,2
2022,2,5,18,24,臺中市,沙鹿區,0,0,0,8,,,30,,,,,,,,,,,,,,,23,,,,,C03,,,1,,2,,,23,23,1,10,,C03,120.560492,24.237904,3
2022,2,5,18,25,臺中市,東區,0,0,0,8,,,50,,,,,,,,,,,,,,,12,,,,,B03,,,1,8,2,,,12,12,1,21,,B03,120.705295,24.140308,3
2022,2,5,18,34,臺中市,北屯區,0,0,0,8,,,50,,,,,,,,,,,,,,,43,,,,,B03,,,1,,2,,,43,43,1,22,,B03,120.721811,24.181854,3
2022,2,5,18,34,臺中市,西屯區,0,0,0,8,,,30,,,,,,,,,,,,,,,12,,,,,B03,,,1,,2,,,12,12,1,22,,B03,120.637666,24.171288,3
2022,2,5,18,35,臺中市,南屯區,0,1,0,8,3,5,50,4,1,1,5,4,5,7,1,1,10,5,5,2,16,6,3,10,3,4,B03,7,5,1,8,2,8,,6,6,1,22,8,B03,120.634221,24.158058,2
2022,2,5,18,48,臺中市,西屯區,0,0,0,8,,,30,,,,,,,,,,,,,,,12,,,,,B03,,,1,,1,,,12,12,1,22,,B03,120.644836,24.176808,3
2022,2,5,19,0,臺中市,北區,0,0,0,8,,,50,,,,,,,,,,,,,,,23,,,,,B02,,,1,,2,,,23,23,1,22,,B02,120.676867,24.162439,3
2022,2,5,19,3,臺中市,梧棲區,0,1,0,8,3,8,40,14,9,1,5,2,4,7,4,4,8,3,4,1,18,42,2,9,1,1,C03,7,9,1,10,2,12,,42,42,1,21,8,C03,120.547957,24.234419,2
2022,2,5,19,3,臺中市,豐原區,0,0,0,8,,,50,,,,,,,,,,,,,,,12,,,,,B03,,,1,,2,,,12,12,1,22,,B03,120.726019,24.251758,3
2022,2,5,19,13,臺中市,太平區,0,1,0,8,3,5,50,3,1,1,5,4,5,7,1,1,5,5,5,2,13,23,3,10,1,1,B03,7,9,1,8,2,5,,23,23,1,5,5,B03,120.718358,24.104045,2
2022,2,5,19,18,臺中市,北屯區,0,1,0,8,3,5,50,14,9,1,5,4,5,7,1,1,5,5,5,2,13,23,3,10,1,1,B03,7,9,1,8,2,1,,23,23,1,5,8,B03,120.730922,24.170752,2
2022,2,5,19,22,臺中市,西屯區,0,0,0,8,,,40,,,,,,,,,,,,,,,43,,,,,C03,,,1,,1,,,43,43,1,22,,C03,120.660251,24.164648,3
2022,2,5,19,25,臺中市,龍井區,0,1,0,8,3,5,50,14,9,1,5,4,5,7,4,4,9,4,5,1,13,23,2,9,1,1,C03,7,9,1,10,2,11,,23,23,1,21,8,C03,120.582399,24.177766,2
2022,2,5,19,32,臺中市,豐原區,0,1,0,8,3,5,50,4,1,1,5,4,5,6,1,1,10,5,5,2,17,23,2,1,1,1,C03,7,9,1,10,2,11,,23,23,1,22,8,C03,120.718203,24.241936,2
2022,2,5,19,35,臺中市,北區,0,0,0,8,,,50,,,,,,,,,,,,,,,19,,,,,B03,,,1,,1,,,19,19,1,22,,B03,120.687255,24.152191,3
2022,2,5,19,45,臺中市,清水區,0,0,0,,,,50,,,,,,,,,,,,,,,12,,,,,B03,,,1,,2,,,12,12,1,5,,B03,120.568294,24.27626,3
2022,2,5,19,47,臺中市,南屯區,0,0,0,8,,,50,,,,,,,,,,,,,,,17,,,,,B03,,,1,,1,,,17,17,1,22,,B03,120.622198,24.150181,3
2022,2,5,19,48,臺中市,太平區,0,1,0,8,3,5,50,14,9,1,5,4,5,7,4,4,9,4,5,1,18,42,2,9,1,1,C03,7,9,1,10,2,14,,42,42,1,5,8,C03,120.711225,24.15292,2
2022,2,5,19,50,臺中市,北屯區,0,0,0,8,,,60,,,,,,,,,,,,,,,23,,,,,B03,,,1,,1,,,23,23,1,5,,B03,120.720698,24.16277,3
2022,2,5,19,50,臺中市,大安區,0,1,0,8,3,5,60,5,1,1,5,4,5,7,1,1,1,4,5,1,16,25,2,9,1,1,B03,7,11,1,8,2,6,1,25,25,1,21,8,B03,120.593038,24.38222,2
2022,2,5,19,51,臺中市,后里區,0,0,0,8,2,5,50,4,1,1,5,4,5,7,1,1,1,3,4,1,15,42,,,,,C03,,,1,,2,,,42,42,1,22,,C03,120.722305,24.308898,3
2022,2,5,19,58,臺中市,北區,0,1,0,8,3,5,50,3,1,1,5,4,5,7,4,4,1,4,5,2,16,9,3,10,1,1,B03,7,6,1,8,2,5,,9,9,1,22,8,B03,120.677281,24.152458,2
2022,2,5,20,0,臺中市,大甲區,0,1,0,8,3,5,50,14,9,1,5,4,5,7,4,4,5,5,5,1,17,42,2,9,1,1,C03,7,4,1,10,2,14,,42,42,1,21,8,C03,120.62825,24.345084,2