年,月,日,時,分,縣市,區,死,受傷,2-30,天候,光線,道路類別,速限,道路型態,事故位置,路面鋪裝,路面狀態,路面缺陷,障礙物,視距,號誌種類,號誌動作,分向設施,快車道或一般車道間,快慢車道間,路面邊線,事故類型及型態,主要肇因,受傷程度,主要傷處,保護裝備,行動電話,當事者區分,車輛用途,當事者行動狀態,駕駛資格情形,駕駛執照種類,飲酒情形,車輛撞擊部位最初,車輛撞擊部位其他,肇事因素個別,肇事因素主要,肇事逃逸,職業,旅次目的,車種,GPS緯度,GPS經度,事故類別
2022,2,5,20,18,臺中市,北區,0,1,0,8,3,5,50,3,1,1,5,4,5,7,4,4,10,5,5,2,17,6,3,10,1,1,C03,7,5,1,10,2,15,,6,6,1,22,9,C03,120.677799,24.152249,2
2022,2,5,20,21,臺中市,東區,0,0,0,8,3,5,50,4,1,1,5,4,5,7,1,1,10,5,5,2,14,12,3,10,1,1,B11,7,2,1,8,2,3,,12,12,1,5,8,B11,120.708001,24.140834,3
2022,2,5,20,31,臺中市,南屯區,0,0,0,8,,,40,,,,,,,,,,,,,,,25,,,,,B03,,,1,,2,,,25,25,1,22,,B03,120.622643,24.150214,3
2022,2,5,20,33,臺中市,北屯區,0,1,0,8,3,5,50,4,1,1,5,4,5,7,1,1,5,5,4,2,16,6,3,10,1,1,B03,7,5,1,8,2,6,,6,6,1,22,8,B03,120.660546,24.188796,2
2022,2,5,20,33,臺中市,西屯區,0,0,0,8,,,40,,,,,,,,,,,,,,,42,,,,,B03,,,1,,2,,,42,42,1,22,,B03,120.613607,24.190883,3
2022,2,5,20,51,臺中市,大甲區,0,0,0,,,,40,,,,,,,,,,,,,,,18,,,,,B03,,,3,,1,,,18,18,1,22,,B03,120.620491,24.346803,3
2022,2,5,20,59,臺中市,西區,0,0,0,,,,50,,,,,,,,,,,,,,,7,,,,,B03,,,1,,1,,,7,7,1,21,,B03,120.666833,24.133067,3
2022,2,5,21,5,臺中市,東區,0,0,0,8,3,5,50,14,9,1,5,4,5,7,4,4,5,5,5,2,17,26,3,10,1,1,B03,7,1,1,8,2,5,,26,26,1,5,8,B03,120.685179,24.122256,3
2022,2,5,21,15,臺中市,北屯區,0,2,0,8,3,5,50,4,1,1,5,4,5,7,1,1,10,5,5,2,16,26,3,10,1,1,B03,7,6,1,8,2,2,,26,26,1,5,8,B03,120.671423,24.17393,2
2022,2,5,21,23,臺中市,神岡區,0,0,0,8,,,50,,,,,,,,,,,,,,,42,,,,,C03,,,1,,1,,,42,42,1,22,,C03,120.698701,24.248998,3
2022,2,5,22,2,臺中市,西屯區,0,1,0,8,3,5,30,4,1,1,5,4,5,7,4,4,10,5,5,2,15,6,2,9,3,4,C03,7,9,1,10,2,12,,6,6,1,22,8,C03,120.617143,24.189281,2
2022,2,5,22,11,臺中市,烏日區,0,1,0,8,3,5,50,4,1,1,5,4,5,7,4,4,10,5,5,2,16,8,2,9,2,1,F01,7,5,8,20,6,16,,8,8,1,21,8,F01,120.63428,24.108722,2
2022,2,5,22,27,臺中市,西屯區,0,0,0,8,,,50,,,,,,,,,,,,,,,16,,,,,C03,,,1,,2,,,16,16,1,22,,C03,120.643975,24.175956,3
2022,2,5,22,34,臺中市,大雅區,0,0,0,8,3,5,50,3,1,1,5,4,5,7,1,1,5,4,5,1,16,23,3,10,1,1,B03,7,6,1,8,8,8,,23,23,1,22,9,B03,120.648923,24.21804,3
2022,2,5,22,35,臺中市,西屯區,0,0,0,8,,,50,,,,,,,,,,,,,,,19,,,,,B01,,,1,,11,,,19,19,1,22,,B01,120.612601,24.191237,3
2022,2,5,22,40,臺中市,南屯區,0,0,0,8,,,50,,,,,,,,,,,,,,,23,,,,,B03,,,1,,2,,,23,23,1,22,,B03,120.648995,24.139462,3
2022,2,5,22,51,臺中市,西屯區,0,0,0,8,,,50,,,,,,,,,,,,,,,12,,,,,B03,,,1,,1,,,12,12,1,22,,B03,120.644345,24.183158,3
2022,2,5,23,2,臺中市,北屯區,0,0,0,8,3,5,50,14,9,1,5,4,5,7,1,1,4,3,5,2,13,23,3,10,1,1,B03,7,9,1,8,1,1,,23,23,1,21,8,B03,120.695421,24.164934,3
2022,2,5,23,26,臺中市,大里區,0,0,0,8,,,50,,,,,,,,,,,,,,,6,,,,,B03,,,1,,2,,,6,6,1,21,,B03,120.702342,24.097515,3
2022,2,5,23,36,臺中市,中區,0,1,0,8,3,5,50,4,18,1,5,4,5,7,2,1,10,5,5,2,3,15,3,10,1,1,B03,7,5,1,8,2,8,,15,15,1,22,8,B03,120.681015,24.143851,2
2022,2,6,2,8,臺中市,西屯區,0,0,0,8,,,50,,,,,,,,,,,,,,,26,,,,,B03,,,1,,1,,,26,26,1,22,,B03,120.640209,24.176532,3
2022,2,6,2,55,臺中市,西屯區,0,1,0,8,3,5,50,4,1,1,5,4,5,7,3,1,10,5,5,2,15,6,3,10,1,1,B01,7,9,1,4,2,2,,6,6,1,22,8,B01,120.645823,24.172192,2
2022,2,6,3,40,臺中市,北區,0,0,0,8,,,50,,,,,,,,,,,,,,,67,,,,,,,,,,,,,67,67,1,,,,120.681599,24.154997,3
2022,2,6,4,21,臺中市,北區,0,0,0,8,,,50,,,,,,,,,,,,,,,6,,,,,B03,,,1,,2,,,6,6,1,22,,B03,120.683046,24.146054,3
2022,2,6,6,46,臺中市,潭子區,0,0,0,8,,,60,,,,,,,,,,,,,,,16,,,,,B11,,,1,,2,,,16,16,1,22,,B11,120.705168,24.210061,3
2022,2,6,7,28,臺中市,西區,0,1,0,8,1,5,50,14,9,1,5,4,5,7,4,4,3,4,5,2,23,42,2,9,1,1,C03,7,9,1,10,2,14,,42,42,1,21,8,C03,120.673222,24.13227,2
2022,2,6,7,34,臺中市,大甲區,0,1,0,8,1,5,50,10,9,1,5,4,5,7,4,4,1,4,5,1,18,23,2,9,1,1,C03,7,9,6,18,2,12,,23,23,1,4,1,C03,120.601251,24.390909,2
2022,2,6,7,38,臺中市,大甲區,0,1,0,8,1,5,50,4,1,1,5,4,5,7,1,1,10,5,5,2,15,25,3,10,1,1,B12,7,9,1,8,2,4,,25,25,1,4,1,B12,120.617496,24.415211,2
2022,2,6,7,55,臺中市,烏日區,0,0,0,8,,,50,,,,,,,,,,,,,,,23,,,,,B03,,,1,,2,,,23,23,1,22,,B03,120.625898,24.110467,3
2022,2,6,8,1,臺中市,太平區,0,1,0,8,1,5,30,3,1,1,5,4,5,7,4,4,10,5,5,2,16,6,3,10,1,1,B12,7,5,3,18,2,1,,6,6,1,20,5,B12,120.783384,24.154127,2
2022,2,6,8,8,臺中市,神岡區,0,1,0,8,1,5,50,3,2,1,5,4,5,7,4,4,4,4,4,2,17,40,3,10,3,4,B03,7,13,1,7,2,4,,40,40,1,22,9,B03,120.682503,24.246796,2
2022,2,6,8,33,臺中市,潭子區,0,0,0,8,,,50,,,,,,,,,,,,,,,23,,,,,B03,,,1,,2,,,23,23,1,22,,B03,120.706031,24.200805,3
2022,2,6,9,6,臺中市,后里區,0,1,0,8,1,5,50,14,8,1,5,4,5,7,4,4,5,5,4,2,18,42,2,9,1,1,F01,7,9,8,20,2,16,,42,42,1,21,8,F01,120.732663,24.292505,2
2022,2,6,9,10,臺中市,沙鹿區,0,2,0,8,1,5,30,4,1,1,5,4,5,7,4,4,10,5,5,2,16,26,2,9,1,1,C03,7,5,1,10,2,11,,26,26,1,10,5,C03,120.571241,24.217441,2
2022,2,6,9,30,臺中市,北屯區,0,2,0,8,1,5,50,14,8,1,5,4,5,7,4,4,5,4,4,2,13,16,2,9,1,1,C03,7,9,1,10,11,11,,16,16,1,21,8,C03,120.676196,24.198238,2
2022,2,6,9,36,臺中市,烏日區,0,0,0,8,,,30,,,,,,,,,,,,,,,19,,,,,B03,,,1,,2,,,19,19,1,21,,B03,120.616216,24.112023,3
2022,2,6,9,42,臺中市,北屯區,0,0,0,8,,,50,,,,,,,,,,,,,,,23,,,,,B03,,,1,,2,,,38,23,1,22,,B03,120.680038,24.172756,3
2022,2,6,9,47,臺中市,西屯區,0,0,0,8,,,50,,,,,,,,,,,,,,,42,,,,,B03,,,1,,1,,,42,42,1,22,,B03,120.636146,24.171011,3
2022,2,6,9,53,臺中市,大雅區,0,1,0,8,1,5,50,4,1,1,5,4,5,7,1,1,10,5,5,2,16,25,3,10,1,1,B03,7,9,1,8,2,4,,25,25,1,22,9,B03,120.645905,24.225774,2
2022,2,6,9,55,臺中市,西區,0,1,0,8,1,5,50,4,1,1,5,4,5,7,4,4,10,5,5,2,15,6,2,8,1,1,C03,7,9,1,10,2,11,,6,6,1,5,8,C03,120.670311,24.135237,2
2022,2,6,9,59,臺中市,南屯區,0,2,0,8,1,5,50,4,1,1,5,4,5,7,4,4,10,5,5,2,16,8,2,9,2,1,F02,7,5,8,20,2,16,,8,8,1,19,7,F02,120.64396,24.13541,2
2022,2,6,10,0,臺中市,南區,0,0,0,8,,,40,,,,,,,,,,,,,,,12,,,,,B03,,,1,,2,,,12,12,1,22,,B03,120.656163,24.131057,3
2022,2,6,10,6,臺中市,西區,0,1,0,8,1,5,50,4,1,1,5,4,5,7,1,1,10,5,5,2,16,6,2,9,1,1,C03,7,9,1,10,2,14,,23,6,1,21,8,C03,120.670488,24.151252,2
2022,2,6,10,8,臺中市,潭子區,0,2,0,8,1,5,60,4,1,1,5,4,5,7,1,1,1,4,5,1,13,23,2,9,1,1,C03,7,9,1,10,2,11,,23,23,1,22,8,C03,120.70359,24.201162,2
2022,2,6,10,21,臺中市,大安區,0,1,0,8,1,5,50,14,9,1,5,4,5,7,4,4,10,5,5,2,16,19,3,10,1,1,B03,7,1,1,8,2,1,,19,19,1,4,1,B03,120.593653,24.357116,2
2022,2,6,10,30,臺中市,沙鹿區,0,1,0,8,1,5,60,5,1,1,5,4,5,7,2,1,10,5,5,2,16,2,3,10,1,1,B03,7,6,1,8,2,2,,2,2,1,3,5,B03,120.569509,24.237324,2
2022,2,6,10,44,臺中市,西屯區,0,1,0,8,1,5,50,14,9,1,5,4,5,7,4,4,5,4,5,2,16,26,3,10,3,4,B03,7,11,1,8,2,7,,26,26,1,22,8,B03,120.645109,24.180822,2
2022,2,6,10,45,臺中市,東區,0,1,0,8,1,5,50,4,1,1,5,4,5,7,4,4,10,5,5,2,15,6,2,9,1,1,C03,7,9,1,10,2,11,,6,6,1,22,8,C03,120.696485,24.149731,2
2022,2,6,10,51,臺中市,西屯區,0,1,0,8,1,5,50,14,9,1,5,4,5,7,4,4,5,4,5,2,17,23,2,9,3,4,C03,7,9,1,10,2,11,,23,23,1,22,9,C03,120.642515,24.197478,2
2022,2,6,10,55,臺中市,西屯區,0,0,0,8,,,50,,,,,,,,,,,,,,,7,,,,,B03,,,1,,1,,,7,7,1,4,,B03,120.646766,24.157796,3
2022,2,6,10,56,臺中市,東區,0,1,0,8,1,5,40,3,1,1,5,4,5,7,4,4,10,5,5,2,16,8,2,9,1,1,C03,7,5,1,10,2,13,,8,8,1,21,8,C03,120.690337,24.13035,2
2022,2,6,11,1,臺中市,北屯區,0,0,0,8,,,30,,,,,,,,,,,,,,,23,,,,,B03,,,1,,2,,,23,23,1,5,,B03,120.739868,24.177808,3
2022,2,6,11,5,臺中市,北屯區,0,0,0,8,,,50,,,,,,,,,,,,,,,23,,,,,B03,,,1,,9,,,23,23,1,5,,B03,120.685901,24.200755,3
2022,2,6,11,16,臺中市,北屯區,0,0,0,8,,,50,,,,,,,,,,,,,,,43,,,,,C03,,,1,,2,,,43,43,1,20,,C03,120.694013,24.183084,3
2022,2,6,11,22,臺中市,西區,0,3,0,8,1,5,50,4,1,1,5,4,5,7,1,1,10,5,5,2,16,9,2,9,1,1,C03,7,6,1,10,2,12,,9,9,1,22,8,C03,120.65746,24.152523,2
2022,2,6,11,28,臺中市,豐原區,0,2,0,8,1,5,50,14,8,1,5,4,5,7,4,4,5,5,4,2,3,23,2,9,4,5,H01,8,16,8,20,10,16,,51,23,1,22,8,H01,120.714891,24.249797,2
2022,2,6,11,30,臺中市,神岡區,0,0,0,8,,,50,,,,,,,,,,,,,,,6,,,,,B03,,,1,,1,,,6,6,1,12,,B03,120.661231,24.257717,3
2022,2,6,11,38,臺中市,豐原區,0,0,0,8,,,60,,,,,,,,,,,,,,,42,,,,,B03,,,1,,2,,,42,42,1,22,,B03,120.74926,24.26869,3
2022,2,6,11,40,臺中市,西區,0,0,0,8,,,50,,,,,,,,,,,,,,,16,,,,,B03,,,1,,2,,,16,16,1,21,,B03,120.660775,24.14661,3
2022,2,6,11,43,臺中市,東區,0,0,0,8,,,50,,,,,,,,,,,,,,,23,,,,,B03,,,1,,2,,,23,23,1,22,,B03,120.69713,24.1329,3
2022,2,6,11,43,臺中市,北屯區,0,0,0,8,,,40,,,,,,,,,,,,,,,23,,,,,B03,,,1,,1,,,23,23,1,21,,B03,120.721612,24.182378,3
2022,2,6,11,44,臺中市,大雅區,0,0,0,8,,,30,,,,,,,,,,,,,,,23,,,,,B03,,,1,,2,,,23,23,1,22,,B03,120.602285,24.221947,3
2022,2,6,11,47,臺中市,西屯區,0,0,0,8,,,50,,,,,,,,,,,,,,,12,,,,,C03,,,1,,1,,,12,12,1,22,,C03,120.589857,24.177088,3
2022,2,6,11,54,臺中市,龍井區,0,0,0,8,,,50,,,,,,,,,,,,,,,44,,,,,B03,,,1,,11,,,44,44,1,22,,B03,120.582283,24.182388,3
2022,2,6,11,54,臺中市,烏日區,0,0,0,8,,,50,,,,,,,,,,,,,,,23,,,,,B03,,,1,,2,,,23,23,1,22,,B03,120.61305,24.115432,3
2022,2,6,11,56,臺中市,太平區,0,1,0,8,1,5,50,14,9,1,5,4,5,7,4,4,5,5,5,1,12,3,2,8,1,1,C03,7,9,1,10,2,14,,3,3,1,21,8,C03,120.722435,24.11912,2
2022,2,6,12,10,臺中市,大雅區,0,0,0,8,,,50,,,,,,,,,,,,,,,19,,,,,B03,,,1,,2,,,19,19,1,22,,B03,120.64579,24.22117,3
2022,2,6,12,19,臺中市,北屯區,0,1,0,8,1,5,40,4,1,1,5,4,5,7,4,4,10,5,5,2,15,6,2,9,1,1,C03,7,9,1,10,2,13,12,6,6,1,5,8,C03,120.734035,24.174805,2
2022,2,6,12,24,臺中市,東區,0,0,0,8,,,50,,,,,,,,,,,,,,,12,,,,,B03,,,1,,1,,,12,12,1,22,,B03,120.70542,24.137841,3
2022,2,6,12,25,臺中市,沙鹿區,0,1,0,8,1,5,50,14,7,1,5,4,5,7,4,4,1,4,4,2,13,16,3,10,1,1,C03,7,9,1,10,2,11,,16,16,1,9,5,C03,120.559791,24.238792,2
2022,2,6,12,29,臺中市,東區,0,1,0,8,1,5,50,4,1,1,5,4,5,7,2,1,10,5,5,2,16,6,3,10,1,1,B12,7,6,1,8,2,5,,6,6,1,21,8,B12,120.697299,24.147967,2
2022,2,6,12,30,臺中市,后里區,0,2,0,8,1,5,50,3,1,1,5,4,5,7,1,1,1,4,4,1,16,6,3,10,1,1,B03,7,6,1,7,2,6,,6,6,1,21,8,B03,120.723196,24.287501,2
2022,2,6,12,35,臺中市,西區,0,0,0,8,,,50,,,,,,,,,,,,,,,6,,,,,B01,,,1,,2,,,6,6,1,10,,B01,120.666605,24.15089,3
2022,2,6,12,38,臺中市,南屯區,0,1,0,8,1,5,50,4,1,1,5,4,5,7,1,1,5,5,5,2,12,25,2,9,1,1,C03,7,9,1,10,2,11,,25,25,1,22,8,C03,120.653455,24.128631,2
2022,2,6,12,41,臺中市,大甲區,0,1,0,8,1,5,50,14,9,1,5,4,5,7,4,4,5,5,5,1,13,16,2,5,1,1,C03,7,9,1,10,2,11,,16,16,1,2,8,C03,120.62113,24.345975,2
2022,2,6,12,45,臺中市,西區,0,3,0,8,1,5,50,3,1,1,5,4,5,7,4,4,10,5,5,2,16,6,2,9,1,1,C03,7,5,1,9,2,14,,6,6,1,21,8,C03,120.665668,24.129421,2
2022,2,6,12,45,臺中市,東區,0,2,0,8,1,5,50,4,1,1,5,4,5,7,4,4,10,5,5,2,12,23,2,9,1,1,C03,7,9,1,10,2,11,,23,23,1,22,8,C03,120.687334,24.141483,2
2022,2,6,12,50,臺中市,大雅區,0,0,0,8,,,50,,,,,,,,,,,,,,,17,,,,,B03,,,1,,2,,,44,44,1,22,,B03,120.62921,24.241813,3
2022,2,6,12,50,臺中市,大甲區,0,0,0,8,,,50,,,,,,,,,,,,,,,16,,,,,C03,,,1,,2,,,16,16,1,5,,C03,120.622167,24.352237,3
2022,2,6,12,57,臺中市,西屯區,0,1,0,8,1,5,40,3,1,1,5,4,5,7,2,1,1,3,1,2,12,26,2,9,1,1,C02,7,9,1,9,2,11,,26,26,1,22,8,C02,120.626876,24.159821,2
2022,2,6,13,3,臺中市,龍井區,0,1,0,8,1,5,30,4,1,1,5,4,5,7,4,4,10,5,5,2,15,6,2,9,1,1,C03,7,9,1,10,2,11,,6,6,1,21,8,C03,120.511875,24.214638,2
2022,2,6,13,10,臺中市,豐原區,0,0,0,8,,,50,,,,,,,,,,,,,,,6,,,,,B03,,,6,,2,,,6,6,1,22,,B03,120.715951,24.23933,3
2022,2,6,13,14,臺中市,北屯區,0,1,0,8,1,5,50,4,1,1,5,4,5,7,2,1,10,5,5,2,16,26,3,10,1,1,B12,7,6,1,8,2,2,,26,26,1,21,8,B12,120.700136,24.164975,2
2022,2,6,13,19,臺中市,西屯區,0,1,0,8,1,5,50,14,9,1,5,4,5,7,4,4,5,4,5,2,17,7,3,10,3,4,B03,7,7,1,8,2,4,,7,7,1,22,9,B03,120.644858,24.181309,2
2022,2,6,13,29,臺中市,沙鹿區,0,0,0,8,,,50,,,,,,,,,,,,,,,42,,,,,C03,,,1,,9,,,42,42,1,6,,C03,120.558569,24.237492,3
2022,2,6,13,40,臺中市,北屯區,0,1,0,8,1,5,50,3,1,1,5,4,5,7,4,4,10,5,5,2,12,16,2,8,1,1,C03,7,9,1,10,2,12,,16,16,1,18,8,C03,120.733995,24.171924,2
2022,2,6,13,46,臺中市,豐原區,0,0,0,8,,,60,,,,,,,,,,,,,,,6,,,,,B03,,,1,,2,,,23,23,1,22,,B03,120.703611,24.237775,3
2022,2,6,13,49,臺中市,豐原區,0,0,0,8,,,50,,,,,,,,,,,,,,,23,,,,,B03,,,1,,2,,,23,23,1,21,,B03,120.713736,24.250963,4
2022,2,6,13,54,臺中市,神岡區,0,0,0,8,,,30,,,,,,,,,,,,,,,5,,,,,B03,,,1,,2,,,5,5,1,22,,B03,120.652465,24.263674,3
2022,2,6,13,59,臺中市,大雅區,0,2,0,8,1,5,30,4,1,1,5,4,5,7,4,4,10,5,5,2,15,6,2,9,1,1,C03,7,9,1,10,2,12,,6,6,1,22,8,C03,120.64904,24.227546,2
2022,2,6,14,0,臺中市,大甲區,0,1,0,8,1,5,50,4,1,1,5,4,5,7,1,1,10,5,5,2,18,43,2,9,1,1,C03,7,9,1,10,2,11,,43,43,1,5,8,C03,120.617242,24.346946,2
2022,2,6,14,1,臺中市,北屯區,0,0,0,8,,,50,,,,,,,,,,,,,,,23,,,,,B12,,,1,,9,,,23,23,2,5,,B12,120.69311,24.173978,3
2022,2,6,14,11,臺中市,潭子區,0,0,0,8,1,5,30,11,9,1,5,4,5,7,4,4,10,5,4,2,11,43,,,,,C03,,,,,,,,43,43,1,,,C03,120.69571,24.22431,3
2022,2,6,14,11,臺中市,后里區,0,0,0,8,1,5,30,14,9,1,5,4,5,7,4,4,10,5,5,2,14,12,,,,,B03,,,1,,2,,,12,12,1,22,,B03,120.724007,24.33653,3
2022,2,6,14,13,臺中市,北屯區,0,1,0,8,1,5,30,14,9,1,5,4,5,7,4,4,10,5,5,2,13,16,2,9,1,1,C03,7,9,1,10,2,11,12,16,16,1,5,8,C03,120.726748,24.185883,2
2022,2,6,14,14,臺中市,太平區,0,1,0,8,1,5,50,14,9,1,5,4,5,7,4,4,5,5,4,1,12,23,2,9,1,1,C03,7,9,3,18,2,11,,23,23,1,21,8,C03,120.720092,24.148895,2
2022,2,6,14,14,臺中市,石岡區,0,0,0,8,,,70,,,,,,,,,,,,,,,16,,,,,B03,,,1,,2,,,16,16,1,22,,B03,120.790536,24.273386,3
2022,2,6,14,20,臺中市,南區,0,1,0,8,1,5,50,3,1,1,5,4,5,7,1,1,10,5,5,2,16,6,3,10,1,1,A02,7,6,1,2,2,5,,6,6,1,22,8,A02,120.660519,24.113237,2
2022,2,6,14,25,臺中市,烏日區,0,2,0,8,1,5,50,3,1,1,5,4,5,7,4,4,5,5,5,2,18,23,2,9,1,1,C03,7,9,1,10,2,11,14,23,23,1,22,8,C03,120.626913,24.1046,2
2022,2,6,14,25,臺中市,烏日區,0,0,0,8,,,40,,,,,,,,,,,,,,,16,,,,,B03,,,1,,,,,44,44,1,21,,B03,120.617823,24.117953,3
2022,2,6,14,30,臺中市,沙鹿區,0,1,0,8,1,5,30,4,1,1,5,4,5,7,4,4,10,5,5,2,15,6,2,9,1,1,C03,7,9,1,10,2,11,,6,6,1,6,5,C03,120.569281,24.231765,2
2022,2,6,14,30,臺中市,豐原區,0,0,0,8,,,50,,,,,,,,,,,,,,,23,,,,,B03,,,1,,2,,,23,23,1,22,,B03,120.718763,24.244976,3
2022,2,6,14,30,臺中市,神岡區,0,0,0,8,,,50,,,,,,,,,,,,,,,16,,,,,B03,,,1,,1,,,16,16,1,12,,B03,120.696012,24.248203,3
2022,2,6,14,40,臺中市,南區,0,0,0,,,,50,,,,,,,,,,,,,,,23,,,,,B03,,,1,,2,,,6,6,1,22,,B03,120.646663,24.110379,3
2022,2,6,14,43,臺中市,梧棲區,0,2,0,8,1,5,30,4,1,5,5,4,5,7,4,4,10,5,5,2,15,6,2,9,1,1,C03,7,9,1,10,2,11,,6,6,1,20,8,C03,120.549604,24.255222,2
2022,2,6,14,44,臺中市,烏日區,0,1,0,8,1,5,50,4,1,1,5,4,5,7,2,1,5,5,5,2,11,6,3,10,1,1,B03,7,5,1,8,2,6,,6,6,1,22,8,B03,120.597365,24.10843,2
2022,2,6,14,45,臺中市,北屯區,0,1,0,8,1,5,50,4,1,1,5,4,5,7,4,4,10,5,5,2,15,6,2,9,1,1,C03,7,9,1,10,2,12,,6,6,1,20,8,C03,120.695393,24.172837,2
2022,2,6,14,46,臺中市,大甲區,0,1,0,8,1,5,50,4,2,1,5,4,5,7,1,1,5,5,5,1,13,21,2,2,1,1,B03,7,9,1,8,6,1,,21,21,1,23,8,B03,120.625203,24.345843,2
2022,2,6,14,50,臺中市,沙鹿區,0,2,0,8,1,5,40,4,1,1,5,4,5,7,1,1,10,5,5,2,16,43,2,9,1,1,F03,7,9,8,20,2,16,,43,43,1,21,8,F03,120.553017,24.217211,2
2022,2,6,14,55,臺中市,梧棲區,0,0,0,8,,,40,,,,,,,,,,,,,,,23,,,,,C03,,,1,,2,,,23,23,1,5,,C03,120.528349,24.253024,3
2022,2,6,14,56,臺中市,東區,0,0,0,,,,50,,,,,,,,,,,,,,,25,,,,,C03,,,1,,2,,,25,25,1,21,,C03,120.684136,24.131984,3
2022,2,6,14,56,臺中市,南屯區,0,0,0,,,,50,,,,,,,,,,,,,,,23,,,,,B02,,,1,,1,,,23,23,1,22,,B02,120.64988,24.142033,3
2022,2,6,15,4,臺中市,北屯區,0,0,0,8,,,50,,,,,,,,,,,,,,,19,,,,,B12,,,1,,1,,,19,19,1,20,,B12,120.709674,24.175603,3
2022,2,6,15,15,臺中市,南屯區,0,0,0,8,,,50,,,,,,,,,,,,,,,7,,,,,B03,,,1,8,2,,,7,7,1,12,,B03,120.650253,24.151014,3
2022,2,6,15,17,臺中市,神岡區,0,1,0,8,1,5,50,3,1,1,5,4,5,7,1,1,10,5,5,2,17,16,2,8,3,4,C03,7,9,1,10,2,11,,16,16,1,22,9,C03,120.690541,24.247525,2
2022,2,6,15,20,臺中市,神岡區,0,2,0,8,1,7,10,14,9,1,5,4,5,7,4,4,7,5,5,1,16,5,2,9,4,4,F01,7,7,8,20,1,16,,5,5,1,14,6,F01,120.659903,24.254083,2
2022,2,6,15,24,臺中市,北屯區,0,0,0,8,,,30,,,,,,,,,,,,,,,6,,,,,C03,,,1,,2,,,6,6,1,22,,C03,120.692896,24.178181,3
2022,2,6,15,25,臺中市,西屯區,0,1,0,8,1,5,50,3,1,1,5,4,5,7,4,4,1,4,5,2,17,43,2,9,3,4,C03,7,9,1,10,2,12,,43,43,1,22,8,C03,120.637966,24.170402,2
2022,2,6,15,25,臺中市,大甲區,0,1,0,8,1,5,50,4,1,1,5,4,5,7,4,4,10,5,5,2,17,6,2,8,1,1,C03,7,5,1,10,2,12,,6,6,1,16,8,C03,120.630115,24.3488,2
2022,2,6,15,26,臺中市,北屯區,0,1,0,8,1,5,50,4,1,1,5,4,5,7,1,1,10,5,5,2,16,6,3,10,1,1,B03,7,6,1,8,2,2,,6,6,1,18,8,B03,120.704166,24.182222,2
2022,2,6,15,27,臺中市,潭子區,0,0,0,8,1,5,60,14,9,1,5,4,5,7,4,4,1,4,4,1,14,12,,,,,B03,,,1,,2,,,12,12,1,22,,B03,120.704919,24.20647,3
2022,2,6,15,32,臺中市,北屯區,0,0,0,8,,,50,,,,,,,,,,,,,,,16,,,,,C02,,,1,,1,,,16,16,1,5,,C02,120.663296,24.18681,3
2022,2,6,15,33,臺中市,西屯區,0,0,0,8,,,50,,,,,,,,,,,,,,,16,,,,,C03,,,1,,2,,,16,16,1,22,,C03,120.64604,24.172021,3
2022,2,6,15,41,臺中市,西區,0,0,0,8,,,50,,,,,,,,,,,,,,,42,,,,,C03,,,1,,1,,,42,42,1,22,,C03,120.669677,24.138112,3
2022,2,6,15,50,臺中市,大雅區,0,0,0,8,,,50,,,,,,,,,,,,,,,43,,,,,C03,,,1,,2,,,43,43,1,22,,C03,120.67303,24.231069,3
2022,2,6,15,50,臺中市,西區,0,1,0,8,1,5,50,14,7,1,5,4,5,7,1,1,4,4,4,2,13,23,2,3,1,1,B12,7,9,1,8,2,1,,23,23,1,20,8,B12,120.666958,24.150641,2
2022,2,6,15,51,臺中市,北區,0,0,0,8,,,50,,,,,,,,,,,,,,,23,,,,,B03,,,1,,2,,,23,23,1,22,,B03,120.676567,24.160407,3
2022,2,6,15,51,臺中市,新社區,0,0,0,8,,,50,,,,,,,,,,,,,,,23,,,,,B03,,,1,,2,,,23,23,1,22,,B03,120.809923,24.243001,3
2022,2,6,15,55,臺中市,潭子區,0,0,0,8,,,30,,,,,,,,,,,,,,,12,,,,,B03,,,1,,1,,,12,12,1,22,,B03,120.725968,24.201767,4
2022,2,6,16,0,臺中市,清水區,0,1,0,8,1,5,30,14,9,1,5,4,5,7,4,4,10,5,5,2,15,6,3,10,1,1,B03,7,9,1,8,2,1,,6,6,1,5,6,B03,120.616406,24.294304,2
2022,2,6,16,3,臺中市,沙鹿區,0,1,0,8,1,5,50,3,2,1,5,4,5,7,1,1,10,5,5,2,16,6,3,10,1,1,B12,7,6,1,8,2,5,,6,6,1,20,8,B12,120.569324,24.22046,2
2022,2,6,16,13,臺中市,北屯區,0,0,0,8,,,30,,,,,,,,,,,,,,,5,,,,,B03,,,1,,2,,,5,5,1,9,,B03,120.778055,24.189166,3
2022,2,6,16,13,臺中市,沙鹿區,0,1,0,8,1,5,70,14,7,1,5,4,5,7,4,4,1,4,4,1,16,10,3,10,1,1,B03,7,11,1,8,2,4,,10,10,1,21,8,B03,120.609705,24.245669,2
2022,2,6,16,20,臺中市,南區,0,1,0,8,1,5,50,14,9,1,5,4,5,7,1,1,1,4,5,2,13,23,2,9,1,1,C03,7,9,1,10,2,11,,23,23,1,18,8,C03,120.644944,24.110027,2
2022,2,6,16,24,臺中市,北屯區,0,12,0,8,1,5,50,14,7,1,5,4,5,7,4,4,5,5,4,2,13,23,2,9,3,4,B12,7,9,1,8,2,1,,23,23,1,21,8,B12,120.711773,24.181885,2