年,月,日,時,分,縣市,區,死,受傷,2-30,天候,光線,道路類別,速限,道路型態,事故位置,路面鋪裝,路面狀態,路面缺陷,障礙物,視距,號誌種類,號誌動作,分向設施,快車道或一般車道間,快慢車道間,路面邊線,事故類型及型態,主要肇因,受傷程度,主要傷處,保護裝備,行動電話,當事者區分,車輛用途,當事者行動狀態,駕駛資格情形,駕駛執照種類,飲酒情形,車輛撞擊部位最初,車輛撞擊部位其他,肇事因素個別,肇事因素主要,肇事逃逸,職業,旅次目的,車種,GPS緯度,GPS經度,事故類別
2022,2,6,16,24,臺中市,大甲區,0,1,0,8,1,5,60,5,1,1,5,4,5,7,1,1,10,5,5,1,17,25,3,10,1,1,C03,7,1,3,18,2,15,,25,25,1,22,8,C03,120.617165,24.349231,2
2022,2,6,16,30,臺中市,北區,0,1,0,8,1,5,50,14,9,1,5,4,5,7,4,4,1,4,5,2,16,7,2,8,1,1,C03,7,10,1,10,2,14,,7,7,1,21,8,C03,120.686164,24.154135,2
2022,2,6,16,30,臺中市,大安區,0,0,0,8,,,60,,,,,,,,,,,,,,,19,,,,,B03,,,1,,2,,,19,19,1,22,,B03,120.591329,24.377678,3
2022,2,6,16,33,臺中市,北區,0,1,0,8,1,5,50,4,1,1,5,4,5,7,1,1,10,5,5,2,12,6,3,10,3,4,B03,7,6,3,18,2,5,,6,6,1,5,8,B03,120.694602,24.155713,2
2022,2,6,16,34,臺中市,南屯區,0,0,0,,,,50,,,,,,,,,,,,,,,23,,,,,B03,,,1,,1,,,23,23,1,22,,B03,120.649835,24.137066,3
2022,2,6,16,45,臺中市,大甲區,0,1,0,8,1,5,50,3,1,1,5,4,5,7,4,4,10,5,5,1,12,19,2,8,1,1,C03,7,1,1,10,2,14,,19,19,1,22,8,C03,120.628504,24.352182,2
2022,2,6,16,45,臺中市,豐原區,0,0,0,8,,,50,,,,,,,,,,,,,,,17,,,,,B03,,,1,,2,,,17,17,1,22,,B03,120.729823,24.236,3
2022,2,6,16,46,臺中市,沙鹿區,0,0,0,8,,,40,,,,,,,,,,,,,,,18,,,,,C03,,,1,,2,,,18,18,1,9,,C03,120.558875,24.236749,3
2022,2,6,16,56,臺中市,北區,0,2,0,8,1,5,50,14,9,1,5,4,5,7,4,4,5,5,5,2,17,19,2,7,1,1,C03,7,1,1,10,2,11,,19,19,1,22,9,C03,120.686542,24.161705,2
2022,2,6,17,7,臺中市,豐原區,0,0,0,8,,,30,,,,,,,,,,,,,,,23,,,,,C03,,,1,,2,,,23,23,1,22,,C03,120.727961,24.252549,3
2022,2,6,17,9,臺中市,東區,0,2,0,8,2,5,50,3,1,1,5,4,5,7,1,1,10,5,5,2,17,42,2,7,1,1,C04,7,9,1,8,2,11,,42,42,1,22,8,C04,120.684925,24.135194,2
2022,2,6,17,10,臺中市,北屯區,0,2,0,8,2,5,50,3,1,1,5,4,5,6,1,1,10,5,5,2,16,6,2,9,1,1,C03,7,5,1,10,2,12,14,6,6,1,5,8,C03,120.698785,24.170375,2
2022,2,6,17,10,臺中市,西屯區,0,0,0,8,,,40,,,,,,,,,,,,,,,23,,,,,B01,,,1,,1,,,23,23,1,22,,B01,120.645566,24.178841,3
2022,2,6,17,28,臺中市,大里區,0,0,0,8,,,50,,,,,,,,,,,,,,,7,,,,,B03,,,1,,2,,,7,7,1,21,,B03,120.69439,24.089165,3
2022,2,6,17,28,臺中市,豐原區,0,0,0,,,,50,,,,,,,,,,,,,,,23,,,,,C03,,,1,,2,,,23,23,1,5,,C03,120.736738,24.246928,4
2022,2,6,17,29,臺中市,大甲區,0,0,0,,,,50,,,,,,,,,,,,,,,23,,,,,B03,,,1,,2,,,23,23,1,22,,B03,120.624146,24.343804,3
2022,2,6,17,30,臺中市,太平區,0,0,0,8,,,30,,,,,,,,,,,,,,,60,,,,,,,,,,,,,60,60,1,,,,120.738781,24.13243,3
2022,2,6,17,32,臺中市,清水區,0,0,0,8,1,5,70,4,7,1,5,4,5,7,1,1,1,4,1,1,13,23,3,10,1,1,B03,7,9,1,8,1,1,,23,23,1,5,5,B03,120.551896,24.293671,3
2022,2,6,17,36,臺中市,西屯區,0,0,0,,,,40,,,,,,,,,,,,,,,23,,,,,B03,,,1,,1,,,23,23,1,22,,B03,120.631875,24.169713,3
2022,2,6,17,40,臺中市,大雅區,0,0,0,8,,,50,,,,,,,,,,,,,,,23,,,,,B03,,,1,,2,,,23,23,1,22,,B03,120.65361,24.223199,3
2022,2,6,17,44,臺中市,南屯區,0,1,0,8,1,5,40,4,2,1,5,4,5,7,2,1,10,5,5,2,16,10,2,9,1,4,C03,7,11,1,10,2,12,,10,10,1,22,8,C03,120.649761,24.153599,2
2022,2,6,17,50,臺中市,南區,0,0,0,8,2,5,30,13,9,1,5,4,5,7,4,4,10,5,5,2,13,16,,,,,C03,,,1,,2,,,16,16,1,5,,C03,120.653197,24.116504,3
2022,2,6,17,55,臺中市,清水區,0,0,0,8,3,5,50,14,9,1,5,4,5,7,4,4,5,5,5,2,12,23,3,10,1,1,B03,7,9,1,8,2,1,,23,23,1,5,1,B03,120.574981,24.268932,3
2022,2,6,18,0,臺中市,神岡區,0,0,0,8,,,30,,,,,,,,,,,,,,,12,,,,,B03,,,1,,1,,,12,12,1,12,,B03,120.69937,24.253295,3
2022,2,6,18,3,臺中市,太平區,0,1,0,8,3,5,40,5,1,1,5,4,5,7,2,1,5,5,5,2,16,19,2,9,1,1,C03,7,1,1,10,2,11,,19,19,1,20,6,C03,120.726929,24.115392,2
2022,2,6,18,8,臺中市,豐原區,0,2,0,8,3,5,40,4,4,1,5,4,5,7,1,1,4,4,5,1,17,23,2,9,3,4,C03,7,9,1,10,6,14,,23,23,1,22,8,C03,120.72493,24.234566,2
2022,2,6,18,11,臺中市,西屯區,0,1,0,8,3,5,40,14,8,1,5,4,5,7,4,4,1,5,1,2,12,6,3,10,1,1,B03,7,6,1,8,2,2,,6,6,1,22,8,B03,120.624439,24.178755,2
2022,2,6,18,15,臺中市,清水區,0,0,0,8,3,5,90,10,9,1,5,4,4,7,4,4,1,3,5,1,29,66,,,,,,,,,,,,,66,66,1,,,,120.557158,24.3067,3
2022,2,6,18,18,臺中市,西屯區,0,0,0,8,,,40,,,,,,,,,,,,,,,10,,,,,B01,,,1,,2,,,10,10,1,22,,B01,120.623088,24.1766,3
2022,2,6,18,22,臺中市,潭子區,0,1,0,8,3,5,50,14,7,1,5,4,5,7,4,4,5,4,4,2,16,10,3,10,1,1,B03,7,11,1,8,2,8,,10,10,1,22,9,B03,120.702532,24.211521,2
2022,2,6,18,24,臺中市,北屯區,0,0,0,8,,,50,,,,,,,,,,,,,,,6,,,,,B03,,,1,,2,,,6,6,1,22,,B03,120.699385,24.182846,3
2022,2,6,18,24,臺中市,后里區,0,1,0,8,3,5,50,14,7,1,5,4,5,7,4,4,1,4,4,1,13,23,2,9,1,1,C03,7,9,1,10,2,11,,23,23,1,21,8,C03,120.722463,24.308425,2
2022,2,6,18,26,臺中市,東區,0,2,0,8,3,5,40,14,8,1,5,4,5,7,4,4,5,5,4,2,2,23,2,9,1,1,C04,7,9,1,10,2,11,,23,23,1,8,8,C04,120.697075,24.146633,2
2022,2,6,18,34,臺中市,西區,0,0,0,,,,50,,,,,,,,,,,,,,,25,,,,,B03,,,1,,1,,,25,25,1,5,,B03,120.67359,24.147827,3
2022,2,6,18,40,臺中市,清水區,0,5,0,8,3,5,90,10,9,1,5,4,4,7,4,4,1,3,5,1,13,16,2,9,1,1,B03,7,9,1,8,2,1,,16,16,1,18,5,B03,120.55563,24.303746,2
2022,2,6,18,45,臺中市,大里區,0,0,0,8,,,50,,,,,,,,,,,,,,,23,,,,,C03,,,1,,2,,,23,23,1,22,,C03,120.69141,24.100675,3
2022,2,6,18,51,臺中市,龍井區,0,0,0,,,,30,,,,,,,,,,,,,,,17,,,,,B03,,,1,,2,,,17,17,1,22,,B03,120.571073,24.178852,3
2022,2,6,19,25,臺中市,西屯區,0,1,0,8,3,5,50,14,9,1,5,4,5,7,4,4,5,4,5,2,17,26,3,10,3,4,B03,7,5,1,8,2,8,,26,26,1,22,8,B03,120.66239,24.1728,2
2022,2,6,19,27,臺中市,北區,0,2,0,8,1,5,30,3,1,1,5,4,5,7,4,4,10,5,5,2,16,6,2,7,1,1,C03,7,5,1,10,2,13,,6,6,1,21,8,C03,120.686114,24.153345,2
2022,2,6,19,30,臺中市,北區,0,0,0,8,,,40,,,,,,,,,,,,,,,12,,,,,B03,,,1,,11,,,12,12,1,5,,B03,120.681594,24.159324,3
2022,2,6,19,32,臺中市,西區,0,1,0,8,3,5,50,5,1,1,5,4,5,7,2,1,10,5,5,2,16,6,3,10,1,1,B01,7,6,1,4,2,5,,6,6,1,21,8,B01,120.672565,24.131686,2
2022,2,6,19,34,臺中市,太平區,0,1,0,8,3,5,50,3,1,1,5,4,5,7,1,1,5,4,5,2,12,23,3,10,1,1,B02,7,9,6,8,2,5,,23,23,1,21,8,B02,120.707103,24.129149,2
2022,2,6,19,57,臺中市,太平區,0,0,0,8,,,50,,,,,,,,,,,,,,,23,,,,,B03,,,1,,2,,,23,23,1,21,,B03,120.714288,24.126494,3
2022,2,6,19,58,臺中市,西屯區,0,2,0,8,3,5,50,14,9,1,5,4,5,7,4,4,5,5,5,2,13,16,3,10,1,1,C03,7,9,6,18,2,12,,16,16,1,22,8,C03,120.639817,24.1713,2
2022,2,6,20,0,臺中市,豐原區,0,0,0,8,,,50,,,,,,,,,,,,,,,26,,,,,A05,,,1,,2,,,26,26,1,22,,A05,120.722222,24.277424,3
2022,2,6,20,8,臺中市,大里區,0,1,0,8,1,5,50,14,9,1,5,4,5,7,1,1,3,4,4,1,16,42,3,10,1,1,B03,7,9,1,8,2,1,,42,42,1,22,8,B03,120.687788,24.094343,2
2022,2,6,20,10,臺中市,豐原區,1,0,0,8,3,5,50,14,9,1,5,4,5,7,4,4,5,5,5,1,1,23,3,10,1,1,B03,7,9,1,8,2,1,,23,23,1,21,8,B03,120.724446,24.225381,1
2022,2,6,20,11,臺中市,北區,0,0,0,8,,,40,,,,,,,,,,,,,,,6,,,,,B03,,,1,,1,,,6,6,1,22,,B03,120.67817,24.151537,3
2022,2,6,20,11,臺中市,西屯區,0,0,0,8,,,50,,,,,,,,,,,,,,,23,,,,,B03,,,1,,11,,,23,23,1,22,,B03,120.665025,24.166658,3
2022,2,6,20,27,臺中市,大甲區,0,2,0,8,3,5,50,3,1,1,5,4,5,7,4,4,10,5,5,1,11,6,2,9,1,1,C03,7,5,2,18,2,11,,6,6,1,22,8,C03,120.62344,24.348524,2
2022,2,6,20,45,臺中市,大甲區,0,2,0,8,3,5,50,14,9,1,5,4,5,7,4,4,5,4,5,1,18,43,2,7,1,1,C03,7,9,1,10,2,15,,43,43,1,21,8,C03,120.625318,24.345005,2
2022,2,6,20,50,臺中市,西屯區,0,0,0,8,,,50,,,,,,,,,,,,,,,16,,,,,B03,,,1,,1,,,16,16,1,22,,B03,120.66548,24.167535,3
2022,2,6,20,54,臺中市,南屯區,0,1,0,8,3,5,50,4,1,1,5,4,5,7,1,1,1,4,5,2,16,26,2,8,1,1,C03,7,5,1,10,2,14,,26,26,1,22,8,C03,120.643187,24.144015,2
2022,2,6,20,55,臺中市,沙鹿區,0,0,0,8,,,30,,,,,,,,,,,,,,,43,,,,,,,,,,,,,43,43,1,,,,120.55768,24.233821,3
2022,2,6,20,57,臺中市,北區,0,1,0,8,3,5,40,4,1,1,5,4,5,7,1,1,10,5,5,2,12,7,2,9,3,4,C03,7,8,1,10,2,12,,7,7,1,5,8,C03,120.690207,24.156245,2
2022,2,6,21,10,臺中市,大里區,0,0,0,8,,,50,,,,,,,,,,,,,,,42,,,,,B03,,,1,,2,,,42,42,1,22,,B03,120.690056,24.111338,3
2022,2,6,21,14,臺中市,西區,0,2,0,8,3,5,50,3,9,1,5,4,5,7,4,4,9,2,5,2,17,6,2,9,1,1,C03,7,8,1,10,2,12,,6,6,1,19,7,C03,120.649864,24.146098,2
2022,2,6,21,29,臺中市,北區,0,1,0,8,3,5,50,14,9,1,5,4,5,7,4,4,3,4,4,2,17,23,2,9,1,1,C03,7,9,1,10,2,11,,23,23,1,5,1,C03,120.677481,24.153635,2
2022,2,6,21,52,臺中市,大雅區,0,0,0,8,,,50,,,,,,,,,,,,,,,6,,,,,B03,,,1,,2,,,6,6,1,21,,B03,120.649794,24.223023,3
2022,2,6,21,59,臺中市,北區,0,0,0,8,,,30,,,,,,,,,,,,,,,43,,,,,B03,,,1,,11,,,43,43,1,22,,B03,120.6894,24.146728,3
2022,2,6,22,6,臺中市,豐原區,0,1,0,8,3,5,50,4,7,1,5,4,5,7,1,1,1,4,4,2,18,44,2,9,1,1,C03,7,9,1,10,2,14,,44,44,1,21,8,C03,120.724883,24.260309,2
2022,2,6,22,33,臺中市,潭子區,0,2,0,8,3,5,60,14,13,1,5,4,5,7,4,4,1,4,4,1,16,23,2,9,1,1,C03,7,9,1,10,2,12,,23,23,1,22,9,C03,120.686782,24.208738,2
2022,2,6,22,33,臺中市,西屯區,0,1,0,8,3,5,50,4,1,1,5,4,5,7,1,1,5,4,5,2,17,6,3,10,3,4,B03,7,5,1,8,2,1,,6,6,1,22,8,B03,120.637213,24.179433,2
2022,2,6,22,41,臺中市,北屯區,0,1,0,8,3,5,50,4,1,1,5,4,5,7,3,1,10,5,5,2,16,6,3,10,3,4,B03,7,9,1,8,2,8,,6,6,1,21,8,B03,120.679763,24.18523,2
2022,2,6,23,33,臺中市,南區,0,2,0,8,1,5,50,4,1,1,5,4,5,7,1,1,10,5,5,2,13,23,2,9,1,1,C03,7,9,1,10,2,11,,23,23,1,22,8,C03,120.662338,24.128733,2
2022,2,6,23,40,臺中市,豐原區,0,2,0,8,3,5,60,4,1,1,5,4,5,7,2,1,10,5,5,2,29,23,2,9,3,4,C03,7,9,2,18,2,11,,23,23,1,22,8,C03,120.7108,24.237075,2
2022,2,6,23,45,臺中市,北區,0,3,0,8,3,5,50,4,1,1,5,4,5,7,1,1,10,5,5,2,13,23,2,9,1,1,C03,7,9,1,10,2,11,,23,23,1,22,8,C03,120.668167,24.173221,2
2022,2,6,23,49,臺中市,北區,0,0,0,8,,,50,,,,,,,,,,,,,,,6,,,,,C03,,,1,,2,,,6,6,1,22,,C03,120.676654,24.161693,3
2022,2,6,23,53,臺中市,南區,0,2,0,8,3,5,50,3,1,1,5,4,5,7,4,4,10,5,5,2,16,6,2,8,1,1,C03,7,5,1,10,2,14,,6,6,1,21,8,C03,120.659559,24.10901,2
2022,2,7,0,56,臺中市,龍井區,0,1,0,8,3,5,50,14,9,1,5,4,5,7,4,4,5,4,4,2,9,23,3,10,3,4,B01,7,9,1,4,2,2,,23,23,1,10,8,B01,120.590679,24.181025,2
2022,2,7,5,5,臺中市,大甲區,0,1,0,8,3,5,50,14,9,1,5,4,5,7,4,4,5,5,5,1,18,23,2,9,1,1,C03,7,9,1,10,2,12,,23,23,1,4,1,C03,120.626031,24.352286,2
2022,2,7,6,10,臺中市,北區,0,1,0,8,2,5,50,4,1,1,5,4,5,7,1,1,10,5,5,2,12,6,3,10,1,1,B03,7,6,3,18,2,2,,6,6,1,22,8,B03,120.689705,24.157641,2
2022,2,7,6,55,臺中市,霧峰區,0,0,0,8,,,40,,,,,,,,,,,,,,,44,,,,,B03,,,1,,,,,44,44,1,6,,B03,120.661896,24.069615,3
2022,2,7,6,55,臺中市,龍井區,0,0,0,8,,,60,,,,,,,,,,,,,,,16,,,,,B03,,,1,,2,,,16,16,1,21,,B03,120.58252,24.18766,3
2022,2,7,6,59,臺中市,豐原區,0,0,0,8,,,50,,,,,,,,,,,,,,,12,,,,,B03,,,1,,2,,,12,12,1,22,,B03,120.740874,24.255662,3
2022,2,7,7,10,臺中市,北屯區,0,1,0,8,1,5,50,14,9,1,5,4,5,7,4,4,1,2,5,2,13,16,2,9,1,1,C03,7,9,3,18,2,11,,16,16,1,5,8,C03,120.720166,24.162978,2
2022,2,7,7,14,臺中市,清水區,0,1,0,8,1,5,50,3,1,1,5,4,5,7,1,1,1,3,4,1,12,26,2,9,1,1,C03,7,5,1,10,2,14,,26,26,1,21,8,C03,120.575793,24.275644,2
2022,2,7,7,15,臺中市,神岡區,0,1,0,8,1,5,50,4,1,1,5,4,5,7,4,4,5,4,5,1,17,6,3,10,1,1,C03,7,5,1,10,2,13,,6,6,1,12,8,C03,120.698145,24.26289,2
2022,2,7,7,22,臺中市,龍井區,0,1,0,8,1,5,50,14,9,1,5,4,5,7,4,4,9,5,5,1,13,16,2,8,1,1,C03,7,9,1,10,2,11,,16,16,1,22,8,C03,120.578673,24.193263,2
2022,2,7,7,26,臺中市,豐原區,0,1,0,8,1,5,50,14,7,1,5,4,5,7,4,4,5,5,4,2,16,26,3,10,1,1,C03,7,11,1,10,2,12,,26,26,1,9,8,C03,120.72444,24.24682,2
2022,2,7,7,28,臺中市,大里區,0,1,0,8,1,5,50,4,1,1,5,4,5,7,1,1,10,5,5,2,12,9,3,10,1,1,F03,7,6,8,20,2,16,,9,9,1,21,1,F03,120.688395,24.094363,2
2022,2,7,7,28,臺中市,清水區,0,0,0,8,1,5,30,14,9,1,5,4,5,7,4,4,10,5,5,2,15,6,3,10,1,1,B03,7,9,1,8,2,1,,6,6,1,5,1,B03,120.569088,24.259402,3
2022,2,7,7,29,臺中市,西屯區,0,2,0,8,1,5,40,4,1,1,5,4,4,7,4,4,10,5,5,2,16,8,2,8,1,1,C03,7,5,1,10,2,12,,8,8,1,22,8,C03,120.65682,24.195325,2
2022,2,7,7,34,臺中市,北屯區,0,1,0,8,1,5,30,14,9,1,5,4,5,7,4,4,5,5,5,1,18,13,2,9,1,1,C03,7,9,1,10,2,14,12,13,13,1,5,8,C03,120.790836,24.199563,2
2022,2,7,7,35,臺中市,北屯區,0,1,0,8,1,5,50,4,2,1,5,4,5,7,2,1,10,5,5,2,12,23,3,10,1,1,C03,7,9,1,10,2,12,,23,23,1,21,8,C03,120.686582,24.201323,2
2022,2,7,7,36,臺中市,南屯區,0,1,0,8,1,5,50,3,1,1,5,4,5,7,4,4,10,5,5,2,17,38,3,10,1,1,B03,7,14,1,8,2,8,,38,38,1,4,1,B03,120.65063,24.14678,2
2022,2,7,7,37,臺中市,龍井區,0,1,0,8,1,5,50,14,9,1,5,4,5,7,4,4,9,5,5,1,17,23,3,10,1,1,B03,7,9,1,8,2,5,,23,23,1,22,8,B03,120.578673,24.193263,2
2022,2,7,7,39,臺中市,南屯區,0,1,0,8,1,5,30,4,1,1,5,4,5,7,4,4,10,5,5,2,15,6,3,10,1,1,B03,7,9,1,8,2,2,,6,6,1,22,8,B03,120.612528,24.145587,2
2022,2,7,7,40,臺中市,霧峰區,0,2,0,8,1,5,30,3,1,1,5,4,5,7,4,4,10,5,5,2,16,23,2,9,1,1,C03,7,9,1,10,2,11,,23,23,1,9,8,C03,120.654511,24.072114,2
2022,2,7,7,40,臺中市,清水區,0,0,0,8,,,40,,,,,,,,,,,,,,,12,,,,,B12,,,1,,2,,,12,12,1,21,,B12,120.540565,24.289434,3
2022,2,7,7,40,臺中市,大甲區,1,1,0,8,1,5,50,4,1,1,5,4,5,7,4,4,10,5,5,2,15,6,3,10,1,1,B03,7,9,5,8,2,2,,6,6,1,4,8,B03,120.63727,24.414281,1
2022,2,7,7,44,臺中市,大安區,0,1,0,8,1,5,60,4,1,1,1,4,5,7,1,1,10,5,5,2,17,25,3,10,1,1,B03,7,5,1,8,2,2,,25,25,1,4,1,B03,120.59303,24.381965,2
2022,2,7,7,46,臺中市,后里區,0,0,0,8,1,5,60,14,2,1,5,4,5,7,2,1,1,4,5,1,13,16,,,,,B12,,,1,,2,,,16,16,1,9,,B12,120.72358,24.298314,3
2022,2,7,7,48,臺中市,清水區,0,1,0,8,1,5,50,14,9,1,5,4,5,7,1,1,5,5,5,1,15,25,3,10,1,1,B12,7,9,1,8,2,1,,25,25,1,4,1,B12,120.552096,24.273718,2
2022,2,7,7,49,臺中市,大安區,0,0,0,8,1,4,40,11,9,1,5,4,5,1,4,4,4,1,5,2,11,17,,,,,B03,,,1,,2,,,17,17,1,21,,B03,120.591901,24.384107,3
2022,2,7,7,50,臺中市,大雅區,0,2,0,8,1,5,30,14,8,1,5,4,5,7,4,4,1,5,5,1,13,16,3,10,1,1,C03,7,9,1,10,2,11,,16,16,1,22,1,C03,120.63789,24.20371,2
2022,2,7,7,50,臺中市,大甲區,0,1,0,8,1,5,50,14,9,1,5,4,5,7,4,4,9,5,5,1,16,27,3,10,1,1,B03,7,8,1,8,2,2,,27,27,1,4,1,B03,120.620925,24.347775,2
2022,2,7,7,52,臺中市,大雅區,0,2,0,8,1,5,30,14,8,1,5,4,5,7,4,4,1,5,5,1,12,23,3,10,1,1,C03,7,9,1,10,2,14,,23,23,1,22,1,C03,120.63789,24.20371,2
2022,2,7,7,52,臺中市,烏日區,0,2,0,8,1,5,40,14,8,1,5,4,4,7,4,4,1,4,3,2,13,16,2,9,1,1,C03,7,9,1,10,2,11,,16,16,1,21,8,C03,120.648192,24.090395,2
2022,2,7,7,55,臺中市,大雅區,0,1,0,8,1,5,50,3,1,1,5,4,5,7,4,4,1,4,5,1,16,23,2,9,1,1,C03,7,9,1,10,2,11,,23,23,1,22,8,C03,120.66298,24.233018,2
2022,2,7,7,57,臺中市,西區,0,0,0,8,,,50,,,,,,,,,,,,,,,12,,,,,A02,,,1,,9,,,12,12,1,21,,A02,120.685443,24.142422,3
2022,2,7,7,57,臺中市,烏日區,0,0,0,,,,50,,,,,,,,,,,,,,,23,,,,,B12,,,1,,2,,,23,23,1,22,,B12,120.63026,24.10932,3
2022,2,7,8,1,臺中市,豐原區,0,2,0,8,1,5,50,3,1,1,5,4,5,7,1,1,4,5,5,1,16,6,2,8,1,1,C03,7,5,1,10,2,14,,6,6,1,22,1,C03,120.7247,24.232616,2
2022,2,7,8,5,臺中市,西屯區,0,1,0,8,1,5,50,14,7,1,5,4,5,7,4,4,8,4,4,1,17,23,2,9,1,4,C03,7,9,1,10,2,14,,23,23,1,4,8,C03,120.652095,24.171865,2
2022,2,7,8,7,臺中市,石岡區,0,0,0,8,1,3,70,14,8,1,5,4,5,7,4,4,1,5,5,1,14,12,3,10,1,1,B12,7,2,1,8,2,7,,12,12,1,22,8,B12,120.803786,24.267646,3
2022,2,7,8,10,臺中市,烏日區,0,1,0,8,1,5,40,3,1,1,5,4,5,1,4,4,10,5,5,2,18,42,2,9,1,1,C03,7,9,1,10,2,15,12,42,42,1,21,8,C03,120.631308,24.108983,2
2022,2,7,8,19,臺中市,南區,0,2,0,8,1,5,50,3,1,1,5,4,5,7,1,1,1,2,4,2,13,16,2,8,1,1,C03,7,9,1,10,2,11,,16,16,1,22,8,C03,120.679401,24.125635,2
2022,2,7,8,29,臺中市,南屯區,0,0,0,8,,,50,,,,,,,,,,,,,,,26,,,,,B03,,,1,,1,,,26,26,1,22,,B03,120.640806,24.149186,3
2022,2,7,8,32,臺中市,南屯區,0,0,0,8,1,5,50,4,2,1,5,4,5,7,1,1,5,4,5,2,12,17,3,10,1,1,C03,7,9,1,10,2,14,,17,17,1,22,8,C03,120.615281,24.147923,3
2022,2,7,8,32,臺中市,后里區,0,1,0,8,1,5,50,3,1,1,5,4,5,7,4,4,10,5,5,2,16,6,3,10,1,1,B03,7,5,1,8,2,1,,6,6,1,4,8,B03,120.68982,24.321006,2
2022,2,7,8,36,臺中市,豐原區,0,1,0,8,1,5,50,3,1,1,5,4,5,7,4,4,10,5,5,2,17,6,3,10,3,4,C03,7,5,1,10,2,15,,6,6,1,22,8,C03,120.707976,24.239559,2
2022,2,7,8,45,臺中市,龍井區,0,0,0,,,,60,,,,,,,,,,,,,,,25,,,,,B03,,,1,,2,,,25,25,1,19,,B03,120.522934,24.196497,3
2022,2,7,8,49,臺中市,北屯區,0,0,0,8,,,50,,,,,,,,,,,,,,,16,,,,,B12,,,1,,1,,,16,16,1,5,,B12,120.682056,24.182323,3
2022,2,7,8,52,臺中市,南屯區,0,2,0,8,1,5,50,4,1,1,5,4,5,7,4,4,5,4,5,2,17,6,2,9,1,1,C03,7,5,1,10,2,14,,6,6,1,22,8,C03,120.652996,24.139403,2
2022,2,7,8,54,臺中市,北屯區,0,2,0,8,1,5,50,3,1,1,5,4,5,7,4,4,10,5,5,2,11,42,2,9,1,1,C03,7,9,1,10,2,11,,42,42,1,21,8,C03,120.66365,24.187426,2
2022,2,7,8,59,臺中市,北屯區,0,0,0,8,,,30,,,,,,,,,,,,,,,19,,,,,B03,,,1,,2,,,19,19,1,4,,B03,120.699431,24.174405,3
2022,2,7,9,0,臺中市,北屯區,0,2,0,8,1,5,50,14,7,1,5,4,5,7,4,4,5,4,4,2,17,19,2,9,1,1,C03,7,1,1,10,2,14,,19,19,1,5,4,C03,120.696632,24.172895,2
2022,2,7,9,17,臺中市,北區,0,0,0,8,,,30,,,,,,,,,,,,,,,17,,,,,B03,,,1,,1,,,17,17,1,22,,B03,120.68316,24.162016,3
2022,2,7,9,47,臺中市,豐原區,0,2,0,8,1,5,50,4,2,1,5,4,5,7,1,1,8,3,4,1,9,23,2,8,3,4,C03,7,9,1,10,2,11,,23,23,1,22,8,C03,120.720938,24.251952,2
2022,2,7,9,55,臺中市,清水區,0,0,0,8,,,50,,,,,,,,,,,,,,,40,,,,,B03,,,1,,1,,,40,40,1,21,,B03,120.57418,24.267606,3
2022,2,7,10,4,臺中市,大肚區,0,1,0,8,1,5,50,14,9,1,5,4,5,7,4,4,5,5,5,1,16,19,3,10,1,1,B03,7,1,1,8,2,8,,19,19,1,22,8,B03,120.580369,24.172292,2
2022,2,7,10,8,臺中市,西屯區,0,0,0,8,,,50,,,,,,,,,,,,,,,23,,,,,B03,,,1,,2,,,23,23,1,22,,B03,120.645215,24.172996,3
2022,2,7,10,16,臺中市,北區,0,0,0,8,,,50,,,,,,,,,,,,,,,6,,,,,B03,,,1,,1,,,6,6,1,22,,B03,120.677118,24.17232,3
2022,2,7,10,22,臺中市,南屯區,0,0,0,,,,50,,,,,,,,,,,,,,,7,,,,,B03,,,1,,1,,,7,7,1,22,,B03,120.636921,24.136686,3
2022,2,7,10,23,臺中市,烏日區,0,0,0,8,,,80,,,,,,,,,,,,,,,23,,,,,B12,,,1,,2,,,23,23,1,22,,B12,120.611181,24.100471,3
2022,2,7,10,25,臺中市,清水區,0,1,0,8,1,5,50,14,9,1,5,4,5,7,4,4,5,5,5,2,16,6,3,10,1,1,C03,7,5,1,10,2,11,,6,6,1,5,1,C03,120.577959,24.269467,2
2022,2,7,10,26,臺中市,梧棲區,0,0,0,8,,,50,,,,,,,,,,,,,,,12,,,,,B12,,,1,,2,,,12,12,1,20,,B12,120.532133,24.244515,3
2022,2,7,10,30,臺中市,豐原區,0,1,0,8,1,5,50,5,1,1,5,4,5,7,1,1,5,5,5,2,17,23,3,10,1,1,C03,7,9,3,18,2,11,,23,23,1,20,8,C03,120.720615,24.24019,2
2022,2,7,10,40,臺中市,潭子區,0,1,0,8,1,5,50,14,7,1,5,4,5,7,4,4,5,5,4,1,16,10,3,10,1,1,B12,7,11,1,8,2,7,,10,10,1,22,9,B12,120.721065,24.20406,2
2022,2,7,10,50,臺中市,太平區,0,1,0,8,1,5,50,5,1,1,5,4,5,7,3,1,10,5,5,2,18,5,2,9,1,1,C03,7,5,1,10,2,14,,5,5,1,5,5,C03,120.708906,24.154258,2
2022,2,7,10,50,臺中市,神岡區,0,1,0,8,1,5,30,4,1,1,5,4,5,7,4,4,10,5,5,2,17,6,2,9,1,1,C03,7,9,1,10,2,11,,23,6,1,21,8,C03,120.697078,24.252181,2
2022,2,7,10,56,臺中市,北屯區,0,1,0,8,1,5,50,14,7,1,5,4,5,7,4,4,9,5,4,2,18,23,2,9,1,1,C03,7,9,4,11,2,13,,23,23,1,5,8,C03,120.699141,24.161559,2