年,月,日,時,分,縣市,區,死,受傷,2-30,天候,光線,道路類別,速限,道路型態,事故位置,路面鋪裝,路面狀態,路面缺陷,障礙物,視距,號誌種類,號誌動作,分向設施,快車道或一般車道間,快慢車道間,路面邊線,事故類型及型態,主要肇因,受傷程度,主要傷處,保護裝備,行動電話,當事者區分,車輛用途,當事者行動狀態,駕駛資格情形,駕駛執照種類,飲酒情形,車輛撞擊部位最初,車輛撞擊部位其他,肇事因素個別,肇事因素主要,肇事逃逸,職業,旅次目的,車種,GPS緯度,GPS經度,事故類別
2022,2,7,11,0,臺中市,北屯區,0,0,0,8,,,50,,,,,,,,,,,,,,,37,,,,,B12,,,1,,1,,,37,37,1,5,,B12,120.688855,24.178172,3
2022,2,7,11,0,臺中市,龍井區,0,0,0,8,,,30,,,,,,,,,,,,,,,12,,,,,B11,,,1,,2,,,12,12,1,10,,B11,120.591771,24.190435,3
2022,2,7,11,0,臺中市,清水區,0,1,0,8,1,5,30,4,1,1,5,4,5,7,4,4,10,5,5,2,15,6,3,10,1,1,B03,7,9,1,8,2,1,,6,6,1,21,8,B03,120.636491,24.283996,2
2022,2,7,11,0,臺中市,沙鹿區,0,0,0,8,,,50,,,,,,,,,,,,,,,16,,,,,C03,,,1,,2,,,16,16,1,4,,C03,120.558949,24.238671,3
2022,2,7,11,5,臺中市,北屯區,0,1,0,8,1,5,50,14,7,1,5,4,5,7,4,4,5,5,4,2,13,23,3,10,1,1,B03,7,9,6,8,2,1,,23,23,1,5,8,B03,120.693441,24.168425,2
2022,2,7,11,10,臺中市,潭子區,0,0,0,8,,,40,,,,,,,,,,,,,,,23,,,,,B12,,,1,,9,,,23,23,2,22,,B12,120.705426,24.213978,3
2022,2,7,11,10,臺中市,沙鹿區,0,2,0,8,1,5,50,14,8,1,5,4,5,5,4,4,1,4,4,2,17,4,2,6,1,1,C03,7,9,6,10,2,14,,4,4,1,9,8,C03,120.559878,24.239262,2
2022,2,7,11,15,臺中市,沙鹿區,0,1,0,8,1,5,50,3,9,1,5,4,5,7,4,4,8,5,5,2,17,42,2,9,1,1,C03,7,9,1,10,2,12,,42,42,1,22,9,C03,120.578585,24.215311,2
2022,2,7,11,20,臺中市,后里區,0,2,0,8,1,5,50,4,1,1,5,4,5,7,1,1,10,5,5,2,16,43,2,9,1,1,C03,7,9,3,18,2,12,,43,43,1,6,8,C03,120.702713,24.308157,2
2022,2,7,11,20,臺中市,神岡區,0,0,0,8,,,30,,,,,,,,,,,,,,,16,,,,,C03,,,1,,2,,,16,16,1,22,,C03,120.699446,24.274571,3
2022,2,7,11,23,臺中市,沙鹿區,0,0,0,8,,,30,,,,,,,,,,,,,,,4,,,,,C03,,,1,,2,,,4,4,1,4,,C03,120.579912,24.215449,3
2022,2,7,11,29,臺中市,北區,0,0,0,8,,,50,,,,,,,,,,,,,,,43,,,,,B03,,,1,,2,,,43,43,1,22,,B03,120.694326,24.155623,3
2022,2,7,11,30,臺中市,中區,0,0,0,8,1,5,50,14,9,1,5,4,5,7,4,4,10,5,5,2,14,44,,,,,B03,,,1,,1,,,44,44,1,21,,B03,120.679626,24.140553,3
2022,2,7,11,30,臺中市,清水區,0,0,0,8,,,50,,,,,,,,,,,,,,,17,,,,,B02,,,1,,2,,,17,17,1,21,,B02,120.567057,24.26865,3
2022,2,7,11,35,臺中市,南屯區,0,1,0,8,1,5,50,4,1,1,5,4,5,7,1,1,10,5,5,2,16,6,3,10,1,1,C03,7,5,1,10,2,12,,6,6,1,22,8,C03,120.653005,24.135752,2
2022,2,7,11,43,臺中市,大里區,0,0,0,8,1,5,30,14,9,1,5,4,5,7,4,4,10,5,5,2,29,44,,,,,B03,,,8,,10,,,44,44,1,5,,B03,120.693323,24.10988,3
2022,2,7,11,44,臺中市,潭子區,0,1,0,8,1,5,50,14,9,1,5,4,5,7,4,4,5,4,5,1,29,23,2,9,1,1,C03,7,9,1,10,2,15,,23,23,1,22,8,C03,120.723996,24.220311,2
2022,2,7,11,46,臺中市,西屯區,0,1,0,8,1,5,30,3,1,1,5,4,5,7,4,4,10,5,5,1,16,6,3,10,1,1,B12,7,5,1,8,2,4,,6,6,1,22,8,B12,120.634926,24.191671,2
2022,2,7,12,0,臺中市,梧棲區,0,1,0,8,1,5,50,4,1,1,5,4,5,7,4,4,10,5,5,1,15,6,3,10,1,1,B03,7,9,1,8,2,5,,6,6,1,12,8,B03,120.535076,24.254653,2
2022,2,7,12,20,臺中市,北屯區,0,2,0,8,1,5,50,4,1,1,5,4,5,7,2,1,10,5,5,2,11,8,2,8,1,1,C03,7,5,4,11,2,11,,8,8,1,19,8,C03,120.670453,24.178492,2
2022,2,7,12,20,臺中市,大肚區,0,0,0,8,,,30,,,,,,,,,,,,,,,17,,,,,A12,,,1,,1,,,17,17,1,2,,A12,120.570054,24.124581,3
2022,2,7,12,29,臺中市,南屯區,0,0,0,8,,,50,,,,,,,,,,,,,,,16,,,,,B01,,,1,,2,,,16,16,1,22,,B01,120.636096,24.150293,3
2022,2,7,12,38,臺中市,東區,0,0,0,8,1,5,50,5,2,1,5,4,5,7,1,1,5,2,5,2,13,23,,,,,B03,,,1,,2,,,23,23,1,5,,B03,120.699357,24.14797,3
2022,2,7,12,40,臺中市,北屯區,0,0,0,8,,,50,,,,,,,,,,,,,,,23,,,,,B03,,,1,,2,,,23,23,1,4,,B03,120.707716,24.185926,3
2022,2,7,12,50,臺中市,大雅區,0,1,0,8,1,5,50,14,9,1,5,4,5,7,4,4,5,4,5,1,17,19,3,10,1,1,B03,7,1,1,8,2,8,,19,19,1,22,8,B03,120.65118,24.227693,2
2022,2,7,12,51,臺中市,烏日區,0,0,0,8,,,50,,,,,,,,,,,,,,,12,,,,,B03,,,1,,2,,,12,12,1,4,,B03,120.634128,24.10715,3
2022,2,7,12,52,臺中市,大甲區,0,0,0,8,,,50,,,,,,,,,,,,,,,18,,,,,B02,,,1,,1,,,18,18,1,21,,B02,120.655811,24.401961,3
2022,2,7,12,54,臺中市,豐原區,0,1,0,8,1,5,50,3,1,1,5,4,5,7,4,4,10,5,5,2,16,6,3,10,3,4,C03,7,5,1,10,2,13,,6,6,1,22,8,C03,120.717685,24.253245,2
2022,2,7,12,55,臺中市,烏日區,0,2,0,8,1,5,30,3,1,1,5,4,5,7,4,4,10,5,5,2,16,6,2,9,1,1,C03,7,5,1,10,2,11,,6,6,1,21,8,C03,120.641564,24.103182,2
2022,2,7,13,10,臺中市,后里區,0,1,0,7,1,5,30,13,9,1,5,4,5,7,4,4,10,5,5,2,11,23,2,9,1,1,C03,7,9,1,10,2,11,,23,23,1,22,8,C03,120.712454,24.303204,2
2022,2,7,13,11,臺中市,烏日區,0,0,0,,,,60,,,,,,,,,,,,,,,23,,,,,B03,,,1,,2,,,23,23,1,22,,B03,120.621999,24.105144,3
2022,2,7,13,13,臺中市,北區,0,0,0,8,,,30,,,,,,,,,,,,,,,17,,,,,B03,,,3,,2,,,17,17,1,22,,B03,120.684486,24.154935,3
2022,2,7,13,20,臺中市,沙鹿區,0,0,0,8,,,50,,,,,,,,,,,,,,,26,,,,,B03,,,1,,2,,,26,26,1,22,,B03,120.575215,24.226738,3
2022,2,7,13,30,臺中市,大雅區,0,1,0,8,1,5,50,3,1,1,5,4,5,7,1,1,5,5,5,1,13,16,3,10,1,1,B03,7,9,1,8,2,1,,16,16,1,22,9,B03,120.674711,24.202905,2
2022,2,7,13,30,臺中市,北屯區,0,1,0,8,1,5,40,14,16,1,5,4,5,7,4,4,10,5,5,1,13,23,3,10,1,1,B01,7,9,1,3,2,8,,23,23,1,21,8,B01,120.721026,24.173847,2
2022,2,7,13,32,臺中市,北屯區,0,1,0,8,1,5,50,3,1,1,5,4,5,7,4,4,1,4,5,2,16,7,3,10,1,1,B12,7,10,1,7,2,5,,7,7,1,21,8,B12,120.699295,24.177108,2
2022,2,7,13,43,臺中市,南屯區,0,2,0,8,1,5,30,4,1,1,5,4,5,7,4,4,10,5,5,2,15,6,2,9,1,1,C03,7,9,3,18,2,12,,6,6,1,22,8,C03,120.641892,24.139822,2
2022,2,7,13,52,臺中市,北屯區,0,1,0,8,1,5,50,3,22,1,5,4,5,7,4,4,1,4,5,2,16,6,3,10,1,1,B03,7,6,1,8,2,2,,6,6,1,4,8,B03,120.676648,24.177538,2
2022,2,7,13,58,臺中市,北區,0,0,0,8,,,50,,,,,,,,,,,,,,,23,,,,,B03,,,1,,2,,,23,23,1,22,,B03,120.672222,24.169199,3
2022,2,7,14,17,臺中市,清水區,0,1,0,8,1,5,50,4,1,1,5,4,5,7,1,1,1,4,5,1,16,25,3,10,1,1,B03,7,9,1,8,2,1,,25,25,1,5,5,B03,120.566413,24.27687,2
2022,2,7,14,19,臺中市,沙鹿區,0,1,0,8,1,5,60,5,1,1,5,4,5,7,1,1,10,5,5,2,16,6,3,10,1,1,B12,7,6,1,8,2,2,,6,6,1,22,9,B12,120.569509,24.237324,2
2022,2,7,14,22,臺中市,西屯區,0,1,0,8,1,5,40,14,8,1,5,4,5,7,4,4,5,5,4,2,13,16,3,10,1,1,C03,7,9,1,10,2,13,,44,16,1,22,8,C03,120.664463,24.167288,2
2022,2,7,14,25,臺中市,烏日區,0,1,0,8,1,5,50,14,9,1,5,4,5,7,4,4,5,4,5,1,16,10,3,10,1,1,B03,7,11,1,8,2,7,,10,10,1,22,8,B03,120.64304,24.077837,2
2022,2,7,14,33,臺中市,北區,0,0,0,8,,,50,,,,,,,,,,,,,,,23,,,,,B03,,,3,,2,,,23,23,1,21,,B03,120.674068,24.164734,3
2022,2,7,14,34,臺中市,石岡區,0,0,0,8,,,30,,,,,,,,,,,,,,,12,,,,,B03,,,1,,2,,,12,12,1,22,,B03,120.816859,24.258548,3
2022,2,7,14,41,臺中市,北區,0,0,0,,,,40,,,,,,,,,,,,,,,12,,,,,B03,,,1,,11,,,12,12,1,5,,B03,120.688639,24.161367,3
2022,2,7,14,42,臺中市,大安區,0,1,0,8,1,5,30,11,9,1,5,4,5,7,4,4,10,5,5,2,17,17,2,9,1,1,C03,7,9,1,10,2,11,,17,17,1,22,8,C03,120.58017,24.341099,2
2022,2,7,14,50,臺中市,南屯區,0,1,0,8,1,5,50,4,2,1,5,4,5,7,1,1,5,4,5,2,16,6,3,10,1,1,C03,7,5,1,10,2,12,,6,6,1,22,8,C03,120.636238,24.146808,2
2022,2,7,14,58,臺中市,南區,0,1,0,8,1,5,50,3,1,1,5,4,5,7,1,1,10,5,5,2,18,23,2,9,1,1,C03,7,9,1,10,2,12,,23,23,1,22,9,C03,120.669718,24.119006,2
2022,2,7,14,58,臺中市,南屯區,0,0,0,8,,,50,,,,,,,,,,,,,,,17,,,,,B03,,,1,8,2,,,17,17,1,12,,B03,120.646388,24.141346,3
2022,2,7,15,23,臺中市,神岡區,0,0,0,8,,,50,,,,,,,,,,,,,,,18,,,,,B12,,,1,,2,,,18,18,1,22,,B12,120.667838,24.257428,3
2022,2,7,15,35,臺中市,北區,0,0,0,8,,,50,,,,,,,,,,,,,,,6,,,,,B03,,,1,,2,,,6,6,1,20,,B03,120.691047,24.155863,3
2022,2,7,15,36,臺中市,北區,0,0,0,8,,,40,,,,,,,,,,,,,,,19,,,,,B03,,,1,,1,,,19,19,1,21,,B03,120.685735,24.156227,3
2022,2,7,15,58,臺中市,北區,0,0,0,,,,40,,,,,,,,,,,,,,,12,,,,,B02,,,1,,2,,,12,12,1,5,,B02,120.68107,24.153607,3
2022,2,7,16,0,臺中市,梧棲區,0,0,0,8,,,50,,,,,,,,,,,,,,,23,,,,,B03,,,3,,2,,,23,23,1,12,,B03,120.538558,24.257827,3
2022,2,7,16,0,臺中市,大甲區,0,0,0,8,,,50,,,,,,,,,,,,,,,23,,,,,B03,,,1,,2,,,23,23,1,22,,B03,120.619023,24.34815,3
2022,2,7,16,7,臺中市,南區,0,0,0,8,1,5,50,14,7,1,5,4,5,7,4,4,5,4,5,2,29,67,,,,,,,,,,,,,67,67,1,,,,120.653832,24.122322,3
2022,2,7,16,9,臺中市,北屯區,0,0,0,8,,,40,,,,,,,,,,,,,,,23,,,,,B03,,,1,,2,,,23,23,1,21,,B03,120.68348,24.201308,3
2022,2,7,16,9,臺中市,西屯區,0,0,0,8,,,50,,,,,,,,,,,,,,,7,,,,,B03,,,1,,1,,,7,7,1,22,,B03,120.625295,24.180464,3
2022,2,7,16,9,臺中市,豐原區,0,1,0,8,1,5,50,14,9,1,5,4,5,7,4,4,5,5,5,1,16,26,3,10,3,4,B03,7,8,1,8,2,6,,26,26,1,20,8,B03,120.720528,24.265613,2
2022,2,7,16,10,臺中市,西區,0,0,0,8,,,50,,,,,,,,,,,,,,,16,,,,,B03,,,1,,1,,,44,44,1,21,,B03,120.672167,24.148673,3
2022,2,7,16,14,臺中市,南屯區,0,0,0,,,,50,,,,,,,,,,,,,,,23,,,,,B02,,,1,,2,,,23,23,1,22,,B02,120.646613,24.140964,3
2022,2,7,16,15,臺中市,龍井區,0,0,0,8,,,30,,,,,,,,,,,,,,,6,,,,,B03,,,1,,2,,,6,6,1,12,,B03,120.527095,24.201841,3
2022,2,7,16,25,臺中市,南屯區,0,0,0,8,,,50,,,,,,,,,,,,,,,26,,,,,B03,,,1,,2,,,26,26,1,22,,B03,120.630944,24.148833,3
2022,2,7,16,30,臺中市,大肚區,0,0,0,,,,50,,,,,,,,,,,,,,,7,,,,,A41,,,1,,2,,,7,7,1,22,,A41,120.550962,24.137698,3
2022,2,7,16,38,臺中市,大里區,0,1,0,8,1,5,50,14,8,1,5,4,5,7,1,1,2,2,2,1,16,9,3,10,1,1,B03,7,6,1,8,2,2,,9,9,1,22,8,B03,120.688907,24.093601,2
2022,2,7,16,45,臺中市,西屯區,0,0,0,8,,,50,,,,,,,,,,,,,,,10,,,,,B03,,,1,,2,,,10,10,1,22,,B03,120.667553,24.178211,3
2022,2,7,16,57,臺中市,大雅區,0,1,0,8,1,5,30,3,1,1,5,4,5,7,4,4,10,4,5,1,15,6,3,10,1,1,B03,7,9,1,8,2,1,,6,6,1,22,9,B03,120.666191,24.238152,2
2022,2,7,17,5,臺中市,西區,0,1,0,7,1,5,50,5,1,1,5,4,5,7,1,1,10,5,5,2,13,23,3,10,1,1,C03,7,9,1,10,2,11,,23,23,1,21,8,C03,120.672591,24.131745,2
2022,2,7,17,5,臺中市,北屯區,0,1,0,6,3,5,50,4,1,1,4,4,5,7,2,1,10,5,5,2,16,23,2,9,1,1,C03,7,9,1,10,2,11,,23,23,1,21,8,C03,120.667331,24.179916,2
2022,2,7,17,7,臺中市,大雅區,0,2,0,8,3,5,30,5,1,1,4,4,5,7,4,4,10,5,5,2,16,6,2,9,1,1,F03,7,9,8,20,2,16,,6,6,1,22,9,F03,120.669829,24.204655,2
2022,2,7,17,10,臺中市,神岡區,0,0,0,8,,,50,,,,,,,,,,,,,,,16,,,,,C03,,,1,,2,,,16,16,1,22,,C03,120.680871,24.247606,3
2022,2,7,17,12,臺中市,烏日區,0,2,0,8,1,5,50,3,1,1,5,4,5,7,4,4,10,5,5,2,16,7,2,9,1,1,C03,7,7,1,10,2,11,,7,7,1,10,8,C03,120.625035,24.10692,2
2022,2,7,17,15,臺中市,西屯區,0,1,0,8,1,5,50,4,2,1,5,4,5,7,2,1,8,3,5,1,17,6,3,10,1,1,C03,7,5,1,10,2,14,,6,6,1,22,8,C03,120.608563,24.169594,2
2022,2,7,17,15,臺中市,神岡區,0,1,0,8,1,5,30,4,1,1,5,4,5,7,3,1,10,5,5,2,16,6,3,10,1,1,B03,7,5,1,8,2,4,,6,6,1,22,9,B03,120.653175,24.258636,2
2022,2,7,17,16,臺中市,后里區,0,3,0,6,1,5,50,4,1,1,4,4,5,7,1,1,4,3,4,1,12,42,2,8,1,1,C03,7,7,1,10,2,14,,42,42,1,22,8,C03,120.710745,24.304937,2
2022,2,7,17,20,臺中市,大甲區,0,1,0,8,3,5,70,14,9,1,5,4,5,7,4,4,1,4,4,1,13,23,3,10,1,1,A12,7,9,1,7,2,1,,23,23,1,5,3,A12,120.650185,24.379158,2
2022,2,7,17,25,臺中市,南屯區,0,0,0,8,,,50,,,,,,,,,,,,,,,17,,,,,C03,,,1,,1,,,17,17,1,22,,C03,120.6379,24.14913,3
2022,2,7,17,27,臺中市,南區,0,0,0,6,,,50,,,,,,,,,,,,,,,7,,,,,B12,,,1,8,2,,,7,7,1,5,,B12,120.648398,24.122593,3
2022,2,7,17,28,臺中市,烏日區,0,0,0,8,,,50,,,,,,,,,,,,,,,23,,,,,A11,,,1,,2,,,23,23,1,10,,A11,120.643405,24.06144,3
2022,2,7,17,34,臺中市,北區,0,0,0,,,,40,,,,,,,,,,,,,,,6,,,,,C03,,,1,,2,,,6,6,1,5,,C03,120.695978,24.156712,3
2022,2,7,17,37,臺中市,南區,0,0,0,8,,,50,,,,,,,,,,,,,,,23,,,,,B03,,,1,,2,,,23,23,1,22,,B03,120.650118,24.120638,3
2022,2,7,17,39,臺中市,北屯區,0,3,0,6,3,5,50,14,9,1,4,4,5,7,4,4,9,5,5,2,3,23,2,9,1,1,C03,7,9,1,10,2,11,12,23,23,1,5,8,C03,120.729531,24.158171,2
2022,2,7,17,40,臺中市,大甲區,0,1,0,6,3,5,50,14,8,1,4,4,5,7,4,4,1,4,4,1,13,23,3,10,1,4,B03,7,9,1,8,2,1,,23,23,1,21,1,B03,120.663618,24.400651,2
2022,2,7,17,40,臺中市,神岡區,0,0,0,6,,,30,,,,,,,,,,,,,,,5,,,,,B03,,,1,,1,,,5,5,1,22,,B03,120.685463,24.280397,3
2022,2,7,17,40,臺中市,豐原區,0,1,0,7,3,5,60,4,2,1,5,4,5,7,1,1,3,3,3,1,18,43,2,8,3,4,C03,7,9,1,10,2,12,,43,43,1,22,8,C03,120.722861,24.236383,2
2022,2,7,17,48,臺中市,南屯區,0,0,0,,,,50,,,,,,,,,,,,,,,7,,,,,B03,,,1,,2,,,7,7,1,22,,B03,120.62224,24.150092,3
2022,2,7,17,51,臺中市,大肚區,0,1,0,8,3,5,30,3,9,1,5,4,5,7,4,4,5,5,5,1,16,8,2,9,1,1,C03,7,5,1,10,2,12,,8,8,1,20,8,C03,120.545604,24.153491,2
2022,2,7,17,56,臺中市,清水區,0,1,0,6,2,5,40,14,7,1,4,4,5,7,4,4,5,5,4,2,17,19,3,10,1,1,B03,7,1,1,8,2,15,,19,19,1,5,5,B03,120.571158,24.276699,2
2022,2,7,17,59,臺中市,后里區,0,0,0,6,2,5,50,14,9,1,5,4,3,7,4,4,5,4,5,1,16,18,,,,,B03,,,1,,1,,,18,18,1,22,,B03,120.723957,24.308821,3
2022,2,7,18,0,臺中市,神岡區,0,1,0,6,3,5,50,14,9,1,4,4,5,7,4,4,5,5,5,1,27,13,2,8,1,1,C03,7,9,1,10,2,11,,13,13,1,22,9,C03,120.670078,24.256741,2
2022,2,7,18,4,臺中市,北屯區,0,1,0,6,3,5,40,14,8,1,4,4,5,7,4,4,1,4,4,1,13,23,2,9,1,1,C03,7,9,1,10,2,11,,23,23,1,21,8,C03,120.791017,24.20492,2
2022,2,7,18,6,臺中市,北區,0,0,0,,,,50,,,,,,,,,,,,,,,16,,,,,B03,,,1,,1,,,16,16,1,5,,B03,120.665407,24.160364,3
2022,2,7,18,11,臺中市,北區,0,1,0,8,3,5,40,4,1,1,5,4,5,7,2,1,3,4,4,2,29,43,2,9,1,1,C03,7,9,1,10,2,14,,43,43,1,22,8,C03,120.694185,24.155953,2
2022,2,7,18,15,臺中市,西屯區,0,1,0,6,3,5,50,14,7,1,4,4,5,7,4,4,5,4,4,2,17,43,3,10,3,4,B03,7,8,1,7,1,15,,43,43,1,22,8,B03,120.637865,24.186055,2
2022,2,7,18,20,臺中市,潭子區,0,4,0,6,3,5,60,14,7,1,4,4,5,7,4,4,1,4,4,1,16,19,2,1,1,1,B03,7,1,1,8,2,1,,19,19,1,22,9,B03,120.71004,24.235924,2
2022,2,7,18,20,臺中市,北屯區,0,1,0,6,3,5,50,14,9,1,4,4,5,7,4,4,5,4,5,2,3,52,2,8,4,5,H01,8,16,8,20,10,16,,52,52,1,21,8,H01,120.71846,24.169051,2
2022,2,7,18,20,臺中市,后里區,0,0,0,6,2,5,50,4,7,1,4,4,5,7,3,1,4,3,4,1,13,16,,,,,C03,,,1,,2,,,16,16,1,22,,C03,120.707781,24.306122,3
2022,2,7,18,23,臺中市,清水區,0,0,0,6,3,5,60,3,1,1,4,4,5,7,1,1,1,4,1,1,12,7,3,10,1,1,B03,7,8,1,8,9,15,,7,7,1,18,5,B03,120.561823,24.272129,3
2022,2,7,18,26,臺中市,神岡區,0,0,0,6,,,50,,,,,,,,,,,,,,,12,,,,,B03,,,1,,2,,,12,12,1,22,,B03,120.673751,24.252948,3
2022,2,7,18,30,臺中市,梧棲區,0,0,0,6,,,50,,,,,,,,,,,,,,,18,,,,,B12,,,1,,2,,,18,18,1,9,,B12,120.531165,24.256886,3
2022,2,7,18,31,臺中市,豐原區,0,0,0,,,,50,,,,,,,,,,,,,,,23,,,,,B03,,,1,,2,,,23,23,1,22,,B03,120.725913,24.246286,3
2022,2,7,18,41,臺中市,烏日區,0,2,0,6,3,5,50,3,1,1,4,4,5,7,4,4,5,5,4,2,11,26,2,8,1,1,C03,7,5,1,10,2,11,,26,26,1,22,8,C03,120.607286,24.110266,2
2022,2,7,18,44,臺中市,東區,0,1,0,6,3,5,50,14,9,1,4,4,5,7,1,1,5,4,5,2,13,16,2,9,1,1,C03,7,9,1,10,2,11,,16,16,1,5,8,C03,120.705969,24.129877,2
2022,2,7,18,48,臺中市,北區,0,1,0,6,3,5,50,3,2,1,4,4,5,7,2,1,2,4,5,2,16,19,3,10,1,1,B01,7,1,1,8,2,8,,19,19,1,10,8,B01,120.68417,24.149684,2
2022,2,7,18,48,臺中市,西屯區,0,1,0,6,3,5,50,4,1,1,4,4,5,7,1,1,10,5,5,2,2,15,3,10,1,1,B03,7,5,1,8,11,1,,15,15,1,4,8,B03,120.660936,24.171644,2
2022,2,7,18,52,臺中市,太平區,0,1,0,8,1,5,40,14,9,1,4,4,5,7,4,4,10,5,5,2,16,7,3,10,1,1,C01,7,7,1,9,2,14,,7,7,1,21,8,C01,120.712888,24.14957,2
2022,2,7,18,53,臺中市,南屯區,0,1,0,6,3,5,50,14,7,1,4,4,5,7,4,4,5,4,5,2,16,10,3,10,1,1,B03,7,11,1,8,2,8,,10,10,1,5,8,B03,120.615554,24.150779,2
2022,2,7,18,57,臺中市,沙鹿區,0,1,0,6,3,5,40,14,8,1,4,4,5,7,4,4,1,4,4,2,17,23,2,9,1,1,C03,7,9,1,10,2,12,,23,23,1,21,8,C03,120.570122,24.212482,2
2022,2,7,19,0,臺中市,北屯區,0,1,0,6,3,5,50,14,9,1,4,4,5,7,4,4,1,4,5,2,16,14,2,9,1,1,C03,7,9,1,10,2,14,,14,14,1,21,8,C03,120.685758,24.176703,2
2022,2,7,19,0,臺中市,烏日區,0,0,0,,,,50,,,,,,,,,,,,,,,12,,,,,B12,,,1,,2,,,12,12,1,21,,B12,120.628632,24.105531,3
2022,2,7,19,15,臺中市,西屯區,0,2,0,8,1,5,50,3,1,1,4,4,5,7,4,4,10,5,5,1,16,6,2,7,3,4,C03,7,5,1,10,2,12,,6,6,1,22,8,C03,120.593585,24.179954,2
2022,2,7,19,17,臺中市,西屯區,0,1,0,6,3,5,40,3,2,1,4,4,5,7,4,4,8,3,5,1,9,23,3,10,1,1,B03,7,5,1,8,2,8,,23,23,1,22,8,B03,120.651101,24.171326,2
2022,2,7,19,21,臺中市,東區,0,1,0,6,3,5,50,3,2,1,4,4,5,7,4,4,5,4,5,2,16,10,2,9,3,4,C03,7,9,1,10,2,12,,23,10,1,5,8,C03,120.688181,24.135698,2
2022,2,7,19,25,臺中市,北屯區,0,0,0,6,,,50,,,,,,,,,,,,,,,23,,,,,B02,,,2,,2,,,23,23,1,22,,B02,120.695442,24.164966,3
2022,2,7,19,28,臺中市,北區,0,2,0,6,3,5,50,4,2,1,4,4,5,7,1,1,1,3,4,2,12,17,2,8,1,1,C03,7,9,1,10,2,14,,17,17,1,21,8,C03,120.692508,24.16148,2
2022,2,7,19,29,臺中市,東區,0,0,0,8,,,50,,,,,,,,,,,,,,,42,,,,,C03,,,1,,2,,,42,42,1,22,,C03,120.685577,24.135448,3
2022,2,7,19,30,臺中市,大甲區,0,1,0,6,3,5,50,4,1,1,4,4,5,7,1,1,5,5,5,2,1,23,3,10,1,1,B03,7,5,1,8,2,8,,23,23,1,21,8,B03,120.619845,24.350011,2
2022,2,7,19,30,臺中市,大甲區,0,0,0,,,,50,,,,,,,,,,,,,,,67,,,,,B03,,,1,,2,,,67,67,1,4,,B03,120.654076,24.381416,3
2022,2,7,19,33,臺中市,龍井區,0,0,0,6,,,30,,,,,,,,,,,,,,,16,,,,,C03,,,1,,2,,,16,16,1,22,,C03,120.59768,24.188871,3
2022,2,7,19,50,臺中市,大雅區,0,1,0,6,3,5,30,3,1,1,4,4,5,7,4,4,5,4,4,2,29,43,3,10,1,1,B03,7,5,1,8,2,15,,43,43,1,21,8,B03,120.667906,24.216884,2
2022,2,7,19,58,臺中市,南區,0,0,0,6,,,50,,,,,,,,,,,,,,,26,,,,,B03,,,1,,2,,,26,26,1,22,,B03,120.664136,24.113584,3
2022,2,7,19,58,臺中市,沙鹿區,0,2,0,6,3,5,60,3,1,1,4,4,5,7,1,1,10,5,5,2,17,6,3,10,1,1,B12,7,5,1,8,2,6,,6,6,1,9,8,B12,120.583342,24.250196,2
2022,2,7,20,5,臺中市,外埔區,0,0,0,6,4,5,40,13,9,1,5,4,5,6,4,4,10,5,5,2,14,12,,,,,B03,,,1,,2,,,12,12,1,21,,B03,120.628391,24.33442,3
2022,2,7,20,16,臺中市,南區,0,1,0,6,3,5,50,4,2,1,4,4,5,7,3,1,9,4,4,2,16,6,2,9,1,1,C03,7,9,1,10,2,11,,6,6,1,5,1,C03,120.64862,24.11452,2
2022,2,7,20,48,臺中市,西區,0,0,0,8,,,50,,,,,,,,,,,,,,,44,,,,,B03,,,1,,1,,,44,44,1,21,,B03,120.661587,24.155869,3
2022,2,7,20,54,臺中市,西區,0,0,0,,,,50,,,,,,,,,,,,,,,7,,,,,B03,,,1,,2,,,7,7,1,20,,B03,120.669801,24.150724,3
2022,2,7,21,1,臺中市,西屯區,0,1,0,7,3,5,50,14,9,1,4,4,5,7,4,4,1,4,5,2,18,42,2,9,1,1,C03,7,9,1,10,2,14,,42,42,1,22,5,C03,120.653472,24.16777,2
2022,2,7,21,2,臺中市,西屯區,0,0,0,8,,,50,,,,,,,,,,,,,,,26,,,,,B03,,,1,,1,,,26,26,1,22,,B03,120.589751,24.176745,3
2022,2,7,21,5,臺中市,沙鹿區,0,1,0,6,3,5,50,3,12,1,4,4,5,7,2,1,1,4,4,2,10,42,2,1,1,1,B03,7,9,1,8,2,1,,42,42,1,4,8,B03,120.565899,24.204609,2
2022,2,7,21,31,臺中市,北屯區,0,1,0,7,3,5,50,14,9,1,4,4,5,7,4,4,5,4,5,2,13,23,3,10,1,1,B03,7,1,1,8,2,3,,19,19,1,21,8,B03,120.713094,24.173139,2
2022,2,7,21,45,臺中市,大甲區,0,0,0,6,,,50,,,,,,,,,,,,,,,8,,,,,B03,,,1,,2,,,8,8,1,4,,B03,120.625814,24.349731,3
2022,2,7,22,1,臺中市,梧棲區,0,0,0,6,,,30,,,,,,,,,,,,,,,6,,,,,B03,,,1,,2,,,6,6,1,22,,B03,120.55638,24.258708,3
2022,2,7,22,2,臺中市,北屯區,0,1,0,7,3,5,50,4,1,1,4,4,5,7,2,1,10,5,5,2,13,23,3,10,1,1,B03,7,9,1,8,2,1,,23,23,1,21,8,B03,120.699653,24.165121,2