年,月,日,時,分,縣市,區,死,受傷,2-30,天候,光線,道路類別,速限,道路型態,事故位置,路面鋪裝,路面狀態,路面缺陷,障礙物,視距,號誌種類,號誌動作,分向設施,快車道或一般車道間,快慢車道間,路面邊線,事故類型及型態,主要肇因,受傷程度,主要傷處,保護裝備,行動電話,當事者區分,車輛用途,當事者行動狀態,駕駛資格情形,駕駛執照種類,飲酒情形,車輛撞擊部位最初,車輛撞擊部位其他,肇事因素個別,肇事因素主要,肇事逃逸,職業,旅次目的,車種,GPS緯度,GPS經度,事故類別
2022,2,7,22,28,臺中市,南屯區,0,1,0,8,1,5,50,4,1,1,5,4,5,7,2,1,10,5,5,2,11,8,3,10,1,1,B03,7,5,1,8,2,5,,8,8,1,22,9,B03,120.643965,24.134739,2
2022,2,7,22,50,臺中市,北區,0,1,0,8,3,5,50,11,12,1,4,4,5,7,4,4,5,5,4,2,12,23,3,10,1,1,A04,7,9,1,2,2,2,,23,23,2,10,8,A04,120.6697,24.155592,2
2022,2,7,22,52,臺中市,大安區,0,0,0,6,,,50,,,,,,,,,,,,,,,12,,,,,B03,,,1,,2,,,12,12,1,4,,B03,120.600249,24.37151,3
2022,2,7,23,13,臺中市,豐原區,0,1,0,6,3,5,50,4,1,1,4,4,5,7,1,1,10,5,5,2,16,26,3,10,1,1,B03,7,5,1,8,2,5,,26,26,1,21,8,B03,120.72015,24.23672,2
2022,2,7,23,38,臺中市,豐原區,0,2,0,6,3,5,50,4,2,1,4,4,5,7,1,1,1,5,4,2,17,6,2,9,1,1,C03,7,5,1,10,2,11,,6,6,1,4,5,C03,120.722541,24.252047,2
2022,2,7,23,59,臺中市,北屯區,0,2,0,6,3,5,50,3,1,1,4,4,5,7,1,1,10,5,5,2,12,8,2,9,3,4,C03,7,5,1,10,2,14,,8,8,1,21,8,C03,120.680911,24.176396,2
2022,2,8,1,46,臺中市,北區,0,0,0,,,,50,,,,,,,,,,,,,,,6,,,,,B03,,,1,,2,,,6,6,1,21,,B03,120.685077,24.152889,3
2022,2,8,4,50,臺中市,豐原區,0,1,0,8,1,5,60,14,8,1,5,4,5,7,2,1,1,4,4,1,18,42,2,9,3,4,C03,7,9,1,10,11,15,,42,42,1,22,8,C03,120.734868,24.246561,2
2022,2,8,6,10,臺中市,大甲區,0,2,0,7,2,5,50,14,7,1,5,4,5,7,1,1,5,5,4,1,9,23,2,8,1,1,C03,7,9,1,10,2,11,,23,23,1,4,8,C03,120.62043,24.349739,2
2022,2,8,6,46,臺中市,潭子區,0,0,0,8,1,5,60,4,1,1,5,4,5,7,1,1,1,4,4,1,13,44,3,10,1,1,B11,7,1,1,4,2,3,3,44,44,1,22,8,B11,120.705174,24.21566,3
2022,2,8,7,3,臺中市,龍井區,0,1,0,8,1,5,50,14,9,1,5,4,5,7,4,4,9,4,5,1,17,23,2,9,1,1,C03,7,9,1,10,2,11,,23,23,1,21,1,C03,120.582626,24.178376,2
2022,2,8,7,5,臺中市,梧棲區,0,0,0,8,,,50,,,,,,,,,,,,,,,23,,,,,B03,,,1,,2,,,23,23,1,9,,B03,120.522728,24.224133,3
2022,2,8,7,11,臺中市,西區,0,1,0,7,1,5,1,4,2,1,5,4,5,7,1,1,10,5,5,2,17,42,2,9,3,4,F03,7,6,8,20,8,15,,42,42,1,21,8,F03,120.668412,24.137965,2
2022,2,8,7,13,臺中市,龍井區,0,2,0,8,1,5,50,4,1,1,5,4,5,7,4,4,9,4,5,2,15,6,2,9,1,1,C03,7,9,1,10,2,11,,6,6,1,21,8,C03,120.590481,24.188921,2
2022,2,8,7,15,臺中市,梧棲區,0,0,0,8,,,50,,,,,,,,,,,,,,,23,,,,,B03,,,1,,2,,,23,23,1,9,,B03,120.524722,24.223374,3
2022,2,8,7,21,臺中市,大里區,0,0,0,8,,,50,,,,,,,,,,,,,,,12,,,,,B03,,,1,,2,,,12,12,1,22,,B03,120.691797,24.10049,3
2022,2,8,7,22,臺中市,龍井區,0,2,0,8,1,5,40,3,1,1,5,4,5,7,1,1,1,4,1,1,19,23,2,9,1,1,C03,7,9,3,18,2,11,,23,23,1,22,8,C03,120.580616,24.18829,2
2022,2,8,7,22,臺中市,外埔區,0,1,0,8,1,5,50,4,18,1,5,4,5,7,1,1,10,5,5,2,3,52,2,9,4,5,H01,8,16,8,20,10,16,,52,52,1,20,8,H01,120.670206,24.318332,2
2022,2,8,7,24,臺中市,大肚區,0,0,0,8,,,50,,,,,,,,,,,,,,,19,,,,,B12,,,1,,2,,,19,19,1,2,,B12,120.551791,24.136923,3
2022,2,8,7,25,臺中市,外埔區,0,1,0,7,1,5,30,15,9,1,4,4,5,1,4,4,10,5,5,2,17,43,2,8,1,1,C03,7,6,1,10,2,12,,43,43,1,22,8,C03,120.647443,24.341111,2
2022,2,8,7,25,臺中市,豐原區,0,2,0,8,1,5,50,4,2,1,5,4,5,7,1,1,3,3,3,1,17,23,2,7,3,4,C03,7,9,1,10,2,11,,23,23,1,22,8,C03,120.706138,24.249824,2
2022,2,8,7,36,臺中市,烏日區,0,0,0,8,,,50,,,,,,,,,,,,,,,23,,,,,B03,,,1,,2,,,23,23,1,22,,B03,120.643906,24.084509,3
2022,2,8,7,45,臺中市,清水區,0,1,0,8,1,5,50,4,1,1,5,4,5,7,4,4,10,5,5,1,16,6,2,9,3,4,C03,7,5,1,10,2,12,,6,6,1,22,8,C03,120.553616,24.294281,2
2022,2,8,7,47,臺中市,后里區,0,1,0,7,2,5,50,3,1,1,5,4,5,7,4,4,10,5,4,1,3,51,2,9,4,5,H01,8,18,8,20,1,16,,51,51,1,22,8,H01,120.691989,24.3139,2
2022,2,8,7,50,臺中市,神岡區,0,2,0,7,1,5,30,4,1,1,5,4,5,7,3,1,5,4,4,2,16,6,2,9,1,1,C03,7,5,3,18,2,14,,6,6,1,22,8,C03,120.707832,24.273508,2
2022,2,8,7,59,臺中市,大肚區,0,1,0,8,1,5,30,4,1,1,5,4,5,7,4,4,10,5,5,2,15,6,3,10,1,1,B03,7,9,1,8,2,5,,6,6,1,2,7,B03,120.535244,24.169433,2
2022,2,8,8,0,臺中市,后里區,0,0,0,8,,,40,,,,,,,,,,,,,,,4,,,,,C03,,,1,,2,,,4,4,1,22,,C03,120.71583,24.30859,3
2022,2,8,8,0,臺中市,神岡區,0,1,0,8,1,5,50,14,9,1,5,4,5,7,4,4,5,5,5,1,17,40,3,10,1,1,B03,7,13,1,8,2,4,,40,40,1,22,9,B03,120.674113,24.261601,2
2022,2,8,8,7,臺中市,南屯區,0,3,0,8,1,5,50,4,1,1,5,4,5,7,4,4,10,5,5,2,15,6,2,9,1,1,C03,7,9,1,10,2,14,,6,6,1,22,8,C03,120.637475,24.140219,2
2022,2,8,8,10,臺中市,梧棲區,0,1,0,7,1,5,60,3,1,1,5,4,5,7,3,1,10,5,5,2,12,23,3,10,1,1,B03,7,5,1,8,2,8,,23,23,1,9,1,B03,120.520937,24.24521,2
2022,2,8,8,13,臺中市,潭子區,0,1,0,8,1,5,50,4,1,1,5,4,5,7,1,1,5,4,4,2,17,6,3,10,1,1,B03,7,5,1,8,2,1,,6,6,1,22,8,B03,120.700537,24.211674,2
2022,2,8,8,15,臺中市,大雅區,0,1,0,8,1,5,50,4,1,1,5,4,5,7,1,1,1,4,4,1,16,9,3,10,1,1,B03,7,6,1,8,2,5,,9,9,1,22,8,B03,120.64882,24.217962,2
2022,2,8,8,21,臺中市,北區,0,1,0,7,1,5,40,3,7,1,5,4,5,7,4,4,5,4,4,2,17,11,2,9,1,1,C03,7,11,1,10,2,12,,11,11,1,22,9,C03,120.677946,24.15572,2
2022,2,8,8,28,臺中市,大雅區,0,1,0,8,1,5,50,4,1,1,5,4,5,7,1,1,1,4,5,1,16,26,2,9,1,1,C03,7,11,1,10,2,12,,26,26,1,22,9,C03,120.663742,24.233396,2
2022,2,8,8,28,臺中市,南區,0,2,0,7,1,5,50,14,8,1,5,4,5,7,4,4,3,4,4,2,3,23,2,9,1,1,C03,7,9,1,10,2,11,11,23,23,1,22,9,C03,120.665335,24.1191,2
2022,2,8,8,30,臺中市,南屯區,0,0,0,8,,,30,,,,,,,,,,,,,,,12,,,,,B12,,,1,,2,,,12,12,1,22,,B12,120.612222,24.135833,3
2022,2,8,8,36,臺中市,北屯區,0,0,0,8,,,50,,,,,,,,,,,,,,,7,,,,,C03,,,1,,1,,,7,7,1,21,,C03,120.682246,24.182326,3
2022,2,8,8,37,臺中市,大雅區,0,2,0,8,1,5,30,4,1,1,5,4,5,7,3,1,10,5,4,1,15,6,3,10,1,1,B03,7,9,1,8,2,1,,6,6,1,22,8,B03,120.66489,24.235281,2
2022,2,8,8,41,臺中市,大雅區,0,0,0,8,,,40,,,,,,,,,,,,,,,12,,,,,B03,,,1,,2,,,12,12,1,22,,B03,120.650955,24.221399,3
2022,2,8,8,47,臺中市,龍井區,0,2,0,8,1,5,30,14,9,1,5,4,5,7,4,4,10,5,5,2,17,19,3,10,1,1,B03,7,1,1,8,2,8,,19,19,1,21,8,B03,120.58818,24.182345,2
2022,2,8,8,51,臺中市,南屯區,0,0,0,8,,,50,,,,,,,,,,,,,,,19,,,,,B03,,,1,,1,,,19,19,1,22,,B03,120.632093,24.148068,3
2022,2,8,8,52,臺中市,大雅區,0,1,0,8,1,5,30,3,1,1,5,4,5,7,4,4,5,5,5,1,16,8,3,10,1,1,C03,7,5,1,10,2,11,,8,8,1,22,8,C03,120.64589,24.227695,2
2022,2,8,8,52,臺中市,南屯區,0,0,0,8,1,5,50,14,7,1,5,4,5,7,1,1,3,2,4,2,13,23,3,10,1,1,A41,7,9,1,2,2,5,,23,23,1,10,4,A41,120.65332,24.14014,3
2022,2,8,9,4,臺中市,北區,0,0,0,8,,,50,,,,,,,,,,,,,,,23,,,,,B03,,,1,,2,,,23,23,1,20,,B03,120.671463,24.167118,3
2022,2,8,9,15,臺中市,南區,0,0,0,8,,,50,,,,,,,,,,,,,,,42,,,,,B12,,,1,,2,,,42,42,1,22,,B12,120.662914,24.126128,3
2022,2,8,9,25,臺中市,北區,0,0,0,8,,,50,,,,,,,,,,,,,,,17,,,,,B02,,,1,,2,,,17,17,1,22,,B02,120.683013,24.155154,3
2022,2,8,9,30,臺中市,大甲區,0,1,0,8,1,5,70,3,1,1,5,4,5,7,3,1,10,5,5,2,16,6,3,10,1,1,B12,7,5,1,8,2,6,,6,6,1,4,8,B12,120.6423,24.366261,2
2022,2,8,9,36,臺中市,東勢區,0,1,0,8,1,5,50,4,1,1,5,4,5,7,1,1,10,5,5,2,3,15,3,10,1,1,B03,7,9,1,8,2,2,,15,15,1,22,8,B03,120.829876,24.25181,2
2022,2,8,9,45,臺中市,北區,0,0,0,8,,,50,,,,,,,,,,,,,,,23,,,,,B03,,,1,,3,,,23,23,1,5,,B03,120.676729,24.162706,3
2022,2,8,9,46,臺中市,大里區,0,1,0,8,1,5,50,14,9,1,5,4,5,7,4,4,9,4,5,2,16,6,3,10,1,1,B03,7,5,1,8,2,1,,6,6,1,5,8,B03,120.638133,24.169901,2
2022,2,8,9,53,臺中市,烏日區,0,2,0,7,1,5,40,3,1,1,5,4,5,7,2,1,1,4,4,1,16,25,2,9,1,1,C03,7,9,1,10,2,11,12,25,25,1,22,8,C03,120.592978,24.113071,2
2022,2,8,10,0,臺中市,大甲區,0,0,0,8,1,5,50,14,9,1,5,4,5,7,3,1,9,4,4,1,16,17,3,10,1,1,B03,7,10,1,8,2,8,,17,17,1,19,8,B03,120.617017,24.351882,3
2022,2,8,10,30,臺中市,沙鹿區,0,1,0,8,1,5,40,14,7,1,5,4,5,7,4,4,1,4,3,1,13,23,3,10,1,1,B03,7,9,3,18,2,1,,23,23,1,22,8,B03,120.560345,24.241007,2
2022,2,8,10,31,臺中市,南屯區,0,0,0,,,,50,,,,,,,,,,,,,,,17,,,,,C03,,,1,,1,,,17,17,1,22,,C03,120.646563,24.13444,3
2022,2,8,10,37,臺中市,西區,0,2,0,8,1,5,50,14,9,1,5,4,5,7,4,4,5,5,5,2,12,17,2,9,3,4,C03,7,9,1,10,2,14,,17,17,1,21,8,C03,120.652399,24.147635,2
2022,2,8,10,38,臺中市,西屯區,0,2,0,8,1,5,50,14,9,1,5,4,5,7,4,4,5,4,5,2,12,19,2,9,1,1,C03,7,1,3,18,2,11,,19,19,1,22,8,C03,120.614443,24.173503,2
2022,2,8,10,59,臺中市,南屯區,0,0,0,8,,,50,,,,,,,,,,,,,,,7,,,,,A12,,,1,,1,,,7,7,1,22,,A12,120.64442,24.139541,3
2022,2,8,11,2,臺中市,南屯區,0,1,0,8,1,5,50,3,1,1,5,4,5,6,2,1,10,5,4,2,17,23,2,9,1,1,C03,7,9,1,10,2,12,,23,23,1,4,8,C03,120.61554,24.14929,2
2022,2,8,11,2,臺中市,豐原區,0,0,0,8,,,60,,,,,,,,,,,,,,,23,,,,,B03,,,1,,2,,,23,23,1,22,,B03,120.722366,24.236819,3
2022,2,8,11,19,臺中市,潭子區,0,0,0,8,,,50,,,,,,,,,,,,,,,12,,,,,B03,,,1,,2,,,12,12,1,22,,B03,120.690487,24.212471,3
2022,2,8,11,20,臺中市,北區,0,0,0,8,,,50,,,,,,,,,,,,,,,7,,,,,B02,,,1,,2,,,7,7,1,20,,B02,120.684483,24.151142,3
2022,2,8,11,20,臺中市,南屯區,0,0,0,,,,50,,,,,,,,,,,,,,,4,,,,,B03,,,1,,2,,,4,4,1,22,,B03,120.645361,24.147875,3
2022,2,8,11,24,臺中市,豐原區,0,1,0,8,1,5,50,14,8,1,5,4,5,7,4,4,1,4,4,1,17,40,3,10,1,1,B03,7,14,1,8,2,4,,40,40,1,21,8,B03,120.714035,24.255843,2
2022,2,8,11,28,臺中市,沙鹿區,0,1,0,8,1,5,40,14,13,1,5,4,5,7,4,4,1,4,4,2,17,2,2,9,1,1,C03,7,9,1,10,2,11,,2,2,1,9,8,C03,120.556403,24.221145,2
2022,2,8,11,30,臺中市,沙鹿區,0,1,0,8,1,5,30,3,1,1,5,4,5,7,4,4,10,5,5,2,16,6,3,10,1,1,F01,7,5,8,20,2,16,,6,6,1,15,5,F01,120.561973,24.235857,2
2022,2,8,11,30,臺中市,豐原區,0,1,0,8,1,5,30,4,1,1,5,4,5,7,4,4,5,4,5,2,17,16,3,10,1,1,B03,7,6,1,8,2,5,,16,16,1,12,8,B03,120.693607,24.265022,2
2022,2,8,11,34,臺中市,大雅區,0,0,0,8,,,50,,,,,,,,,,,,,,,42,,,,,C03,,,1,,2,,,42,42,1,22,,C03,120.667625,24.215691,3
2022,2,8,11,39,臺中市,西區,0,1,0,8,1,5,50,4,1,1,5,4,5,7,1,1,5,5,5,2,16,44,3,10,3,4,B03,7,9,1,8,2,1,,44,44,1,21,8,B03,120.660174,24.146021,2
2022,2,8,11,41,臺中市,梧棲區,0,0,0,8,,,0,,,,,,,,,,,,,,,23,,,,,A31,,,1,,2,,,23,23,1,10,,A31,120.545775,24.228348,3
2022,2,8,11,50,臺中市,潭子區,0,2,0,8,1,5,40,5,2,1,5,4,5,7,4,4,5,4,4,2,16,10,2,9,1,1,B03,7,11,1,8,2,7,7,10,10,1,22,9,B03,120.687011,24.21035,2
2022,2,8,11,51,臺中市,北區,0,1,0,7,1,8,50,4,9,1,5,4,5,7,1,1,10,5,5,2,17,40,3,10,3,3,B03,7,14,1,8,2,4,,40,40,1,22,9,B03,120.688196,24.165245,2
2022,2,8,11,55,臺中市,后里區,0,2,0,8,1,5,50,3,2,1,5,4,5,7,2,1,9,5,4,1,11,26,2,8,1,1,C03,7,11,6,18,2,12,,26,26,1,12,7,C03,120.717133,24.309613,2
2022,2,8,12,4,臺中市,西屯區,0,1,0,8,1,5,50,3,2,1,5,4,5,7,4,4,1,4,5,2,13,16,2,8,1,1,C03,7,9,1,10,2,11,12,16,16,1,5,8,C03,120.638351,24.169476,2
2022,2,8,12,23,臺中市,新社區,0,0,0,8,1,5,40,3,9,1,5,4,5,7,4,4,5,5,5,1,17,23,3,10,1,1,B03,7,6,1,8,2,2,,23,23,1,22,8,B03,120.809141,24.241987,3
2022,2,8,12,25,臺中市,西屯區,0,2,0,8,1,5,50,14,9,1,5,4,5,7,4,4,1,4,5,2,17,23,2,9,3,4,C03,7,9,1,10,2,11,,23,23,1,22,9,C03,120.64656,24.15839,2
2022,2,8,12,30,臺中市,大甲區,0,2,0,8,1,5,50,4,1,1,5,4,5,7,1,1,10,5,5,2,16,25,2,9,1,1,C03,7,5,1,10,2,14,,25,25,1,19,8,C03,120.62495,24.34768,2
2022,2,8,12,33,臺中市,北區,0,3,0,8,1,5,50,4,1,1,5,4,5,7,1,1,1,2,5,2,17,43,2,9,1,1,C03,7,4,1,10,2,14,11,43,43,1,5,8,C03,120.673129,24.166749,2
2022,2,8,12,40,臺中市,東勢區,0,0,0,8,,,50,,,,,,,,,,,,,,,26,,,,,C03,,,1,,2,,,44,26,1,22,,C03,120.830033,24.250285,3
2022,2,8,12,46,臺中市,中區,0,1,0,8,1,5,40,4,1,1,5,4,5,7,1,1,10,5,5,2,17,8,2,9,3,4,F01,7,5,8,20,2,16,,8,8,1,21,8,F01,120.67881,24.147187,2
2022,2,8,12,48,臺中市,神岡區,0,1,0,8,1,5,50,4,1,1,5,4,5,7,1,1,5,4,4,2,15,25,3,10,1,1,B12,7,9,1,8,2,1,,25,25,1,22,8,B12,120.685525,24.250997,2
2022,2,8,12,50,臺中市,北區,0,2,0,8,1,5,50,3,1,1,5,4,5,7,4,4,10,5,5,2,16,6,2,9,1,1,C03,7,5,1,10,2,11,,6,6,1,5,8,C03,120.68238,24.16629,2
2022,2,8,12,53,臺中市,霧峰區,0,2,0,8,1,5,80,10,9,1,5,4,5,7,4,4,1,5,5,1,16,7,3,10,3,4,A11,7,8,1,3,2,5,,7,7,1,22,9,A11,120.690041,24.070276,2
2022,2,8,13,19,臺中市,北屯區,0,0,0,8,,,50,,,,,,,,,,,,,,,23,,,,,B03,,,1,,1,,,23,23,1,5,,B03,120.674808,24.173836,3
2022,2,8,13,25,臺中市,清水區,0,3,0,8,1,5,50,11,9,1,5,4,5,7,4,4,5,5,5,1,17,26,3,10,1,1,B02,7,9,1,8,9,15,,26,26,1,10,8,B02,120.575228,24.308316,2
2022,2,8,13,26,臺中市,烏日區,0,0,0,8,,,40,,,,,,,,,,,,,,,19,,,,,C03,,,1,,2,,,19,19,1,18,,C03,120.600161,24.110717,3
2022,2,8,13,31,臺中市,外埔區,0,0,0,6,1,5,60,14,7,1,5,4,5,7,4,4,5,4,5,1,12,7,,,,,C03,,,1,,2,,,7,7,1,22,,C03,120.669872,24.318515,3
2022,2,8,13,37,臺中市,太平區,0,0,0,8,,,50,,,,,,,,,,,,,,,16,,,,,B03,,,1,,1,,,16,16,1,22,,B03,120.710938,24.126516,3
2022,2,8,13,48,臺中市,豐原區,0,0,0,8,,,50,,,,,,,,,,,,,,,6,,,,,B03,,,1,,2,,,6,6,1,22,,B03,120.725171,24.234488,3
2022,2,8,13,50,臺中市,豐原區,0,2,0,8,1,5,50,4,2,1,5,4,5,7,1,1,8,3,4,1,17,26,3,10,3,4,B03,7,9,1,8,2,4,,44,44,1,22,8,B03,120.722969,24.235849,2
2022,2,8,14,15,臺中市,清水區,0,0,0,8,,,50,,,,,,,,,,,,,,,23,,,,,B12,,,1,,2,,,23,23,1,22,,B12,120.575193,24.308315,3
2022,2,8,14,25,臺中市,西屯區,0,0,0,8,,,50,,,,,,,,,,,,,,,23,,,,,B03,,,1,,2,,,23,23,1,22,,B03,120.635225,24.171915,3
2022,2,8,14,29,臺中市,北區,0,0,0,8,,,50,,,,,,,,,,,,,,,40,,,,,B12,,,1,,2,,,40,40,1,5,,B12,120.677689,24.151717,3
2022,2,8,14,34,臺中市,北區,0,1,0,8,1,5,50,4,1,1,5,4,5,7,2,1,10,5,5,2,17,6,3,10,1,1,B03,7,5,1,8,2,6,,6,6,1,22,8,B03,120.686616,24.163017,2
2022,2,8,14,42,臺中市,石岡區,0,1,0,8,1,5,70,4,8,1,5,4,5,7,1,1,1,5,5,1,12,6,3,10,1,1,B03,7,6,1,7,2,6,,6,6,1,20,5,B03,120.793536,24.271904,2
2022,2,8,14,48,臺中市,東區,0,0,0,,,,50,,,,,,,,,,,,,,,19,,,,,B03,,,1,,2,,,19,19,1,22,,B03,120.710358,24.147338,3
2022,2,8,14,54,臺中市,西區,0,0,0,,,,50,,,,,,,,,,,,,,,17,,,,,B03,,,1,,10,,,44,44,1,20,,B03,120.674953,24.149435,3
2022,2,8,14,55,臺中市,中區,0,0,0,8,,,30,,,,,,,,,,,,,,,23,,,,,B03,,,1,,2,,,23,23,1,21,,B03,120.68255,24.143357,3
2022,2,8,14,55,臺中市,清水區,0,0,0,8,,,30,,,,,,,,,,,,,,,12,,,,,B03,,,1,,2,,,12,12,1,22,,B03,120.566773,24.291156,3
2022,2,8,14,55,臺中市,豐原區,0,1,0,8,1,5,50,4,1,1,5,4,5,7,1,1,1,5,5,2,16,7,2,9,1,1,C03,7,7,1,10,2,13,,7,7,1,20,8,C03,120.700936,24.249305,2
2022,2,8,15,9,臺中市,西區,0,1,0,8,1,5,50,4,1,1,5,4,5,7,1,1,5,4,4,1,16,6,3,10,1,1,B03,7,5,1,8,2,15,,6,6,1,21,8,B03,120.653003,24.14497,2
2022,2,8,15,9,臺中市,北屯區,0,0,0,,,,50,,,,,,,,,,,,,,,12,,,,,B03,,,1,,2,,,12,12,1,21,,B03,120.695454,24.172549,3
2022,2,8,15,11,臺中市,北區,0,2,0,8,1,5,50,4,1,1,5,4,5,7,1,1,5,5,5,2,13,23,3,10,1,1,B02,7,9,1,8,2,8,,23,23,1,21,8,B02,120.685395,24.152786,2
2022,2,8,15,15,臺中市,西區,0,1,0,8,1,5,50,14,9,1,5,4,5,7,4,4,5,4,5,2,13,50,3,10,1,1,B12,7,6,1,8,2,5,,50,50,1,5,5,B12,120.676658,24.139728,2
2022,2,8,15,21,臺中市,大里區,0,1,0,8,1,5,50,14,8,1,5,4,5,7,1,1,1,5,4,1,16,6,3,10,1,1,B03,7,6,1,8,2,2,,6,6,1,22,8,B03,120.671675,24.102216,2
2022,2,8,15,23,臺中市,烏日區,0,1,0,8,1,5,50,3,1,1,5,4,5,7,2,1,10,5,5,2,17,8,2,9,1,1,C03,7,5,1,10,2,11,,8,8,1,18,8,C03,120.612276,24.10523,2
2022,2,8,15,30,臺中市,后里區,0,0,0,8,,,30,,,,,,,,,,,,,,,6,,,,,B12,,,1,,1,,,6,6,1,10,,B12,120.726864,24.308204,3
2022,2,8,15,32,臺中市,南區,0,0,0,8,,,50,,,,,,,,,,,,,,,23,,,,,B03,,,1,8,2,,,23,23,1,5,,B03,120.656528,24.113678,3
2022,2,8,15,32,臺中市,豐原區,0,0,0,8,,,50,,,,,,,,,,,,,,,23,,,,,B12,,,1,,2,,,23,23,1,22,,B12,120.700163,24.249036,3
2022,2,8,15,37,臺中市,北屯區,0,3,0,8,1,5,50,14,8,1,5,4,5,7,4,4,1,4,4,2,16,23,3,10,1,1,C03,7,9,2,18,2,11,,23,23,1,21,8,C03,120.665331,24.183745,2
2022,2,8,15,40,臺中市,太平區,0,1,0,8,1,5,40,14,9,1,5,4,5,7,4,4,5,5,5,2,18,23,2,9,1,1,C03,7,9,1,10,2,12,,23,23,1,16,8,C03,120.811884,24.096337,2
2022,2,8,15,48,臺中市,豐原區,0,2,0,8,1,5,60,5,1,1,5,4,5,7,2,1,1,3,4,2,16,6,2,9,1,1,C03,7,5,1,10,2,11,14,6,6,1,21,8,C03,120.703167,24.24292,2
2022,2,8,15,49,臺中市,南屯區,0,0,0,8,,,50,,,,,,,,,,,,,,,23,,,,,C03,,,1,,1,,,23,23,1,22,,C03,120.640356,24.138525,3
2022,2,8,15,54,臺中市,大里區,0,1,0,8,1,5,50,14,9,1,5,4,5,7,1,1,3,4,4,1,17,4,2,9,1,1,C03,7,9,1,10,2,11,,4,4,1,22,8,C03,120.664328,24.107826,2
2022,2,8,16,0,臺中市,清水區,0,0,0,8,,,40,,,,,,,,,,,,,,,44,,,,,A31,,,1,,2,,,44,44,1,10,,A31,120.566756,24.291153,3
2022,2,8,16,10,臺中市,大雅區,0,2,0,8,1,5,70,14,9,1,5,4,5,7,1,1,1,5,5,1,17,7,2,7,1,1,C03,7,7,1,10,2,13,,7,7,1,21,8,C03,120.628621,24.240603,2
2022,2,8,16,25,臺中市,大雅區,0,1,0,8,1,5,30,14,9,1,5,4,5,7,4,4,10,5,5,2,14,12,3,10,1,1,B12,7,2,1,8,2,3,,12,12,1,22,9,B12,120.619292,24.222828,2
2022,2,8,16,25,臺中市,清水區,0,2,0,8,1,5,50,4,1,1,5,4,5,7,4,4,5,4,5,1,17,6,2,9,1,1,C03,7,5,1,10,2,12,,6,6,1,22,8,C03,120.570155,24.26354,2
2022,2,8,16,27,臺中市,龍井區,0,0,0,8,,,30,,,,,,,,,,,,,,,6,,,,,B03,,,1,,2,,,6,6,1,12,,B03,120.530711,24.20148,3
2022,2,8,16,28,臺中市,北區,0,2,0,8,1,5,40,14,8,1,5,4,5,7,4,4,5,5,4,2,16,19,2,9,1,1,C03,7,1,1,10,2,14,,19,19,1,22,8,C03,120.663796,24.162471,2
2022,2,8,16,28,臺中市,豐原區,0,1,0,8,1,5,60,14,9,1,5,4,5,7,4,4,3,5,5,2,12,38,3,10,1,1,B03,7,13,1,8,2,7,,38,38,1,22,9,B03,120.725111,24.234561,2
2022,2,8,16,33,臺中市,北區,0,0,0,,,,50,,,,,,,,,,,,,,,23,,,,,B03,,,1,,2,,,23,23,1,22,,B03,120.679306,24.16708,3
2022,2,8,16,42,臺中市,西區,0,1,0,8,1,5,50,4,1,1,5,4,5,7,3,1,10,5,5,2,12,6,3,10,1,1,B12,7,5,1,8,2,5,,6,6,1,22,9,B12,120.671619,24.138241,2
2022,2,8,16,49,臺中市,西屯區,0,1,0,8,1,5,30,4,2,1,5,4,5,7,4,4,10,5,5,2,16,6,3,10,1,1,B03,7,6,1,8,2,1,,6,6,1,22,8,B03,120.656045,24.165083,2
2022,2,8,16,50,臺中市,北屯區,0,0,0,8,,,50,,,,,,,,,,,,,,,6,,,,,B03,,,1,,1,,,6,6,1,21,,B03,120.723721,24.164873,3
2022,2,8,16,50,臺中市,沙鹿區,0,1,0,8,1,5,40,14,8,1,5,4,5,7,4,4,1,4,1,1,17,42,2,8,1,1,C03,7,9,1,10,2,14,,42,42,1,18,8,C03,120.573258,24.230952,2
2022,2,8,16,56,臺中市,烏日區,0,0,0,8,,,50,,,,,,,,,,,,,,,16,,,,,B03,,,1,,2,,,16,16,1,4,,B03,120.597539,24.108401,3
2022,2,8,16,58,臺中市,南屯區,0,3,0,8,1,5,50,4,1,1,5,4,5,7,1,1,5,4,4,2,16,19,2,9,1,1,C03,7,1,1,10,2,14,,19,19,1,22,9,C03,120.610334,24.135676,2
2022,2,8,17,0,臺中市,清水區,0,0,0,8,,,50,,,,,,,,,,,,,,,25,,,,,B03,,,1,,2,,,25,25,1,21,,B03,120.552096,24.273718,3
2022,2,8,17,1,臺中市,北區,0,0,0,8,,,50,,,,,,,,,,,,,,,23,,,,,B03,,,1,,2,,,23,23,1,21,,B03,120.668989,24.155496,3
2022,2,8,17,4,臺中市,神岡區,0,1,0,8,1,5,50,4,2,1,5,4,5,7,1,1,5,5,5,2,17,17,3,10,1,1,B03,7,1,1,8,2,5,,17,17,1,21,8,B03,120.664133,24.258163,2
2022,2,8,17,6,臺中市,東區,0,1,0,8,1,5,50,4,1,1,5,4,5,7,1,1,10,5,5,2,16,6,3,10,1,1,B03,7,6,1,8,2,2,,6,6,1,21,8,B03,120.711538,24.144411,2
2022,2,8,17,10,臺中市,梧棲區,0,2,0,8,1,5,30,4,1,1,5,4,5,3,3,1,10,5,5,2,16,43,2,9,1,1,C03,7,5,1,10,2,11,,43,43,1,22,8,C03,120.547712,24.227987,2