年,月,日,時,分,縣市,區,死,受傷,2-30,天候,光線,道路類別,速限,道路型態,事故位置,路面鋪裝,路面狀態,路面缺陷,障礙物,視距,號誌種類,號誌動作,分向設施,快車道或一般車道間,快慢車道間,路面邊線,事故類型及型態,主要肇因,受傷程度,主要傷處,保護裝備,行動電話,當事者區分,車輛用途,當事者行動狀態,駕駛資格情形,駕駛執照種類,飲酒情形,車輛撞擊部位最初,車輛撞擊部位其他,肇事因素個別,肇事因素主要,肇事逃逸,職業,旅次目的,車種,GPS緯度,GPS經度,事故類別
2022,2,8,17,10,臺中市,清水區,0,1,0,8,1,5,30,4,1,1,5,4,5,7,4,4,10,5,5,2,15,6,2,9,1,1,C03,7,9,1,10,2,11,,6,6,1,22,8,C03,120.577706,24.287071,2
2022,2,8,17,12,臺中市,大里區,0,2,0,8,1,5,50,14,9,1,5,4,5,7,4,4,5,4,5,1,16,42,2,8,1,1,C03,7,8,1,10,2,12,,42,42,1,22,8,C03,120.672176,24.114898,2
2022,2,8,17,12,臺中市,梧棲區,0,1,0,8,1,5,50,5,1,1,5,4,5,7,4,4,10,5,5,2,3,23,3,10,1,1,B03,7,9,1,8,2,1,,23,23,1,22,8,B03,120.550322,24.257771,2
2022,2,8,17,14,臺中市,西區,0,1,0,8,1,5,50,4,1,1,5,4,5,7,2,1,10,5,5,2,13,42,2,9,1,1,C03,7,15,1,10,2,11,,42,42,1,5,5,C03,120.674973,24.137975,2
2022,2,8,17,16,臺中市,西屯區,0,1,0,8,1,5,40,14,7,1,5,4,5,7,4,4,5,2,4,2,16,26,2,9,1,1,C03,7,5,1,10,2,14,,26,26,1,4,8,C03,120.610133,24.170259,2
2022,2,8,17,17,臺中市,豐原區,0,0,0,8,,,50,,,,,,,,,,,,,,,12,,,,,B12,,,1,,2,,,12,12,1,22,,B12,120.725988,24.240652,3
2022,2,8,17,18,臺中市,大雅區,0,0,0,6,,,30,,,,,,,,,,,,,,,5,,,,,B03,,,1,,2,,,5,5,1,21,,B03,120.632758,24.23473,3
2022,2,8,17,20,臺中市,西區,0,2,0,8,1,5,50,4,1,1,5,4,5,7,1,1,10,5,5,2,16,6,2,9,1,1,C03,7,5,1,10,2,14,,6,6,1,20,8,C03,120.676126,24.135716,2
2022,2,8,17,20,臺中市,南區,0,2,0,8,1,5,50,4,1,1,5,4,5,7,1,1,9,4,4,2,16,8,3,10,1,1,B12,7,5,1,8,2,6,,8,8,1,5,1,B12,120.657448,24.125099,2
2022,2,8,17,20,臺中市,西屯區,0,1,0,8,1,5,50,3,1,1,5,4,5,7,4,4,1,5,5,2,13,9,2,8,3,4,C03,7,6,1,10,2,13,,9,9,1,22,8,C03,120.623929,24.182491,2
2022,2,8,17,25,臺中市,南屯區,0,1,0,8,1,5,50,4,1,1,5,4,5,7,1,1,10,5,5,2,17,8,2,8,1,4,C03,7,14,1,10,2,11,,26,8,1,22,9,C03,120.650619,24.15233,2
2022,2,8,17,30,臺中市,潭子區,0,1,0,8,2,5,40,14,9,1,5,4,5,7,4,4,10,5,5,2,17,1,2,9,1,1,C03,7,9,1,10,2,12,,1,1,1,22,8,C03,120.69072,24.224823,2
2022,2,8,17,30,臺中市,后里區,0,0,0,8,,,30,,,,,,,,,,,,,,,23,,,,,B03,,,1,,2,,,23,23,1,9,,B03,120.723683,24.294684,3
2022,2,8,17,34,臺中市,東區,0,1,0,8,2,5,50,4,1,1,5,4,5,7,2,1,10,5,5,2,17,42,3,10,3,4,B03,7,15,1,4,2,3,,42,42,1,5,8,B03,120.69846,24.150311,2
2022,2,8,17,34,臺中市,東區,0,3,0,8,2,5,40,4,2,1,5,4,5,7,1,1,5,5,4,2,16,23,2,8,1,1,C03,7,9,1,10,2,14,,23,23,1,21,8,C03,120.700082,24.132455,2
2022,2,8,17,39,臺中市,西屯區,0,1,0,8,1,5,30,3,1,1,5,4,5,7,4,4,10,5,5,2,15,6,2,9,1,1,C03,7,9,1,10,2,14,,6,6,1,22,8,C03,120.650114,24.182941,2
2022,2,8,17,40,臺中市,沙鹿區,0,3,0,8,1,5,40,3,1,1,5,4,5,7,2,1,10,5,5,2,17,42,2,9,1,1,C03,7,9,1,10,2,14,,42,42,1,9,1,C03,120.570872,24.215588,2
2022,2,8,17,41,臺中市,北區,0,1,0,8,1,5,50,14,7,1,5,4,5,7,4,4,5,5,4,2,13,16,2,9,1,1,C03,7,9,1,10,2,11,,16,16,1,22,8,C03,120.666038,24.155888,2
2022,2,8,17,43,臺中市,西屯區,0,1,0,8,3,5,50,14,9,1,5,4,5,7,4,4,1,4,5,2,17,6,3,10,3,4,B03,7,6,1,8,2,2,,6,6,1,22,8,B03,120.653545,24.160276,2
2022,2,8,17,46,臺中市,豐原區,0,0,0,8,,,50,,,,,,,,,,,,,,,23,,,,,B03,,,1,,2,,,23,23,1,22,,B03,120.707602,24.250105,3
2022,2,8,17,50,臺中市,大肚區,0,0,0,8,,,30,,,,,,,,,,,,,,,12,,,,,B03,,,1,,2,,,12,12,1,2,,B03,120.552157,24.147265,3
2022,2,8,17,51,臺中市,霧峰區,0,0,0,8,1,5,50,3,1,1,5,4,5,7,4,4,10,5,5,2,16,23,,,,,B03,,,1,,2,,,23,23,1,21,,B03,120.725625,24.035273,3
2022,2,8,17,52,臺中市,西區,0,2,0,8,2,5,50,4,1,1,5,4,5,7,1,1,10,5,5,2,16,26,2,7,1,1,B03,7,6,1,8,2,2,,26,26,1,5,8,B03,120.655218,24.1399,2
2022,2,8,17,55,臺中市,潭子區,0,1,0,8,3,5,50,3,2,1,5,4,5,7,4,4,5,4,4,2,16,26,3,10,1,1,B03,7,11,1,8,2,5,,26,26,1,22,8,B03,120.700782,24.210284,2
2022,2,8,18,0,臺中市,潭子區,0,1,0,8,3,5,50,4,7,1,5,4,5,7,3,1,5,4,4,2,12,1,2,9,1,1,C03,7,9,1,10,2,14,,44,1,1,22,8,C03,120.70443,24.20725,2
2022,2,8,18,0,臺中市,東區,0,1,0,8,3,5,50,3,1,1,5,4,5,7,4,4,10,5,5,2,12,23,3,10,1,1,C03,7,9,1,10,2,12,,23,23,1,22,8,C03,120.69719,24.147123,2
2022,2,8,18,2,臺中市,南區,0,1,0,8,1,5,50,5,1,1,5,4,5,7,1,1,9,4,5,2,12,8,3,10,1,1,B03,7,5,1,8,2,7,,8,8,1,5,1,B03,120.681216,24.123756,2
2022,2,8,18,8,臺中市,清水區,0,2,0,8,3,5,40,3,2,1,5,4,5,7,2,1,1,3,2,1,13,23,2,9,1,1,C03,7,9,1,10,2,11,,23,23,1,21,8,C03,120.596523,24.30395,2
2022,2,8,18,10,臺中市,西屯區,0,1,0,8,2,5,40,14,8,1,5,4,5,7,4,4,8,5,4,2,13,23,2,9,1,1,C03,7,9,1,10,2,11,,23,23,1,22,8,C03,120.615507,24.191576,2
2022,2,8,18,10,臺中市,西屯區,0,0,0,8,,,40,,,,,,,,,,,,,,,12,,,,,B03,,,1,,1,,,12,12,1,22,,B03,120.639888,24.184626,3
2022,2,8,18,12,臺中市,南屯區,0,0,0,8,,,50,,,,,,,,,,,,,,,12,,,,,B03,,,1,,1,,,12,12,1,22,,B03,120.643915,24.137065,3
2022,2,8,18,12,臺中市,太平區,0,1,0,8,3,5,50,4,1,1,5,4,5,7,1,1,5,5,5,2,15,25,3,10,1,1,C03,7,9,1,10,2,12,,25,25,1,21,8,C03,120.724828,24.149593,2
2022,2,8,18,16,臺中市,霧峰區,0,1,0,8,2,5,30,5,1,1,5,4,5,7,1,1,10,5,5,2,17,19,2,9,1,1,C03,7,1,1,10,2,12,,19,19,1,21,5,C03,120.691807,24.043249,2
2022,2,8,18,18,臺中市,西區,0,0,0,,,,50,,,,,,,,,,,,,,,43,,,,,B03,,,1,,2,,,44,44,1,20,,B03,120.65777,24.15806,3
2022,2,8,18,20,臺中市,大里區,0,0,0,8,,,0,,,,,,,,,,,,,,,18,,,,,C03,,,1,,1,,,18,18,2,21,,C03,120.695253,24.084726,3
2022,2,8,18,20,臺中市,清水區,0,0,0,8,,,50,,,,,,,,,,,,,,,19,,,,,B03,,,1,,2,,,19,19,1,22,,B03,120.572,24.262718,3
2022,2,8,18,27,臺中市,西區,0,0,0,8,,,50,,,,,,,,,,,,,,,17,,,,,B02,,,1,,2,,,17,17,1,5,,B02,120.65954,24.135123,3
2022,2,8,18,28,臺中市,東勢區,0,2,0,8,3,5,60,14,9,1,5,4,5,7,1,1,1,4,4,1,16,6,3,10,1,1,B12,7,6,1,3,2,5,,6,6,1,22,8,B12,120.833909,24.237708,2
2022,2,8,18,30,臺中市,北屯區,0,1,0,8,3,5,50,14,9,1,5,4,5,7,4,4,1,2,5,2,13,16,3,10,1,1,C03,7,9,1,10,2,11,,16,16,1,5,8,C03,120.710579,24.182271,2
2022,2,8,18,31,臺中市,北屯區,0,1,0,8,3,5,50,14,9,1,5,4,5,7,4,4,5,4,5,1,16,26,3,10,1,1,B03,7,11,1,8,2,1,,26,26,1,21,8,B03,120.734536,24.177182,2
2022,2,8,18,36,臺中市,東區,0,1,0,8,3,5,30,3,1,1,5,4,5,7,4,4,10,5,5,2,17,19,3,10,3,4,B03,7,1,1,8,2,5,,19,19,1,5,8,B03,120.703358,24.14494,2
2022,2,8,18,55,臺中市,豐原區,0,0,0,8,,,50,,,,,,,,,,,,,,,23,,,,,B03,,,1,,2,,,23,23,1,21,,B03,120.725736,24.24613,3
2022,2,8,18,56,臺中市,豐原區,0,1,0,8,3,5,50,5,1,1,5,4,5,7,1,1,10,5,5,2,17,17,2,9,1,1,C03,7,9,1,10,2,14,,17,17,1,22,8,C03,120.720325,24.249375,2
2022,2,8,19,12,臺中市,西屯區,0,0,0,8,,,50,,,,,,,,,,,,,,,1,,,,,B03,,,1,,1,,,1,1,1,22,,B03,120.632923,24.1739,3
2022,2,8,19,17,臺中市,北區,0,0,0,8,,,50,,,,,,,,,,,,,,,6,,,,,C03,,,1,,2,,,6,6,1,22,,C03,120.682361,24.16253,3
2022,2,8,19,17,臺中市,豐原區,0,1,0,8,3,5,50,3,8,1,5,4,5,7,4,4,4,5,4,2,16,6,3,10,1,1,C03,7,5,1,10,2,11,,6,6,1,4,5,C03,120.716119,24.251669,2
2022,2,8,19,22,臺中市,神岡區,0,2,0,8,3,5,50,15,9,1,5,4,5,7,4,4,5,5,4,1,17,19,2,8,1,1,C03,7,1,1,10,2,14,,19,19,1,22,8,C03,120.664,24.258076,2
2022,2,8,19,24,臺中市,中區,0,0,0,8,,,50,,,,,,,,,,,,,,,6,,,,,B03,,,1,,2,,,6,6,1,5,,B03,120.678759,24.147187,3
2022,2,8,19,30,臺中市,大里區,0,1,0,8,3,5,50,14,9,1,5,4,5,7,1,1,5,2,5,1,17,6,3,10,1,1,B03,7,5,1,8,9,15,,6,6,1,22,8,B03,120.700331,24.102348,2
2022,2,8,19,32,臺中市,沙鹿區,0,1,0,8,3,5,50,4,1,1,5,4,5,7,4,4,5,4,5,2,16,10,3,10,1,1,B02,7,11,1,8,2,8,,10,10,1,4,8,B02,120.574033,24.222222,2
2022,2,8,19,45,臺中市,大肚區,0,0,0,8,,,50,,,,,,,,,,,,,,,12,,,,,B03,,,1,,1,,,12,12,1,22,,B03,120.576207,24.11895,3
2022,2,8,19,45,臺中市,清水區,0,0,0,8,,,50,,,,,,,,,,,,,,,23,,,,,B03,,,1,,2,,,23,23,1,21,,B03,120.549791,24.285255,3
2022,2,8,19,49,臺中市,大安區,0,0,0,8,,,50,,,,,,,,,,,,,,,12,,,,,B03,,,1,,2,,,12,12,1,4,,B03,120.590846,24.346021,3
2022,2,8,19,50,臺中市,東區,0,1,0,8,3,5,50,4,1,1,5,4,5,7,1,1,10,5,5,2,29,23,2,9,1,1,C03,7,9,1,10,2,12,,23,23,1,22,8,C03,120.7012,24.14271,2
2022,2,8,20,0,臺中市,南屯區,0,0,0,8,,,40,,,,,,,,,,,,,,,12,,,,,B03,,,1,,2,,,12,12,1,22,,B03,120.638953,24.14876,3
2022,2,8,20,17,臺中市,北屯區,0,1,0,8,3,5,50,5,1,1,5,4,5,7,4,4,10,5,5,2,16,23,3,10,1,1,B12,7,9,1,8,2,2,,23,23,1,21,8,B12,120.668653,24.175716,2
2022,2,8,20,21,臺中市,豐原區,0,1,0,8,3,5,50,3,1,1,5,4,5,7,2,1,10,5,5,2,17,19,3,10,3,4,C03,7,1,1,10,2,14,,19,19,1,22,8,C03,120.728455,24.245919,2
2022,2,8,20,28,臺中市,東區,0,0,0,8,,,50,,,,,,,,,,,,,,,23,,,,,C02,,,1,,2,,,23,23,1,5,,C02,120.699525,24.138876,3
2022,2,8,20,30,臺中市,太平區,0,0,0,,,,30,,,,,,,,,,,,,,,12,,,,,B12,,,1,,2,,,12,12,1,21,,B12,120.70634,24.154595,3
2022,2,8,20,38,臺中市,后里區,0,0,0,8,3,5,50,14,7,1,5,3,5,7,4,4,5,4,4,1,13,23,3,10,1,1,B12,7,9,1,8,4,1,,23,23,1,10,4,B12,120.715036,24.309973,3
2022,2,8,20,47,臺中市,東區,0,2,0,8,1,5,50,14,9,1,5,4,5,7,4,4,1,4,5,2,17,23,2,9,1,1,C03,7,9,1,10,2,11,,23,23,1,22,8,C03,120.694436,24.143358,2
2022,2,8,20,54,臺中市,北區,0,0,0,8,,,50,,,,,,,,,,,,,,,23,,,,,C03,,,1,,2,,,23,23,1,22,,C03,120.678278,24.163082,3
2022,2,8,20,54,臺中市,太平區,0,1,0,8,1,5,40,3,1,1,5,4,5,7,4,4,10,5,5,2,16,6,3,10,3,4,B03,7,5,1,8,2,6,,6,6,1,9,8,B03,120.706107,24.127377,2
2022,2,8,20,55,臺中市,北屯區,0,1,0,8,3,5,40,14,7,1,5,4,5,7,4,4,5,5,4,2,16,19,3,10,1,1,B03,7,1,1,8,2,8,,19,19,1,4,8,B03,120.662843,24.186221,2
2022,2,8,21,7,臺中市,后里區,0,0,0,8,3,5,50,3,1,1,5,4,5,7,1,1,10,5,5,2,16,23,3,10,3,4,G06,7,5,1,8,7,16,,23,23,1,22,8,G06,120.711546,24.307082,3
2022,2,8,21,10,臺中市,北屯區,0,0,0,8,,,50,,,,,,,,,,,,,,,1,,,,,B03,,,1,,1,,,1,1,1,21,,B03,120.665153,24.18396,3
2022,2,8,21,18,臺中市,中區,0,1,0,8,3,5,50,4,1,1,5,4,5,7,1,1,10,5,5,2,16,23,2,9,1,1,C03,7,9,1,10,2,14,,23,23,1,4,5,C03,120.683665,24.141539,2
2022,2,8,21,22,臺中市,西屯區,0,2,0,8,1,5,50,4,1,1,5,4,5,7,4,4,10,5,5,2,13,23,3,10,1,1,B03,7,9,1,8,2,1,,23,23,1,4,8,B03,120.616746,24.183357,2
2022,2,8,22,0,臺中市,大雅區,0,0,0,8,,,50,,,,,,,,,,,,,,,16,,,,,B12,,,1,,2,,,16,16,1,22,,B12,120.660546,24.210546,3
2022,2,8,22,1,臺中市,北屯區,0,1,0,8,3,5,50,4,1,1,5,4,5,7,1,1,10,5,5,2,16,6,2,8,1,1,C02,7,6,1,9,2,12,,6,6,1,21,8,C02,120.71341,24.172121,2
2022,2,8,22,5,臺中市,豐原區,0,0,0,8,,,30,,,,,,,,,,,,,,,12,,,,,B03,,,1,,2,,,12,12,1,22,,B03,120.739041,24.249498,3
2022,2,8,22,55,臺中市,梧棲區,0,1,0,8,3,5,30,5,1,1,5,4,5,7,4,4,10,5,5,2,15,6,2,9,1,1,C03,7,9,1,10,2,12,,6,6,1,5,1,C03,120.550266,24.25777,2
2022,2,8,23,0,臺中市,梧棲區,0,2,0,8,3,5,50,3,1,1,5,4,5,7,4,4,10,5,5,2,16,6,2,9,1,1,B03,7,5,1,8,2,8,,6,6,1,11,8,B03,120.530935,24.24222,2
2022,2,8,23,52,臺中市,太平區,0,2,0,8,3,5,40,4,1,1,5,4,5,7,1,1,10,5,5,2,16,26,2,9,3,4,C03,7,5,1,10,2,14,,26,26,1,6,8,C03,120.711493,24.149872,2
2022,2,9,0,1,臺中市,北屯區,0,0,0,8,,,50,,,,,,,,,,,,,,,7,,,,,C03,,,1,,1,,,7,7,1,22,,C03,120.665933,24.18244,3
2022,2,9,0,47,臺中市,豐原區,0,1,0,8,3,5,30,3,2,1,5,4,5,7,3,1,1,3,5,1,17,6,2,5,1,1,B03,7,5,1,8,2,3,,6,6,1,4,1,B03,120.722091,24.275438,2
2022,2,9,2,9,臺中市,西屯區,0,0,0,8,,,30,,,,,,,,,,,,,,,67,,,,,,,,,,,,,67,67,1,,,,120.641491,24.180107,3
2022,2,9,4,5,臺中市,西區,0,0,0,8,,,50,,,,,,,,,,,,,,,19,,,,,B03,,,1,,2,,,19,19,1,4,,B03,120.65833,24.14671,3
2022,2,9,4,6,臺中市,南屯區,0,0,0,8,,,50,,,,,,,,,,,,,,,25,,,,,B02,,,1,,2,,,25,25,1,22,,B02,120.623527,24.144941,3
2022,2,9,5,0,臺中市,沙鹿區,0,1,0,8,3,5,50,4,1,1,5,4,5,7,1,1,10,5,5,2,17,7,3,10,1,1,B11,7,7,1,2,2,8,,7,7,1,10,4,B11,120.562348,24.240327,2
2022,2,9,5,30,臺中市,北區,0,1,0,8,3,5,50,5,1,1,5,4,5,7,1,1,10,5,5,2,26,23,2,9,1,1,B12,7,6,6,18,11,1,,23,23,1,22,8,B12,120.67051,24.155741,2
2022,2,9,6,2,臺中市,北區,0,2,0,8,3,5,30,3,1,1,5,4,5,7,4,4,10,5,5,2,16,26,2,9,1,1,C03,7,5,1,10,2,14,,26,26,1,21,8,C03,120.67845,24.148189,2
2022,2,9,6,27,臺中市,東區,0,2,0,8,1,5,50,14,8,1,5,4,5,7,4,4,5,5,4,2,12,19,2,9,1,1,C03,7,1,3,18,2,14,,19,19,1,21,8,C03,120.703755,24.129775,2
2022,2,9,6,44,臺中市,梧棲區,0,1,0,7,1,5,60,4,1,1,5,4,5,7,1,1,1,4,3,1,16,7,3,10,1,1,A31,7,8,1,1,2,5,,7,7,1,9,1,A31,120.525667,24.256334,2
2022,2,9,6,49,臺中市,大雅區,0,0,0,8,,,50,,,,,,,,,,,,,,,18,,,,,B03,,,1,,2,,,18,18,1,22,,B03,120.666935,24.216255,3
2022,2,9,6,55,臺中市,烏日區,0,1,0,8,1,5,40,3,1,1,5,4,5,7,4,4,5,4,4,2,16,6,3,10,1,1,B03,7,5,1,8,2,6,,6,6,1,21,8,B03,120.607647,24.120939,2
2022,2,9,7,6,臺中市,烏日區,0,0,0,8,,,40,,,,,,,,,,,,,,,12,,,,,B12,,,1,,2,,,12,12,1,21,,B12,120.64757,24.076435,3
2022,2,9,7,17,臺中市,南屯區,0,0,0,8,,,50,,,,,,,,,,,,,,,23,,,,,A05,,,1,,2,,,23,23,1,22,,A05,120.623238,24.151159,3
2022,2,9,7,17,臺中市,豐原區,0,0,0,6,,,30,,,,,,,,,,,,,,,6,,,,,B03,,,1,,2,,,6,6,1,21,,B03,120.733256,24.250107,3
2022,2,9,7,21,臺中市,西屯區,0,2,0,8,1,8,1,15,22,1,5,4,5,7,4,4,10,5,5,2,16,4,2,9,3,4,C03,7,9,4,10,2,11,,4,4,1,22,8,C03,120.601109,24.182695,2
2022,2,9,7,30,臺中市,大里區,0,1,0,8,1,5,30,4,1,1,5,4,5,7,4,4,10,5,5,2,3,23,3,10,1,1,B03,7,9,1,8,2,5,,23,23,1,4,8,B03,120.730645,24.089201,2
2022,2,9,7,40,臺中市,西屯區,0,2,0,8,1,5,40,3,8,1,5,4,5,7,4,4,5,5,4,2,13,43,2,9,1,1,C03,7,9,1,10,2,13,,43,43,1,22,8,C03,120.604408,24.173,2
2022,2,9,7,47,臺中市,東區,0,1,0,7,1,5,50,4,1,1,5,4,5,7,2,1,10,5,5,2,16,6,3,10,1,1,B03,7,6,3,18,2,5,,6,6,1,21,8,B03,120.700103,24.138881,2
2022,2,9,7,48,臺中市,后里區,0,1,0,8,1,5,50,14,9,1,5,4,5,7,4,4,5,5,5,1,16,26,3,10,1,1,C03,7,5,1,10,6,12,,26,26,1,21,8,C03,120.724663,24.308815,2
2022,2,9,7,48,臺中市,豐原區,0,1,0,7,1,5,50,3,2,1,5,4,5,7,1,1,3,3,3,1,18,23,2,1,3,4,C03,7,9,1,10,2,11,,23,23,1,22,8,C03,120.718322,24.25738,2
2022,2,9,7,50,臺中市,豐原區,0,1,0,7,1,5,50,3,1,1,4,4,5,7,3,1,4,5,5,2,16,26,3,10,3,4,B03,7,5,1,8,2,4,,26,26,1,21,8,B03,120.722655,24.254591,2
2022,2,9,7,53,臺中市,大甲區,0,1,0,8,1,5,50,4,1,1,5,4,5,7,4,4,10,5,5,2,16,10,3,10,1,1,B03,7,11,1,8,2,8,,10,10,1,22,9,B03,120.656158,24.400106,2
2022,2,9,7,57,臺中市,中區,0,2,0,8,1,5,50,4,1,1,5,4,5,7,1,1,10,5,5,2,16,6,3,10,1,1,C03,7,5,6,18,2,14,,6,6,1,21,8,C03,120.677642,24.144083,2
2022,2,9,8,5,臺中市,北屯區,0,0,0,8,,,50,,,,,,,,,,,,,,,16,,,,,B03,,,1,,2,,,16,16,1,4,,B03,120.660416,24.191388,3
2022,2,9,8,5,臺中市,神岡區,0,0,0,8,,,50,,,,,,,,,,,,,,,23,,,,,B03,,,1,,3,,,23,23,1,22,,B03,120.673537,24.261299,3
2022,2,9,8,9,臺中市,烏日區,0,2,0,8,1,5,30,3,1,1,5,4,5,7,4,4,10,5,5,2,16,6,2,8,1,1,F03,7,5,8,20,2,16,,6,6,1,21,8,F03,120.641646,24.09812,2
2022,2,9,8,9,臺中市,大甲區,0,2,0,8,1,5,50,3,1,1,5,4,5,7,1,1,10,5,5,2,15,25,2,9,1,1,F01,7,9,8,20,2,16,,25,25,1,22,9,F01,120.626992,24.351521,2
2022,2,9,8,15,臺中市,大雅區,0,1,0,8,1,5,40,14,8,1,5,4,5,7,4,4,5,5,4,1,17,43,2,9,1,1,C03,7,9,1,10,2,15,,43,43,1,22,9,C03,120.644556,24.204556,2
2022,2,9,8,16,臺中市,龍井區,0,1,0,8,1,5,60,4,1,1,5,4,5,7,1,1,1,1,1,1,17,26,3,10,1,1,B12,7,6,1,8,2,5,,26,26,1,22,8,B12,120.576603,24.177138,2
2022,2,9,8,18,臺中市,豐原區,0,1,0,8,1,5,30,14,9,1,5,4,5,7,4,4,10,5,5,2,17,23,2,9,1,1,C03,7,9,1,10,2,11,,23,23,1,22,8,C03,120.72806,24.26865,2
2022,2,9,8,24,臺中市,潭子區,0,1,0,8,1,5,50,3,1,1,5,4,5,7,4,4,5,4,5,1,17,19,3,10,1,1,B03,7,1,1,8,2,1,,19,19,1,22,8,B03,120.700831,24.216866,2
2022,2,9,8,25,臺中市,太平區,0,1,0,7,1,5,30,4,1,1,5,4,5,7,4,4,5,5,5,2,15,6,3,10,1,1,C03,7,9,1,10,11,12,,6,6,1,21,8,C03,120.725596,24.142934,2
2022,2,9,8,33,臺中市,沙鹿區,0,1,0,8,1,5,50,4,1,1,5,4,5,7,1,1,10,5,5,2,16,23,2,9,1,1,C03,6,9,1,10,2,11,,23,23,1,21,8,C03,120.617167,24.240431,2
2022,2,9,8,39,臺中市,南屯區,0,1,0,8,1,5,50,4,1,1,5,4,5,7,2,1,10,5,5,2,16,6,3,10,1,1,B03,7,6,1,8,2,5,,6,6,1,1,2,B03,120.64086,24.14141,2
2022,2,9,8,47,臺中市,北屯區,0,1,0,8,1,5,50,14,9,1,5,4,5,7,4,4,1,4,5,2,12,23,3,10,1,1,B12,7,9,1,8,2,2,,23,23,1,5,8,B12,120.737265,24.175778,2
2022,2,9,9,0,臺中市,西區,0,1,0,8,1,5,50,4,2,1,5,4,5,7,2,1,4,4,5,2,16,10,3,10,1,1,B03,7,11,1,8,2,5,,10,10,1,21,8,B03,120.678394,24.136479,2
2022,2,9,9,9,臺中市,大雅區,0,2,0,8,1,5,50,14,7,1,5,4,5,7,4,4,5,2,5,1,16,26,3,10,1,1,B03,7,5,1,8,2,4,,26,26,1,22,9,B03,120.647005,24.226177,2
2022,2,9,9,16,臺中市,中區,0,1,0,7,1,5,50,4,1,1,5,4,5,7,1,1,10,5,5,2,17,6,3,10,3,4,B03,7,5,1,7,2,1,,6,6,1,21,8,B03,120.677106,24.14313,2
2022,2,9,9,22,臺中市,中區,0,1,0,8,1,5,50,4,1,1,5,4,5,7,1,1,10,5,5,2,13,16,3,10,1,1,C03,7,9,1,10,2,11,,16,16,1,22,9,C03,120.67729,24.145711,2
2022,2,9,9,27,臺中市,神岡區,0,1,0,7,1,5,50,14,9,1,5,4,5,7,4,4,1,4,5,2,17,42,2,4,1,1,B12,7,15,3,18,2,4,,42,42,1,22,8,B12,120.6964,24.248562,2
2022,2,9,9,34,臺中市,大甲區,0,1,0,8,1,5,50,3,2,1,5,4,5,7,4,4,10,5,5,2,16,19,2,9,1,1,C03,7,1,1,10,2,12,,19,19,1,22,9,C03,120.652813,24.383126,2
2022,2,9,9,36,臺中市,北區,0,0,0,8,,,50,,,,,,,,,,,,,,,23,,,,,B03,,,1,,2,,,23,23,1,20,,B03,120.668961,24.154914,3
2022,2,9,9,46,臺中市,西屯區,0,0,0,8,,,50,,,,,,,,,,,,,,,23,,,,,B03,,,1,,1,,,23,23,1,22,,B03,120.651186,24.164154,3
2022,2,9,9,52,臺中市,大雅區,0,0,1,8,1,5,50,5,1,1,5,4,5,7,1,1,5,4,5,1,16,25,3,10,1,1,B03,7,9,1,8,2,5,,25,25,1,22,9,B03,120.65059,24.227383,2
2022,2,9,9,52,臺中市,豐原區,0,2,0,8,1,5,50,14,7,1,5,4,5,7,4,4,5,5,4,2,17,19,2,9,3,4,F03,7,1,8,20,2,16,,19,19,1,22,8,F03,120.712905,24.248977,2
2022,2,9,9,54,臺中市,豐原區,0,0,0,,,,50,,,,,,,,,,,,,,,23,,,,,B03,,,1,,2,,,23,23,1,22,,B03,120.705366,24.250027,3
2022,2,9,9,57,臺中市,大甲區,0,0,0,6,1,2,70,14,7,1,5,4,5,7,4,4,3,4,4,1,29,30,3,10,4,5,B12,8,21,1,20,10,16,,30,30,1,21,1,B12,120.645896,24.372303,3
2022,2,9,10,0,臺中市,南屯區,0,0,0,8,,,30,,,,,,,,,,,,,,,43,,,,,B02,,,1,,11,,,43,43,1,22,,B02,120.638316,24.137788,3
2022,2,9,10,0,臺中市,大里區,0,0,0,8,1,5,30,4,2,1,5,4,5,7,1,1,10,5,5,1,14,12,,,,,B03,,,1,,2,,,12,12,1,5,,B03,120.688302,24.101621,3
2022,2,9,10,3,臺中市,北區,0,1,0,8,1,5,50,14,7,1,5,4,5,7,4,4,1,4,4,2,17,16,2,8,1,1,C03,7,9,1,10,2,11,,16,16,1,22,9,C03,120.68503,24.166613,2
2022,2,9,10,38,臺中市,西屯區,0,0,0,8,,,40,,,,,,,,,,,,,,,7,,,,,B12,,,1,,1,,,7,7,1,22,,B12,120.6501,24.158036,3
2022,2,9,10,40,臺中市,南屯區,0,0,0,8,,,30,,,,,,,,,,,,,,,23,,,,,B11,,,1,,2,,,23,23,1,22,,B11,120.633805,24.122823,3
2022,2,9,10,41,臺中市,中區,0,0,0,8,1,5,50,14,9,1,5,4,5,7,4,4,10,4,5,2,14,12,,,,,B03,,,1,,1,,,12,12,1,22,,B03,120.684645,24.139657,3
2022,2,9,10,41,臺中市,西屯區,0,1,0,8,1,5,50,14,9,1,5,4,5,7,4,4,5,4,5,2,16,26,3,10,3,4,B02,7,11,1,8,2,1,,26,26,1,22,8,B02,120.609679,24.191495,2
2022,2,9,10,48,臺中市,神岡區,0,1,0,8,1,5,50,3,2,1,5,4,5,7,4,4,9,4,5,1,16,6,3,10,3,4,B12,7,6,1,8,2,2,,6,6,1,22,9,B12,120.670137,24.256533,2
2022,2,9,11,8,臺中市,南區,0,0,0,,,,50,,,,,,,,,,,,,,,23,,,,,C03,,,1,,2,,,23,23,1,22,,C03,120.649536,24.12056,3