年,月,日,時,分,縣市,區,死,受傷,2-30,天候,光線,道路類別,速限,道路型態,事故位置,路面鋪裝,路面狀態,路面缺陷,障礙物,視距,號誌種類,號誌動作,分向設施,快車道或一般車道間,快慢車道間,路面邊線,事故類型及型態,主要肇因,受傷程度,主要傷處,保護裝備,行動電話,當事者區分,車輛用途,當事者行動狀態,駕駛資格情形,駕駛執照種類,飲酒情形,車輛撞擊部位最初,車輛撞擊部位其他,肇事因素個別,肇事因素主要,肇事逃逸,職業,旅次目的,車種,GPS緯度,GPS經度,事故類別
2022,2,14,8,0,臺中市,神岡區,0,2,0,6,1,5,50,5,1,1,4,4,5,7,1,1,5,4,5,1,17,19,2,9,1,1,C03,7,1,3,18,2,12,,19,19,1,12,8,C03,120.663669,24.258353,2
2022,2,14,8,1,臺中市,東區,0,1,0,6,1,5,50,14,9,1,4,4,5,7,4,4,9,5,5,2,10,4,3,10,3,4,B03,7,9,1,8,11,4,5,4,4,2,5,8,B03,120.698563,24.135039,2
2022,2,14,8,3,臺中市,沙鹿區,0,1,0,6,1,5,60,3,1,1,4,4,5,7,1,1,10,5,5,2,17,42,2,9,1,1,C03,7,9,1,10,2,14,,42,42,1,21,8,C03,120.579046,24.250166,2
2022,2,14,8,9,臺中市,東區,0,1,0,8,1,5,30,4,1,1,5,4,5,7,4,4,10,5,5,2,15,6,2,8,1,1,C03,7,9,1,10,2,12,,6,6,1,21,8,C03,120.683732,24.133842,2
2022,2,14,8,9,臺中市,西屯區,0,1,0,8,1,5,40,14,7,1,5,4,5,7,4,4,5,4,4,2,13,16,2,9,1,1,C03,7,9,1,10,2,11,,16,16,1,22,8,C03,120.644305,24.195283,2
2022,2,14,8,11,臺中市,北屯區,0,0,0,8,,,50,,,,,,,,,,,,,,,23,,,,,B03,,,1,,1,,,23,23,1,22,,B03,120.68648,24.182751,3
2022,2,14,8,11,臺中市,西屯區,0,0,0,6,,,30,,,,,,,,,,,,,,,42,,,,,C03,,,1,,1,,,42,42,1,22,,C03,120.634493,24.190157,3
2022,2,14,8,12,臺中市,大雅區,0,0,0,6,,,30,,,,,,,,,,,,,,,43,,,,,B03,,,1,,2,,,43,43,1,22,,B03,120.639601,24.214664,3
2022,2,14,8,12,臺中市,北屯區,0,2,0,6,1,5,40,4,1,1,4,4,5,7,1,1,10,5,5,2,16,8,2,9,1,1,C03,7,5,1,10,2,14,,8,8,1,5,8,C03,120.690556,24.18831,2
2022,2,14,8,21,臺中市,北屯區,0,0,0,8,,,50,,,,,,,,,,,,,,,23,,,,,B03,,,1,,1,,,23,23,1,21,,B03,120.704876,24.165605,3
2022,2,14,8,28,臺中市,南區,0,1,0,6,1,5,50,3,2,1,4,4,5,7,4,4,5,4,5,2,18,23,2,8,1,1,C03,7,9,1,10,2,12,,23,23,1,5,8,C03,120.684999,24.129938,2
2022,2,14,8,31,臺中市,后里區,0,1,0,6,1,5,60,4,1,1,4,4,5,7,1,1,10,5,5,2,12,9,3,10,1,1,B03,7,6,1,8,2,5,,9,9,1,4,5,B03,120.723513,24.323848,2
2022,2,14,8,32,臺中市,霧峰區,0,1,0,6,1,5,50,14,9,1,4,4,5,7,4,4,9,5,5,2,18,42,2,9,1,1,C03,7,9,1,10,2,14,,42,42,1,18,8,C03,120.710988,24.072878,2
2022,2,14,8,35,臺中市,西區,0,0,0,8,,,50,,,,,,,,,,,,,,,17,,,,,B12,,,1,,1,,,17,17,1,21,,B12,120.651817,24.146597,3
2022,2,14,8,35,臺中市,大肚區,0,1,0,6,1,5,50,4,1,1,4,4,5,7,4,4,10,5,5,2,16,6,3,10,1,1,B03,7,9,1,8,2,5,,6,6,1,22,8,B03,120.540596,24.153588,2
2022,2,14,9,0,臺中市,大甲區,0,1,0,6,1,5,50,4,1,1,4,4,5,7,3,1,5,5,5,2,16,6,2,9,1,1,C03,7,9,1,10,2,12,,6,6,1,20,8,C03,120.625216,24.348918,2
2022,2,14,9,6,臺中市,北屯區,0,1,0,6,1,5,40,14,7,1,4,4,5,7,4,4,5,5,4,2,16,26,3,10,1,1,B03,7,11,1,8,2,7,,26,26,1,22,8,B03,120.740907,24.178638,2
2022,2,14,9,10,臺中市,南屯區,0,0,0,6,1,5,40,14,16,1,4,4,5,7,4,4,10,5,5,2,13,23,,,,,B03,,,1,,1,,,23,23,1,22,,B03,120.623607,24.150205,3
2022,2,14,9,11,臺中市,西區,0,1,0,7,1,5,0,14,9,1,4,4,5,7,4,4,1,2,5,2,17,34,3,10,1,1,B11,7,13,7,19,11,4,,34,34,1,22,8,B11,120.666512,24.140819,2
2022,2,14,9,16,臺中市,北屯區,0,1,0,6,1,5,50,3,1,1,4,4,5,7,4,4,10,5,5,2,16,6,3,10,1,1,B03,7,6,1,8,2,2,,6,6,1,5,8,B03,120.714108,24.164074,2
2022,2,14,9,16,臺中市,大里區,0,1,0,8,1,5,30,4,1,1,5,4,5,7,4,4,10,5,5,1,15,23,2,7,3,4,C03,7,9,1,10,2,11,,23,23,1,22,8,C03,120.687694,24.112772,2
2022,2,14,9,24,臺中市,潭子區,0,2,0,6,1,5,50,4,1,1,4,4,5,7,3,1,5,4,4,2,15,6,2,9,1,1,C03,7,9,1,10,2,11,,6,6,1,22,8,C03,120.697852,24.192401,2
2022,2,14,9,28,臺中市,東區,0,1,0,6,1,5,50,14,8,1,4,4,5,7,4,4,5,5,4,2,18,23,2,9,1,1,C03,7,9,1,10,2,14,,23,23,1,21,8,C03,120.706216,24.140648,2
2022,2,14,9,30,臺中市,西區,0,0,0,6,,,50,,,,,,,,,,,,,,,67,,,,,,,,,,,,,67,67,1,,,,120.660462,24.157768,3
2022,2,14,9,30,臺中市,大甲區,0,0,0,,,,50,,,,,,,,,,,,,,,16,,,,,B12,,,1,,1,,,16,16,1,4,,B12,120.659121,24.397389,3
2022,2,14,9,31,臺中市,豐原區,0,0,0,6,,,50,,,,,,,,,,,,,,,23,,,,,B03,,,1,,2,,,23,23,1,22,,B03,120.70705,24.247932,3
2022,2,14,9,43,臺中市,北區,0,1,0,6,1,5,50,4,1,1,4,4,5,7,1,1,1,2,4,2,16,6,3,10,1,1,B03,7,5,1,8,2,1,,6,6,1,21,8,B03,120.685725,24.155948,2
2022,2,14,9,43,臺中市,北屯區,0,1,0,6,1,5,40,3,2,1,4,4,5,7,4,4,1,4,5,2,13,16,2,8,1,1,C03,7,9,1,10,2,11,,16,16,1,21,8,C03,120.686169,24.18079,2
2022,2,14,9,45,臺中市,北區,0,1,0,6,1,5,40,3,1,1,4,4,5,7,1,1,10,5,5,2,18,43,2,9,1,1,C03,7,9,1,10,2,14,,43,43,1,22,9,C03,120.677238,24.152759,2
2022,2,14,9,48,臺中市,南區,0,2,0,6,1,5,50,14,8,1,4,4,5,7,4,4,5,5,4,2,16,6,2,8,1,1,C03,7,5,1,10,2,11,,6,6,1,21,8,C03,120.660988,24.117056,2
2022,2,14,9,48,臺中市,南區,0,0,0,7,1,5,30,13,9,1,5,4,5,7,4,4,10,5,5,2,14,12,,,,,B03,,,1,,2,,,12,12,1,5,,B03,120.658955,24.112872,3
2022,2,14,9,48,臺中市,豐原區,0,0,0,8,,,50,,,,,,,,,,,,,,,42,,,,,B12,,,1,,2,,,42,42,1,21,,B12,120.717276,24.26384,3
2022,2,14,9,49,臺中市,北屯區,0,0,0,8,,,50,,,,,,,,,,,,,,,7,,,,,B03,,,1,,1,,,7,7,1,22,,B03,120.766284,24.197175,3
2022,2,14,9,52,臺中市,南區,0,1,0,6,1,5,50,4,2,1,4,4,5,7,1,1,5,5,4,2,18,23,2,9,1,1,C03,7,9,1,10,2,12,,23,23,1,18,8,C03,120.657448,24.125099,2
2022,2,14,9,56,臺中市,沙鹿區,0,1,0,6,1,5,50,5,1,1,4,4,5,7,2,1,10,5,5,2,13,23,3,10,1,1,B03,7,6,1,8,2,5,,23,23,1,21,8,B03,120.569383,24.237558,2
2022,2,14,10,2,臺中市,南屯區,0,0,0,6,,,30,,,,,,,,,,,,,,,17,,,,,A12,,,1,,1,,,17,17,1,7,,A12,120.6197,24.158383,3
2022,2,14,10,6,臺中市,清水區,0,0,0,8,1,5,50,4,2,1,5,4,5,7,4,4,5,4,4,2,14,12,3,10,1,1,B03,7,2,1,8,2,3,,12,12,1,5,5,B03,120.57783,24.271163,3
2022,2,14,10,6,臺中市,豐原區,0,1,0,6,1,5,50,14,9,1,4,4,5,7,4,4,5,5,5,2,18,42,2,8,3,4,C03,7,9,1,10,2,14,,42,42,1,22,8,C03,120.721891,24.275745,2
2022,2,14,10,16,臺中市,北屯區,0,1,0,6,1,5,50,14,9,1,4,4,5,7,4,4,1,4,5,2,17,19,3,10,1,1,B11,7,1,1,4,2,8,,19,19,1,5,8,B11,120.69332,24.163641,2
2022,2,14,10,23,臺中市,梧棲區,0,0,0,6,,,50,,,,,,,,,,,,,,,18,,,,,B12,,,1,,2,,,18,18,1,9,,B12,120.531441,24.25514,3
2022,2,14,10,25,臺中市,大里區,0,1,0,7,1,5,50,11,9,1,5,4,5,7,4,4,5,5,5,1,16,4,3,10,1,1,C03,7,6,1,10,2,12,,4,4,1,22,8,C03,120.69991,24.088871,2
2022,2,14,10,28,臺中市,西屯區,0,1,0,8,1,5,40,14,7,1,5,4,5,7,4,4,5,4,4,2,16,7,3,10,1,1,B11,7,7,1,8,2,8,,7,7,1,22,8,B11,120.621138,24.183663,2
2022,2,14,10,31,臺中市,北屯區,0,0,0,6,,,50,,,,,,,,,,,,,,,12,,,,,B11,,,1,,1,,,12,12,1,21,,B11,120.689834,24.162502,3
2022,2,14,10,33,臺中市,東區,0,0,0,8,1,5,50,14,9,1,5,4,5,7,4,4,5,4,5,2,12,7,3,10,3,4,B03,7,7,1,8,11,7,,7,7,2,5,8,B03,120.706531,24.129535,3
2022,2,14,10,34,臺中市,南區,0,1,0,6,1,5,50,5,1,1,4,4,5,7,1,1,10,5,5,2,16,6,3,10,1,1,B03,7,5,1,8,2,5,,6,6,1,5,8,B03,120.660102,24.124382,2
2022,2,14,10,40,臺中市,神岡區,0,1,0,6,1,5,50,5,1,1,4,4,5,7,1,1,1,4,5,1,17,25,3,10,1,1,B03,7,9,1,6,2,4,,25,25,1,21,8,B03,120.663481,24.272306,2
2022,2,14,10,51,臺中市,后里區,0,1,0,6,1,5,50,4,1,1,4,4,4,6,4,4,10,4,5,1,12,8,2,9,1,1,C03,7,5,1,10,2,12,,8,8,1,22,8,C03,120.712586,24.306653,2
2022,2,14,11,0,臺中市,清水區,0,1,0,6,1,5,50,4,7,1,4,4,5,7,1,1,1,4,4,1,16,26,2,9,1,1,C03,7,5,1,10,2,12,,26,26,1,20,5,C03,120.543966,24.268034,2
2022,2,14,11,1,臺中市,沙鹿區,0,0,0,6,,,40,,,,,,,,,,,,,,,18,,,,,B03,,,1,,2,,,18,18,1,22,,B03,120.560283,24.240234,3
2022,2,14,11,10,臺中市,西屯區,0,0,0,6,,,50,,,,,,,,,,,,,,,16,,,,,B03,,,1,,1,,,16,16,1,22,,B03,120.633257,24.179659,3
2022,2,14,11,18,臺中市,西區,0,2,0,8,1,5,50,4,2,1,5,4,5,7,1,1,1,3,1,1,13,13,2,9,1,1,C03,7,9,1,10,2,11,,13,13,1,21,8,C03,120.657302,24.159174,2
2022,2,14,11,33,臺中市,霧峰區,0,2,0,7,1,5,50,3,1,1,5,4,5,7,4,4,10,5,5,2,16,8,2,9,1,1,C03,7,5,4,8,2,14,,8,8,1,22,8,C03,120.700271,24.06841,2
2022,2,14,11,53,臺中市,東區,0,1,0,8,1,5,50,3,1,1,5,4,5,7,1,1,5,4,5,2,16,25,2,9,1,4,C03,7,9,1,10,2,11,,25,25,1,21,8,C03,120.697798,24.133164,2
2022,2,14,12,0,臺中市,大甲區,0,0,0,8,,,50,,,,,,,,,,,,,,,6,,,,,B03,,,1,,2,,,6,6,1,9,,B03,120.621496,24.352473,3
2022,2,14,12,3,臺中市,西區,0,0,0,,,,50,,,,,,,,,,,,,,,23,,,,,B02,,,1,,1,,,23,23,1,5,,B02,120.657297,24.15235,3
2022,2,14,12,4,臺中市,石岡區,0,0,0,6,,,50,,,,,,,,,,,,,,,23,,,,,B03,,,1,,2,,,23,23,1,22,,B03,120.791363,24.272531,3
2022,2,14,12,5,臺中市,西區,0,1,0,8,1,5,50,4,1,1,5,4,5,7,1,1,5,4,4,1,16,6,3,10,1,1,B03,7,5,1,10,2,6,,6,6,1,21,8,B03,120.661685,24.135131,2
2022,2,14,12,17,臺中市,西區,0,0,0,8,,,50,,,,,,,,,,,,,,,23,,,,,B03,,,1,8,1,,,23,23,1,22,,B03,120.655134,24.149786,3
2022,2,14,12,19,臺中市,西屯區,0,0,0,,,,40,,,,,,,,,,,,,,,23,,,,,B03,,,1,,2,,,23,23,1,22,,B03,120.644531,24.155528,3
2022,2,14,12,31,臺中市,沙鹿區,0,0,0,8,,,50,,,,,,,,,,,,,,,19,,,,,C03,,,1,,2,,,19,19,1,21,,C03,120.578696,24.221269,3
2022,2,14,12,48,臺中市,北屯區,0,0,0,8,,,30,,,,,,,,,,,,,,,23,,,,,B01,,,1,,1,,,23,23,1,21,,B01,120.684928,24.20122,3
2022,2,14,13,4,臺中市,西屯區,0,0,0,8,,,50,,,,,,,,,,,,,,,43,,,,,B03,,,1,,11,,,43,43,1,22,,B03,120.62873,24.20534,3
2022,2,14,13,12,臺中市,北屯區,0,0,0,8,,,50,,,,,,,,,,,,,,,23,,,,,A12,,,1,,1,,,23,23,1,4,,A12,120.685041,24.201436,3
2022,2,14,13,20,臺中市,南區,0,2,0,8,1,5,30,14,9,1,5,4,5,7,4,4,10,5,5,2,3,23,2,9,1,1,C03,7,9,1,10,2,11,,23,23,1,16,8,C03,120.648012,24.112598,2
2022,2,14,13,25,臺中市,西屯區,0,2,0,7,1,5,50,14,9,1,5,4,5,7,4,4,1,4,5,2,13,42,2,3,3,4,B03,7,9,1,8,1,1,,42,42,1,22,8,B03,120.664695,24.172502,2
2022,2,14,13,27,臺中市,東區,0,1,0,8,1,5,50,4,2,1,4,4,5,7,1,1,5,4,5,2,13,16,2,9,1,1,C03,7,9,1,10,2,11,,16,16,1,21,8,C03,120.687812,24.13884,2
2022,2,14,13,30,臺中市,北區,0,0,0,8,,,40,,,,,,,,,,,,,,,12,,,,,B03,,,6,,11,,,12,12,2,22,,B03,120.671256,24.173286,3
2022,2,14,13,30,臺中市,北屯區,0,0,0,8,,,40,,,,,,,,,,,,,,,12,,,,,B03,,,1,,1,,,12,12,1,21,,B03,120.719908,24.174948,3
2022,2,14,13,42,臺中市,南屯區,0,0,0,8,,,30,,,,,,,,,,,,,,,17,,,,,A31,,,1,,2,,,17,17,1,22,,A31,120.610894,24.158797,3
2022,2,14,13,45,臺中市,神岡區,0,0,0,8,,,30,,,,,,,,,,,,,,,19,,,,,B03,,,1,,2,,,19,19,1,22,,B03,120.67618,24.24268,3
2022,2,14,13,55,臺中市,烏日區,0,1,0,8,1,5,40,14,8,1,5,4,5,7,4,4,5,5,4,2,17,23,2,9,1,1,C04,7,9,1,10,2,11,,23,23,1,21,8,C04,120.60742,24.122089,2
2022,2,14,14,9,臺中市,北屯區,0,1,0,8,1,5,50,4,1,1,5,4,5,7,1,1,10,5,5,2,16,26,3,10,1,1,B03,7,5,1,8,2,1,,26,26,1,21,8,B03,120.71074,24.180138,2
2022,2,14,14,10,臺中市,西區,0,0,0,,,,50,,,,,,,,,,,,,,,18,,,,,B03,,,1,,1,,,18,18,1,5,,B03,120.661521,24.15037,3
2022,2,14,14,17,臺中市,南屯區,0,0,0,,,,40,,,,,,,,,,,,,,,40,,,,,B03,,,1,,2,,,40,40,1,22,,B03,120.646072,24.131951,3
2022,2,14,14,28,臺中市,南屯區,0,0,0,8,1,5,50,4,1,1,5,4,5,7,1,1,5,4,4,2,13,23,,,,,B03,,,1,,1,,,23,23,1,22,,B03,120.648124,24.123176,3
2022,2,14,14,30,臺中市,北區,0,0,0,8,,,50,,,,,,,,,,,,,,,23,,,,,C03,,,1,,2,,,23,23,1,22,,C03,120.685345,24.16324,3
2022,2,14,14,30,臺中市,北屯區,0,0,0,8,,,50,,,,,,,,,,,,,,,1,,,,,C03,,,1,,2,,,1,1,1,21,,C03,120.678658,24.184148,3
2022,2,14,14,34,臺中市,南區,0,1,0,8,1,5,50,14,9,1,5,4,5,7,4,4,10,5,5,2,12,40,3,10,1,1,B12,7,13,1,3,2,8,,40,40,1,21,8,B12,120.673225,24.126832,2
2022,2,14,14,36,臺中市,梧棲區,0,0,0,8,,,50,,,,,,,,,,,,,,,26,,,,,B12,,,1,,2,,,26,26,1,5,,B12,120.539191,24.248116,3
2022,2,14,14,40,臺中市,太平區,0,1,0,8,1,5,50,5,1,1,5,4,5,7,1,1,10,5,5,2,16,44,2,9,1,1,C03,7,9,1,10,2,11,,23,23,1,20,5,C03,120.734372,24.145563,2
2022,2,14,14,41,臺中市,南屯區,0,0,0,8,,,50,,,,,,,,,,,,,,,23,,,,,B12,,,1,,1,,,23,23,1,22,,B12,120.62339,24.1497,3
2022,2,14,14,43,臺中市,南區,0,1,0,8,1,5,50,4,1,1,5,4,5,7,1,1,10,5,5,2,16,6,3,10,1,1,B03,7,5,1,8,2,1,,6,6,1,5,8,B03,120.681093,24.119041,2
2022,2,14,14,46,臺中市,大里區,0,0,0,8,,,50,,,,,,,,,,,,,,,16,,,,,B12,,,1,,2,,,16,16,1,22,,B12,120.713703,24.094465,3
2022,2,14,14,47,臺中市,西屯區,0,2,0,8,1,5,50,3,1,1,5,4,5,7,4,4,5,4,4,2,16,6,2,9,1,1,C03,7,6,1,10,2,12,,6,6,1,22,8,C03,120.61359,24.172681,2
2022,2,14,14,47,臺中市,西屯區,0,0,0,8,,,50,,,,,,,,,,,,,,,23,,,,,A12,,,1,,1,,,23,23,1,22,,A12,120.656722,24.194151,3
2022,2,14,14,48,臺中市,南區,0,0,0,8,1,5,50,14,9,1,5,4,5,7,4,4,5,4,5,2,17,17,3,10,1,1,B03,7,8,1,8,2,5,,17,17,1,21,8,B03,120.663024,24.125737,3
2022,2,14,14,50,臺中市,北屯區,0,2,0,8,1,5,50,14,7,1,5,4,5,7,4,4,1,4,4,2,13,23,3,10,1,1,B03,7,9,1,8,2,1,,23,23,1,4,8,B03,120.685628,24.175178,2
2022,2,14,14,51,臺中市,清水區,0,3,0,8,1,5,50,4,1,1,5,4,5,7,4,4,1,4,4,1,16,6,2,9,1,1,B02,7,9,1,8,2,4,,6,6,1,5,5,B02,120.540888,24.265327,2
2022,2,14,15,1,臺中市,北屯區,0,0,0,,,,50,,,,,,,,,,,,,,,26,,,,,B03,,,1,,1,,,26,26,1,22,,B03,120.696192,24.164956,3
2022,2,14,15,6,臺中市,東區,0,1,0,8,1,5,50,3,1,1,5,4,5,7,1,1,10,5,5,2,16,6,3,10,1,1,B03,7,6,1,8,2,2,,6,6,1,21,8,B03,120.699351,24.146853,2
2022,2,14,15,24,臺中市,沙鹿區,0,0,0,8,,,30,,,,,,,,,,,,,,,42,,,,,B03,,,1,,2,,,42,42,1,20,,B03,120.563886,24.248472,3
2022,2,14,15,30,臺中市,西區,0,0,0,8,,,50,,,,,,,,,,,,,,,67,,,,,,,,,,,,,67,67,1,,,,120.674097,24.136869,3
2022,2,14,15,30,臺中市,北屯區,0,2,0,8,1,5,50,14,9,1,5,4,5,7,4,4,5,5,5,2,16,19,2,9,1,1,C03,7,1,1,10,2,14,,19,19,1,21,8,C03,120.684281,24.17482,2
2022,2,14,15,40,臺中市,北屯區,0,1,0,8,1,5,50,3,1,1,5,4,5,7,4,4,10,5,5,2,16,6,3,10,1,1,B03,7,6,1,8,2,1,,6,6,1,21,8,B03,120.670388,24.178998,2
2022,2,14,15,51,臺中市,北區,0,0,0,,,,40,,,,,,,,,,,,,,,12,,,,,B03,,,1,,2,,,12,12,1,22,,B03,120.671724,24.162604,3
2022,2,14,16,0,臺中市,大里區,0,0,0,8,,,50,,,,,,,,,,,,,,,12,,,,,B12,,,1,,2,,,12,12,1,22,,B12,120.691992,24.109417,3
2022,2,14,16,0,臺中市,清水區,0,0,0,8,,,30,,,,,,,,,,,,,,,6,,,,,B03,,,1,,2,,,6,6,1,5,,B03,120.546857,24.264094,3
2022,2,14,16,0,臺中市,神岡區,0,1,0,8,1,5,50,14,7,1,5,4,5,7,4,4,5,4,4,2,17,12,3,10,1,1,B03,7,2,1,8,2,3,,12,12,1,12,8,B03,120.684724,24.244319,2
2022,2,14,16,5,臺中市,東區,0,1,0,8,1,5,50,4,1,1,5,4,5,7,1,1,10,5,5,2,3,15,3,10,1,1,B03,7,5,1,8,2,1,,15,15,1,22,8,B03,120.694449,24.14635,2
2022,2,14,16,10,臺中市,大甲區,0,0,0,8,,,30,,,,,,,,,,,,,,,17,,,,,B03,,,1,,2,,,17,17,1,4,,B03,120.627698,24.348629,3
2022,2,14,16,13,臺中市,大里區,0,1,0,8,1,5,50,4,1,1,5,4,5,7,1,1,5,4,5,2,15,42,3,10,1,1,B02,7,9,1,8,2,5,,42,42,1,22,8,B02,120.699079,24.110153,2
2022,2,14,16,20,臺中市,西屯區,0,0,0,8,,,50,,,,,,,,,,,,,,,42,,,,,B03,,,1,,1,,,42,42,1,22,,B03,120.656761,24.168753,3
2022,2,14,16,22,臺中市,大里區,0,2,0,8,1,5,50,14,9,1,5,4,5,7,4,4,5,5,5,1,16,4,2,9,1,1,C03,7,1,1,10,3,14,,4,4,1,5,8,C03,120.67793,24.112348,2
2022,2,14,16,23,臺中市,神岡區,0,1,0,8,1,5,50,4,2,1,5,4,5,7,1,1,10,5,5,1,16,17,2,9,1,1,C03,7,5,1,10,2,12,,17,17,1,22,9,C03,120.678821,24.251316,2
2022,2,14,16,24,臺中市,豐原區,0,0,0,8,,,50,,,,,,,,,,,,,,,23,,,,,B03,,,1,,2,,,23,23,1,4,,B03,120.726927,24.251811,3
2022,2,14,16,30,臺中市,南屯區,0,0,0,,,,50,,,,,,,,,,,,,,,6,,,,,B03,,,1,,2,,,6,6,1,4,,B03,120.642638,24.146872,3
2022,2,14,16,32,臺中市,西屯區,0,1,0,8,1,5,40,14,8,1,5,4,5,7,4,4,1,4,3,2,13,23,2,9,1,1,B03,7,9,1,8,2,1,,23,23,1,22,8,B03,120.63172,24.161003,2
2022,2,14,16,40,臺中市,沙鹿區,0,1,0,8,1,5,50,14,9,1,5,4,5,7,4,4,5,5,5,1,13,23,2,8,1,1,C03,7,9,3,18,2,11,,23,23,1,9,8,C03,120.568976,24.198649,2
2022,2,14,16,43,臺中市,太平區,0,1,0,8,1,5,50,14,7,1,5,4,5,7,4,4,5,5,4,1,13,16,2,9,3,4,C03,7,9,1,10,2,14,,16,16,1,18,8,C03,120.732666,24.116246,2
2022,2,14,16,53,臺中市,北屯區,0,1,0,8,1,5,50,14,9,1,5,4,5,7,4,4,5,4,5,2,16,19,3,10,3,4,B03,7,1,1,8,2,4,,19,19,1,21,8,B03,120.744701,24.187663,2
2022,2,14,17,2,臺中市,太平區,0,0,0,8,,,40,,,,,,,,,,,,,,,17,,,,,B12,,,1,,2,,,17,17,1,21,,B12,120.735557,24.129329,3
2022,2,14,17,4,臺中市,梧棲區,0,0,0,8,,,50,,,,,,,,,,,,,,,6,,,,,B03,,,1,,2,,,6,6,1,22,,B03,120.529309,24.242784,3
2022,2,14,17,6,臺中市,東區,0,1,0,8,1,5,50,4,1,1,5,4,5,7,2,1,10,5,5,2,12,16,3,10,1,1,C03,7,9,1,10,2,11,,16,16,1,22,8,C03,120.696485,24.138879,2
2022,2,14,17,12,臺中市,龍井區,0,1,0,8,1,5,50,4,1,1,5,4,5,7,4,4,10,5,5,2,16,9,3,10,1,1,B12,7,6,1,1,2,5,,9,9,1,7,8,B12,120.583956,24.180763,2
2022,2,14,17,17,臺中市,大里區,0,0,0,8,,,50,,,,,,,,,,,,,,,18,,,,,B03,,,1,,2,,,18,18,1,22,,B03,120.686183,24.110965,3
2022,2,14,17,17,臺中市,沙鹿區,0,1,0,8,1,5,50,4,1,1,5,4,5,7,4,4,10,5,5,2,16,6,2,7,1,1,C03,7,5,1,10,2,12,,6,6,1,20,8,C03,120.560985,24.237828,2
2022,2,14,17,18,臺中市,大里區,0,0,0,8,,,50,,,,,,,,,,,,,,,6,,,,,C02,,,1,,2,,,6,6,1,21,,C02,120.700975,24.102654,3
2022,2,14,17,19,臺中市,梧棲區,0,2,0,8,1,5,30,4,1,1,5,4,5,4,4,4,10,5,5,2,15,6,2,9,1,1,C03,7,9,1,10,2,11,,6,6,1,22,8,C03,120.550827,24.259973,2
2022,2,14,17,20,臺中市,南屯區,0,0,0,,,,50,,,,,,,,,,,,,,,19,,,,,B03,,,1,,1,,,19,19,1,4,,B03,120.637184,24.15155,3
2022,2,14,17,20,臺中市,太平區,0,1,0,8,1,5,30,3,1,1,5,4,5,7,3,1,5,5,5,2,16,6,2,9,1,1,C03,7,5,1,10,2,11,,6,6,1,21,8,C03,120.735912,24.133374,2
2022,2,14,17,24,臺中市,豐原區,0,1,0,8,1,5,50,3,1,1,5,4,5,7,4,4,5,5,4,2,16,26,3,10,1,1,C03,7,11,1,10,2,12,,26,26,1,5,8,C03,120.700865,24.248593,2
2022,2,14,17,27,臺中市,北區,0,1,0,8,1,5,50,5,1,1,5,4,5,7,2,1,10,5,5,2,12,26,2,9,1,1,C03,7,9,1,10,2,14,,26,26,1,5,8,C03,120.686252,24.15482,2
2022,2,14,17,28,臺中市,大甲區,0,1,0,8,1,5,50,4,1,1,5,4,5,7,4,4,10,5,5,2,17,23,3,10,1,1,B03,7,6,1,8,2,5,,23,23,1,21,8,B03,120.621588,24.345356,2
2022,2,14,17,30,臺中市,豐原區,0,0,0,8,,,50,,,,,,,,,,,,,,,23,,,,,B03,,,1,,2,,,23,23,1,22,,B03,120.720453,24.266728,3
2022,2,14,17,34,臺中市,南區,0,0,0,8,,,50,,,,,,,,,,,,,,,23,,,,,B03,,,1,,2,,,23,23,1,22,,B03,120.666731,24.114148,3
2022,2,14,17,35,臺中市,南區,0,1,0,8,3,5,30,3,2,1,5,4,5,7,4,4,10,4,4,2,9,23,3,10,1,1,B03,7,9,1,8,2,1,,23,23,1,5,1,B03,120.665708,24.117836,2
2022,2,14,17,37,臺中市,西屯區,0,0,0,8,,,50,,,,,,,,,,,,,,,23,,,,,B03,,,1,,1,,,23,23,1,22,,B03,120.64841,24.158034,3
2022,2,14,17,37,臺中市,大甲區,0,0,0,,,,50,,,,,,,,,,,,,,,7,,,,,B03,,,1,,2,,,7,7,1,22,,B03,120.627658,24.347308,3
2022,2,14,17,38,臺中市,北屯區,0,1,0,8,3,5,50,3,1,1,5,4,5,7,4,4,10,5,5,2,13,23,2,7,1,1,C03,7,7,1,10,2,11,,23,23,1,21,8,C03,120.715605,24.174569,2
2022,2,14,17,38,臺中市,梧棲區,0,1,0,8,2,5,90,14,16,1,5,4,5,7,4,4,8,3,4,2,13,23,2,1,1,1,B03,7,9,1,8,2,1,,23,23,1,9,1,B03,120.518728,24.225343,2
2022,2,14,17,40,臺中市,大里區,0,0,0,8,,,50,,,,,,,,,,,,,,,17,,,,,B03,,,1,,2,,,17,17,1,22,,B03,120.689619,24.092809,3
2022,2,14,17,54,臺中市,沙鹿區,0,2,0,8,2,5,50,4,1,1,5,4,5,7,1,1,10,5,5,2,16,8,2,8,1,1,C03,7,5,1,10,2,12,,8,8,1,18,8,C03,120.564893,24.240922,2
2022,2,14,17,55,臺中市,豐原區,0,2,0,8,3,5,50,14,7,1,5,4,5,7,1,1,5,5,4,2,16,26,2,9,1,1,C03,7,5,1,10,2,12,,26,26,1,9,8,C03,120.706853,24.243826,2