年,月,日,時,分,縣市,區,死,受傷,2-30,天候,光線,道路類別,速限,道路型態,事故位置,路面鋪裝,路面狀態,路面缺陷,障礙物,視距,號誌種類,號誌動作,分向設施,快車道或一般車道間,快慢車道間,路面邊線,事故類型及型態,主要肇因,受傷程度,主要傷處,保護裝備,行動電話,當事者區分,車輛用途,當事者行動狀態,駕駛資格情形,駕駛執照種類,飲酒情形,車輛撞擊部位最初,車輛撞擊部位其他,肇事因素個別,肇事因素主要,肇事逃逸,職業,旅次目的,車種,GPS緯度,GPS經度,事故類別
2022,2,15,21,23,臺中市,龍井區,0,0,0,8,,,50,,,,,,,,,,,,,,,23,,,,,C03,,,1,,11,,,23,23,1,21,,C03,120.582971,24.179701,3
2022,2,15,21,32,臺中市,東區,0,0,0,,,,40,,,,,,,,,,,,,,,23,,,,,B12,,,1,,2,,,23,23,1,21,,B12,120.694564,24.149458,3
2022,2,15,21,44,臺中市,北區,0,1,0,8,3,5,50,3,2,1,5,4,5,7,4,4,1,4,5,2,16,6,2,9,1,1,C03,7,6,1,10,2,14,,6,6,1,22,8,C03,120.684754,24.151545,2
2022,2,15,21,46,臺中市,東區,0,1,0,8,3,5,50,4,1,1,5,4,5,7,2,1,5,5,5,2,16,6,3,10,1,1,B03,7,5,1,8,2,1,,6,6,1,22,8,B03,120.700911,24.135155,2
2022,2,15,21,48,臺中市,大肚區,0,0,0,8,,,60,,,,,,,,,,,,,,,23,,,,,B03,,,1,,2,,,23,23,1,21,,B03,120.582636,24.172131,3
2022,2,15,22,0,臺中市,西屯區,0,1,0,8,3,5,50,14,9,1,5,4,5,7,1,1,9,4,5,2,13,23,2,9,1,1,C03,7,9,6,18,2,11,,23,23,1,22,8,C03,120.623311,24.185498,2
2022,2,15,22,17,臺中市,西區,0,1,0,8,3,5,50,4,1,1,5,4,5,7,2,1,10,5,5,2,16,26,3,10,1,1,B03,7,6,1,7,2,5,,26,26,1,5,8,B03,120.657365,24.146713,2
2022,2,15,22,18,臺中市,大甲區,0,2,0,8,1,5,50,14,8,1,5,4,5,7,4,4,1,4,4,1,13,23,2,9,1,1,C03,7,9,1,10,2,11,,23,23,1,21,8,C03,120.644817,24.370595,2
2022,2,15,22,31,臺中市,霧峰區,0,1,0,8,3,5,50,14,7,1,5,4,5,7,4,4,5,4,4,1,17,19,3,10,3,4,B03,7,1,1,8,2,8,,19,19,1,12,8,B03,120.698393,24.061222,2
2022,2,15,22,36,臺中市,北屯區,0,1,0,8,3,5,50,14,8,1,5,4,5,7,4,4,9,4,4,2,17,23,3,10,1,1,C03,7,7,1,10,2,14,,23,23,1,21,8,C03,120.691932,24.19925,2
2022,2,15,23,30,臺中市,豐原區,0,0,0,8,,,60,,,,,,,,,,,,,,,19,,,,,A02,,,1,,9,,,19,19,2,22,,A02,120.720527,24.264283,3
2022,2,15,23,51,臺中市,北屯區,0,1,0,8,3,5,50,4,1,1,5,4,5,7,4,4,10,5,5,2,16,6,3,10,1,1,B03,7,5,1,8,2,1,,14,14,1,5,8,B03,120.696691,24.177238,2
2022,2,16,0,5,臺中市,大里區,0,1,0,8,3,5,50,14,9,1,5,4,5,7,4,4,10,4,5,1,24,23,2,9,1,1,C03,7,9,1,10,2,14,,23,23,1,22,8,C03,120.713015,24.093476,2
2022,2,16,1,36,臺中市,大肚區,0,3,0,8,3,5,50,11,9,1,5,4,5,7,4,4,9,4,5,2,20,23,3,10,1,1,B03,7,5,2,18,2,1,,23,23,1,22,8,B03,120.57115,24.153335,2
2022,2,16,5,22,臺中市,南區,0,3,0,8,3,5,50,5,1,1,5,4,5,7,1,1,8,4,4,2,16,25,2,7,1,1,A01,7,9,1,8,2,1,,44,25,1,5,1,A01,120.65007,24.120388,2
2022,2,16,6,15,臺中市,豐原區,0,0,0,8,,,50,,,,,,,,,,,,,,,42,,,,,B03,,,1,,2,,,42,42,1,22,,B03,120.730452,24.258233,3
2022,2,16,7,4,臺中市,大里區,0,1,0,8,1,5,50,14,8,1,5,4,5,7,1,1,1,4,4,1,16,7,3,10,3,4,C03,7,8,1,10,2,13,,7,7,1,18,8,C03,120.688821,24.078572,2
2022,2,16,7,5,臺中市,大安區,0,1,0,8,1,5,50,4,1,1,5,4,5,7,1,1,10,5,5,2,17,8,3,10,1,1,C03,7,5,3,18,2,15,,8,8,1,4,1,C03,120.58699,24.345451,2
2022,2,16,7,11,臺中市,南區,0,0,0,,,,50,,,,,,,,,,,,,,,23,,,,,B12,,,1,,2,,,23,23,1,22,,B12,120.679403,24.124232,3
2022,2,16,7,11,臺中市,東區,0,0,0,8,,,50,,,,,,,,,,,,,,,23,,,,,B12,,,1,8,2,,,23,23,1,5,,B12,120.686095,24.126345,3
2022,2,16,7,13,臺中市,北屯區,0,1,0,8,1,5,50,4,1,1,5,4,5,7,1,1,10,5,5,2,13,16,3,10,1,1,C03,7,9,1,10,2,11,,16,16,1,3,1,C03,120.694649,24.165672,2
2022,2,16,7,15,臺中市,大里區,0,1,0,7,1,5,50,14,9,1,5,4,5,7,4,4,5,5,4,2,17,16,2,7,1,1,C03,7,9,1,10,2,14,,16,16,1,22,8,C03,120.700305,24.1024,2
2022,2,16,7,15,臺中市,清水區,0,1,0,8,1,5,50,14,9,1,5,4,5,7,4,4,5,5,5,1,15,6,3,10,1,1,B03,7,9,1,8,2,2,,6,6,1,5,1,B03,120.564193,24.276892,2
2022,2,16,7,15,臺中市,大甲區,0,0,0,,,,50,,,,,,,,,,,,,,,44,,,,,A12,,,1,,1,,,44,44,1,22,,A12,120.614971,24.33387,3
2022,2,16,7,15,臺中市,豐原區,0,1,0,8,1,5,50,3,1,1,5,4,5,7,4,4,5,5,5,2,18,42,2,9,1,1,C03,7,9,1,10,2,11,,42,42,1,22,8,C03,120.720593,24.250041,2
2022,2,16,7,20,臺中市,南屯區,0,0,0,8,1,5,50,14,7,1,5,4,5,7,4,4,5,4,4,2,13,23,,,,,B03,,,1,,1,,,23,23,1,22,,B03,120.607875,24.138491,3
2022,2,16,7,20,臺中市,大里區,0,2,0,8,1,5,50,4,1,1,5,4,5,7,1,1,10,5,5,2,16,25,2,8,1,1,C03,7,9,1,10,2,12,,25,25,1,5,8,C03,120.694774,24.111463,2
2022,2,16,7,20,臺中市,大里區,0,1,0,8,1,5,50,14,9,1,5,4,5,7,4,4,3,4,5,1,17,6,3,10,1,1,C03,7,6,2,18,2,13,,6,6,1,22,8,C03,120.686071,24.119418,2
2022,2,16,7,20,臺中市,烏日區,0,1,0,8,1,5,50,4,1,1,5,4,5,7,4,4,10,5,5,2,15,6,3,10,1,1,C03,7,9,1,10,2,11,,6,6,1,21,8,C03,120.618306,24.105301,2
2022,2,16,7,22,臺中市,北屯區,0,0,0,8,,,50,,,,,,,,,,,,,,,16,,,,,C03,,,1,,1,,,16,16,1,5,,C03,120.723895,24.1812,3
2022,2,16,7,22,臺中市,北屯區,0,0,0,8,,,50,,,,,,,,,,,,,,,16,,,,,B03,,,1,,1,,,16,16,1,22,,B03,120.694974,24.184044,3
2022,2,16,7,27,臺中市,大里區,0,0,0,8,,,30,,,,,,,,,,,,,,,12,,,,,B03,,,1,,2,,,12,12,1,21,,B03,120.705553,24.091635,3
2022,2,16,7,30,臺中市,北屯區,0,1,0,8,1,5,30,4,1,1,5,4,5,7,1,1,10,5,5,2,15,25,3,10,1,1,B03,7,9,1,8,2,4,,25,25,1,5,8,B03,120.676178,24.20123,2
2022,2,16,7,39,臺中市,北屯區,0,2,0,8,1,5,50,4,2,1,5,4,5,7,2,1,1,4,5,2,13,23,3,10,1,1,C03,7,9,1,10,2,11,12,23,23,1,21,8,C03,120.671121,24.175036,2
2022,2,16,7,41,臺中市,大里區,0,1,0,8,1,5,30,3,1,1,5,4,5,7,4,4,10,5,5,2,16,6,3,10,3,4,B03,7,5,1,8,2,1,,6,6,1,22,8,B03,120.697324,24.080476,2
2022,2,16,7,45,臺中市,北屯區,0,2,0,8,1,5,50,3,2,1,5,4,5,7,4,4,5,4,5,2,16,26,2,9,1,1,C03,7,5,1,10,2,12,,26,26,1,21,8,C03,120.694508,24.161275,2
2022,2,16,7,45,臺中市,北屯區,0,0,0,8,,,50,,,,,,,,,,,,,,,16,,,,,C03,,,1,,1,,,16,16,1,5,,C03,120.723691,24.181588,3
2022,2,16,7,46,臺中市,南屯區,0,0,0,8,1,5,40,14,8,1,5,4,5,7,4,4,1,5,5,2,13,16,,,,,B03,,,1,,2,,,16,16,1,22,,B03,120.596276,24.155939,3
2022,2,16,7,49,臺中市,神岡區,0,1,0,8,1,5,50,15,9,1,5,4,5,7,1,1,5,5,4,2,17,44,2,10,1,1,B03,7,9,1,8,2,5,,44,44,1,22,8,B03,120.6994,24.264068,2
2022,2,16,7,55,臺中市,西屯區,0,0,0,8,,,50,,,,,,,,,,,,,,,23,,,,,C03,,,1,,11,,,23,23,1,22,,C03,120.629533,24.183798,3
2022,2,16,7,56,臺中市,北屯區,0,0,0,8,,,30,,,,,,,,,,,,,,,23,,,,,B03,,,1,,2,,,23,23,1,21,,B03,120.699208,24.172098,3
2022,2,16,7,56,臺中市,烏日區,0,0,0,8,,,50,,,,,,,,,,,,,,,23,,,,,B03,,,1,,2,,,23,23,1,22,,B03,120.650171,24.106846,3
2022,2,16,7,57,臺中市,東區,0,1,0,8,1,5,50,4,1,1,5,4,5,7,1,1,5,5,4,2,16,6,3,10,1,1,B12,7,5,1,8,2,5,,6,6,1,21,8,B12,120.704653,24.144516,2
2022,2,16,7,57,臺中市,北屯區,0,0,0,8,,,50,,,,,,,,,,,,,,,16,,,,,B03,,,1,,1,,,16,16,1,22,,B03,120.671466,24.174277,3
2022,2,16,7,57,臺中市,神岡區,0,1,0,8,1,5,50,4,1,1,5,4,5,7,1,1,10,5,5,2,17,6,3,10,1,1,B03,7,6,1,8,2,6,,6,6,1,22,9,B03,120.705273,24.275438,2
2022,2,16,7,58,臺中市,北屯區,0,4,0,8,1,5,50,4,1,1,5,4,5,7,2,1,10,5,5,2,15,25,2,9,1,1,C03,7,9,1,10,2,11,,25,25,1,5,8,C03,120.729706,24.171343,2
2022,2,16,7,58,臺中市,豐原區,0,2,0,8,1,5,50,15,7,1,5,4,5,7,4,4,9,5,4,2,17,4,2,9,1,1,C03,7,11,1,10,2,14,,4,4,1,22,8,C03,120.69766,24.244068,2
2022,2,16,7,59,臺中市,太平區,0,1,0,8,1,5,50,4,1,1,5,4,5,7,1,1,10,5,5,2,16,25,2,9,1,1,C03,7,5,1,10,2,12,,25,25,1,5,1,C03,120.727184,24.157018,2
2022,2,16,8,3,臺中市,梧棲區,0,1,0,8,1,5,30,4,1,1,5,4,5,7,4,4,10,5,5,2,15,6,3,10,1,1,B03,7,9,1,8,2,2,,6,6,1,12,8,B03,120.527062,24.226657,2
2022,2,16,8,5,臺中市,北區,0,0,0,8,1,5,50,3,2,1,5,4,5,7,4,4,1,4,4,2,17,7,,,,,C03,,,1,,2,,,7,7,1,22,,C03,120.694437,24.158213,3
2022,2,16,8,15,臺中市,后里區,0,0,0,8,1,5,50,8,9,1,5,4,5,7,4,4,4,4,5,1,21,23,3,10,1,1,B03,7,9,1,8,2,8,,23,23,1,21,8,B03,120.732562,24.343014,3
2022,2,16,8,18,臺中市,沙鹿區,0,1,0,8,1,5,40,3,2,1,5,4,5,7,4,4,1,5,5,2,17,6,3,10,1,1,C03,7,6,1,10,2,13,,6,6,1,4,1,C03,120.559604,24.237726,2
2022,2,16,8,23,臺中市,清水區,0,0,0,8,1,5,30,14,9,1,5,4,5,7,4,4,10,5,5,2,15,6,3,10,1,1,A12,7,9,1,6,2,5,,6,6,1,4,1,A12,120.640035,24.277612,3
2022,2,16,8,25,臺中市,南區,0,2,0,8,1,5,50,4,1,1,5,4,5,7,1,1,10,5,5,2,13,23,2,9,1,1,C03,7,9,4,8,2,11,,23,23,1,22,8,C03,120.657348,24.13381,2
2022,2,16,8,27,臺中市,霧峰區,0,0,0,8,,,40,,,,,,,,,,,,,,,1,,,,,B03,,,1,,2,,,1,1,1,21,,B03,120.70255,24.075877,3
2022,2,16,8,33,臺中市,北屯區,0,1,0,8,1,5,50,3,1,1,5,4,5,7,4,4,1,4,5,2,12,16,2,9,1,1,C03,7,9,1,10,2,14,,16,16,1,21,8,C03,120.696554,24.170734,2
2022,2,16,8,35,臺中市,東區,0,1,0,8,1,5,50,4,1,1,5,4,5,7,2,1,10,5,5,2,12,23,2,8,3,4,C03,7,9,1,10,2,14,,23,23,1,5,8,C03,120.68955,24.142961,2
2022,2,16,8,37,臺中市,霧峰區,0,2,0,8,1,5,60,3,1,1,5,4,5,7,1,1,10,5,5,2,16,25,2,9,3,4,C03,7,5,1,10,2,14,,44,25,1,22,8,C03,120.69539,24.061044,2
2022,2,16,8,37,臺中市,梧棲區,0,0,0,8,,,50,,,,,,,,,,,,,,,23,,,,,A31,,,1,,2,,,23,23,1,10,,A31,120.528786,24.248587,3
2022,2,16,8,41,臺中市,潭子區,0,1,0,8,1,5,50,4,18,1,5,4,5,7,1,1,10,5,5,2,3,15,3,10,1,1,B03,7,5,1,8,2,1,,15,15,1,22,8,B03,120.705267,24.209873,2
2022,2,16,8,42,臺中市,大雅區,0,2,0,8,1,5,50,4,2,1,5,4,5,7,1,1,5,5,5,1,16,17,2,9,1,1,C03,7,9,4,11,2,14,,17,17,1,22,9,C03,120.645243,24.236313,2
2022,2,16,8,48,臺中市,潭子區,0,1,0,8,1,5,50,14,7,1,5,4,5,7,4,4,9,4,4,2,13,23,2,9,1,1,C03,7,9,1,10,2,11,,23,23,1,22,8,C03,120.685575,24.210024,2
2022,2,16,8,58,臺中市,西區,0,0,0,8,,,50,,,,,,,,,,,,,,,23,,,,,B03,,,1,,2,,,23,23,1,19,,B03,120.683667,24.142981,3
2022,2,16,9,9,臺中市,沙鹿區,0,0,0,8,,,50,,,,,,,,,,,,,,,6,,,,,C03,,,1,,2,,,6,6,1,20,,C03,120.560432,24.237789,3
2022,2,16,9,14,臺中市,北屯區,0,0,0,8,,,50,,,,,,,,,,,,,,,23,,,,,B12,,,1,,1,,,23,23,1,21,,B12,120.684217,24.201264,3
2022,2,16,9,20,臺中市,豐原區,0,1,0,8,1,5,50,4,1,1,5,4,5,7,3,1,5,5,5,2,15,6,2,9,1,1,C03,7,9,1,10,2,11,,6,6,1,22,9,C03,120.706007,24.245416,2
2022,2,16,9,22,臺中市,南區,0,0,0,8,1,5,40,4,2,1,5,4,5,7,1,1,5,5,4,2,14,12,,,,,B03,,,1,,2,,,12,12,1,5,,B03,120.682564,24.126395,3
2022,2,16,9,25,臺中市,烏日區,0,2,0,8,1,5,50,4,1,1,5,4,5,7,2,1,10,5,5,2,16,8,3,10,1,1,B12,7,5,1,8,2,8,,8,8,1,21,8,B12,120.641572,24.109063,2
2022,2,16,9,26,臺中市,南屯區,0,0,0,8,,,50,,,,,,,,,,,,,,,26,,,,,B03,,,1,,2,,,26,26,1,22,,B03,120.628096,24.145103,3
2022,2,16,9,27,臺中市,東區,0,1,0,8,1,5,50,3,1,1,5,4,5,7,4,4,5,4,5,2,16,6,3,10,1,1,B01,7,5,1,4,2,2,,6,6,1,10,4,B01,120.705674,24.130056,2
2022,2,16,9,29,臺中市,西屯區,0,0,0,8,,,40,,,,,,,,,,,,,,,19,,,,,B03,,,1,,1,,,19,19,1,22,,B03,120.592781,24.17294,3
2022,2,16,9,30,臺中市,北屯區,0,2,0,8,1,5,50,3,1,1,5,4,5,7,1,3,10,5,5,2,13,23,2,9,1,1,C03,7,9,1,10,2,11,14,23,23,1,5,8,C03,120.668641,24.201408,2
2022,2,16,9,32,臺中市,南區,0,1,0,8,1,5,50,4,1,1,5,4,5,7,1,1,10,5,5,2,11,3,2,9,1,1,C03,7,9,1,10,2,14,,3,3,1,21,8,C03,120.653289,24.121969,2
2022,2,16,9,36,臺中市,南屯區,0,0,0,8,1,5,40,14,8,1,5,4,5,7,4,4,9,4,5,2,16,23,,,,,B03,,,1,,2,,,23,23,1,22,,B03,120.609904,24.141125,3
2022,2,16,9,40,臺中市,西屯區,0,0,0,8,,,60,,,,,,,,,,,,,,,16,,,,,B03,,,1,,2,,,16,16,1,22,,B03,120.63889,24.187621,3
2022,2,16,9,46,臺中市,大里區,0,0,0,8,,,50,,,,,,,,,,,,,,,9,,,,,B12,,,1,,2,,,9,9,1,21,,B12,120.690983,24.074472,3
2022,2,16,9,48,臺中市,清水區,0,0,0,,,,50,,,,,,,,,,,,,,,18,,,,,B03,,,1,,2,,,18,18,1,5,,B03,120.588634,24.2931,3
2022,2,16,9,50,臺中市,西屯區,0,0,0,8,,,0,,,,,,,,,,,,,,,12,,,,,B03,,,1,,1,,,12,12,1,22,,B03,120.627124,24.177653,3
2022,2,16,9,59,臺中市,東區,0,0,0,8,,,50,,,,,,,,,,,,,,,23,,,,,B03,,,1,10,2,,,23,23,1,5,,B03,120.689376,24.137266,3
2022,2,16,10,20,臺中市,南屯區,0,0,0,8,,,50,,,,,,,,,,,,,,,12,,,,,B03,,,1,,1,,,12,12,1,22,,B03,120.643978,24.129983,3
2022,2,16,10,20,臺中市,大里區,0,1,0,8,1,5,50,4,1,1,5,4,5,7,1,1,10,5,5,2,12,6,2,8,1,1,C03,7,5,1,10,2,11,,6,6,1,18,8,C03,120.679096,24.112335,2
2022,2,16,10,29,臺中市,北區,0,2,0,8,1,5,40,14,8,1,5,4,5,7,4,4,5,5,4,2,13,16,2,9,1,1,C03,7,9,1,10,2,11,,16,16,1,21,8,C03,120.671143,24.159393,2
2022,2,16,10,30,臺中市,南區,0,1,0,8,2,5,50,4,1,1,5,4,5,7,3,1,10,4,4,2,16,6,3,10,1,1,C03,7,5,1,10,2,11,,6,6,1,21,8,C03,120.652502,24.117636,2
2022,2,16,10,30,臺中市,北屯區,0,0,0,8,,,50,,,,,,,,,,,,,,,42,,,,,C03,,,1,,2,,,42,42,1,4,,C03,120.663993,24.185871,3
2022,2,16,10,34,臺中市,清水區,0,1,0,8,1,5,30,14,9,1,5,4,5,7,4,4,10,5,5,2,16,6,2,9,1,1,C03,7,6,1,10,2,11,,6,6,1,4,1,C03,120.572096,24.264094,2
2022,2,16,10,38,臺中市,沙鹿區,0,0,0,8,1,5,50,4,9,1,5,4,5,7,4,4,4,3,5,2,15,9,3,10,1,1,B03,7,6,1,8,2,8,,9,9,1,22,8,B03,120.578633,24.214828,3
2022,2,16,10,43,臺中市,東區,0,0,0,8,1,5,50,14,7,1,5,4,5,7,4,4,1,4,4,2,13,16,,,,,B03,,,1,,2,,,16,16,1,5,,B03,120.697807,24.146444,3
2022,2,16,10,52,臺中市,豐原區,0,0,0,8,,,50,,,,,,,,,,,,,,,42,,,,,B03,,,1,,2,,,42,42,1,22,,B03,120.747724,24.266328,3
2022,2,16,10,53,臺中市,北區,0,1,0,8,1,5,50,4,1,1,5,4,5,7,2,1,10,5,5,2,17,25,3,10,1,1,B03,7,5,1,8,2,6,,25,25,1,22,8,B03,120.694344,24.155639,2
2022,2,16,10,59,臺中市,北區,0,1,0,8,1,5,50,5,1,1,5,4,5,7,1,1,1,2,5,2,16,26,3,10,1,1,B03,7,11,1,8,2,5,,26,26,1,21,8,B03,120.686252,24.15482,2
2022,2,16,11,0,臺中市,沙鹿區,0,2,0,8,1,5,30,4,1,1,5,4,5,7,4,4,10,5,5,2,15,6,2,9,1,1,C03,7,9,1,8,2,12,,6,6,1,22,9,C03,120.569525,24.230318,2
2022,2,16,11,0,臺中市,豐原區,0,1,0,8,1,5,60,4,1,1,5,4,5,7,2,1,1,4,4,1,16,26,3,10,1,1,B03,7,6,1,8,2,5,,26,26,1,21,8,B03,120.704249,24.231702,2
2022,2,16,11,1,臺中市,東區,0,2,0,8,1,5,50,3,7,1,5,4,5,7,4,4,5,5,4,2,16,6,2,9,1,1,C03,7,5,6,10,2,11,,6,6,1,21,8,C03,120.699507,24.149551,2
2022,2,16,11,1,臺中市,梧棲區,0,0,0,8,,,60,,,,,,,,,,,,,,,26,,,,,B01,,,1,,2,,,26,26,1,10,,B01,120.536344,24.249771,3
2022,2,16,11,7,臺中市,梧棲區,0,1,0,8,1,5,50,14,9,1,5,4,5,7,4,4,5,5,5,2,12,19,3,10,1,1,C03,7,1,1,10,2,14,,19,19,1,19,8,C03,120.534878,24.255988,2
2022,2,16,11,10,臺中市,北區,0,1,0,8,1,5,50,3,1,1,5,4,5,7,3,1,10,5,5,2,17,26,3,10,1,1,B03,7,11,3,18,2,2,,26,26,1,22,8,B03,120.672845,24.167931,2
2022,2,16,11,13,臺中市,北屯區,0,1,0,8,1,5,50,4,1,1,5,4,5,7,1,1,10,5,5,2,13,23,3,10,1,1,B03,7,9,1,8,2,1,,23,23,1,21,8,B03,120.685548,24.172185,2
2022,2,16,11,15,臺中市,清水區,0,2,0,8,1,5,50,14,9,1,5,4,5,7,4,4,5,5,5,2,15,6,2,9,1,1,C03,7,9,1,10,2,11,,6,6,1,20,5,C03,120.574839,24.269799,2
2022,2,16,11,30,臺中市,沙鹿區,0,0,0,8,,,50,,,,,,,,,,,,,,,35,,,,,B12,,,1,,2,,,35,35,1,21,,B12,120.570678,24.216538,3
2022,2,16,11,34,臺中市,大雅區,0,0,0,8,,,50,,,,,,,,,,,,,,,37,,,,,B12,,,1,,2,,,37,37,1,22,,B12,120.647214,24.221386,3
2022,2,16,12,2,臺中市,大里區,0,1,0,8,1,5,50,14,9,1,5,4,5,7,4,4,5,5,5,1,16,26,3,10,3,4,B12,7,5,1,8,2,4,,26,26,1,22,8,B12,120.70973,24.088915,2
2022,2,16,12,4,臺中市,西屯區,0,0,0,8,,,50,,,,,,,,,,,,,,,19,,,,,B03,,,1,,1,,,19,19,1,19,,B03,120.63528,24.162906,3
2022,2,16,12,5,臺中市,大雅區,0,1,0,8,1,5,50,4,1,1,5,4,5,7,1,1,1,4,4,1,16,6,2,8,1,1,C03,7,5,1,10,2,11,,6,6,1,22,9,C03,120.6564,24.220702,2
2022,2,16,12,6,臺中市,外埔區,0,2,0,8,1,5,50,4,1,1,5,4,5,7,1,1,10,5,5,2,16,8,2,9,1,1,C03,7,5,6,10,2,14,,8,8,1,9,8,C03,120.653407,24.338871,2
2022,2,16,12,9,臺中市,豐原區,0,0,0,8,,,50,,,,,,,,,,,,,,,16,,,,,B03,,,1,,2,,,16,16,1,22,,B03,120.720245,24.2649,3
2022,2,16,12,11,臺中市,豐原區,0,0,0,8,,,30,,,,,,,,,,,,,,,42,,,,,A12,,,1,,2,,,42,42,1,22,,A12,120.737225,24.276081,3
2022,2,16,12,12,臺中市,大甲區,0,0,0,8,,,50,,,,,,,,,,,,,,,10,,,,,B03,,,1,,1,,,10,10,1,22,,B03,120.626956,24.350232,3
2022,2,16,12,15,臺中市,南屯區,0,0,0,8,,,50,,,,,,,,,,,,,,,42,,,,,B12,,,1,,1,,,42,42,1,22,,B12,120.646999,24.151289,3
2022,2,16,12,15,臺中市,西屯區,0,2,0,8,1,5,40,4,2,1,5,4,5,7,1,1,10,5,5,2,16,43,2,9,1,1,C03,7,9,1,10,2,14,13,43,43,1,22,8,C03,120.662586,24.163648,2
2022,2,16,12,18,臺中市,霧峰區,0,0,0,8,,,60,,,,,,,,,,,,,,,23,,,,,B03,,,3,,2,,,23,23,1,21,,B03,120.69608,24.065074,3
2022,2,16,12,18,臺中市,豐原區,0,0,0,8,,,50,,,,,,,,,,,,,,,42,,,,,A12,,,1,,2,,,42,42,1,22,,A12,120.720577,24.252829,3
2022,2,16,12,26,臺中市,東區,0,2,0,8,1,5,50,5,1,1,5,4,5,7,1,1,10,5,5,2,13,23,2,9,1,1,C03,7,9,1,10,2,11,,23,23,1,22,8,C03,120.691315,24.133514,2
2022,2,16,12,26,臺中市,梧棲區,0,0,0,8,,,50,,,,,,,,,,,,,,,12,,,,,B02,,,1,,2,,,12,12,1,21,,B02,120.532656,24.263292,3
2022,2,16,12,45,臺中市,大肚區,0,1,0,8,1,5,30,3,1,1,5,4,5,7,4,4,10,5,5,2,16,1,2,9,1,1,C03,7,4,1,9,2,12,,1,1,1,22,8,C03,120.529508,24.162706,2
2022,2,16,12,50,臺中市,東區,0,0,0,8,1,5,50,4,2,1,5,4,5,7,2,1,5,4,5,2,17,40,,,,,B03,,,1,,2,,,40,40,1,5,,B03,120.68295,24.134424,3
2022,2,16,13,8,臺中市,西屯區,0,0,0,8,,,0,,,,,,,,,,,,,,,12,,,,,B02,,,1,,2,,,12,12,1,21,,B02,120.632507,24.16264,3
2022,2,16,13,18,臺中市,大里區,0,1,0,8,1,5,50,14,9,1,5,4,5,7,4,4,5,5,5,2,17,6,3,10,1,1,C03,7,5,1,10,2,11,,6,6,1,22,8,C03,120.679075,24.097624,2
2022,2,16,13,18,臺中市,霧峰區,0,1,0,8,1,5,40,14,9,1,5,4,5,7,4,4,5,5,5,1,17,19,3,10,1,1,C03,7,1,1,10,2,11,,19,19,1,19,5,C03,120.67742,24.064594,2
2022,2,16,13,20,臺中市,大里區,0,2,0,8,1,5,50,3,1,1,5,4,5,7,4,4,10,5,5,2,16,6,2,9,1,1,C03,7,5,1,10,2,11,,6,6,1,5,8,C03,120.688431,24.11298,2
2022,2,16,13,24,臺中市,霧峰區,0,0,0,8,,,30,,,,,,,,,,,,,,,6,,,,,B03,,,1,,2,,,23,23,1,22,,B03,120.686754,24.043812,3
2022,2,16,13,31,臺中市,北屯區,0,0,0,8,,,50,,,,,,,,,,,,,,,12,,,,,B11,,,1,,2,,,12,12,1,22,,B11,120.686852,24.17168,3
2022,2,16,13,50,臺中市,南區,0,0,0,8,,,50,,,,,,,,,,,,,,,7,,,,,B03,,,1,,2,,,7,7,1,21,,B03,120.679754,24.133087,3
2022,2,16,13,56,臺中市,北屯區,0,2,0,8,1,5,50,4,1,1,5,4,5,7,2,1,10,5,5,2,16,25,2,9,1,1,B03,7,5,1,8,2,1,,25,25,1,4,8,B03,120.721525,24.181716,2
2022,2,16,13,58,臺中市,西區,0,1,0,8,1,5,50,14,9,1,5,4,5,7,4,4,4,5,5,2,13,23,2,9,1,1,C03,7,9,1,10,2,11,,23,23,1,5,8,C03,120.653147,24.154619,2
2022,2,16,14,0,臺中市,霧峰區,0,0,0,8,,,30,,,,,,,,,,,,,,,42,,,,,B12,,,1,,2,,,42,42,1,21,,B12,120.717686,24.077152,3
2022,2,16,14,1,臺中市,大雅區,0,0,0,8,,,30,,,,,,,,,,,,,,,12,,,,,B03,,,1,,2,,,12,12,1,22,,B03,120.657901,24.23037,3
2022,2,16,14,20,臺中市,龍井區,0,1,0,8,1,5,40,3,2,1,5,4,1,7,2,1,10,5,1,1,29,23,,,,,,,,,,,,,67,23,1,,,,120.579735,24.192636,2
2022,2,16,14,24,臺中市,西區,0,1,0,8,1,5,50,3,1,1,5,4,5,7,4,4,10,5,5,2,13,16,2,9,1,1,C03,7,9,1,9,2,11,,16,16,1,5,8,C03,120.676331,24.134418,2
2022,2,16,14,28,臺中市,梧棲區,0,1,0,8,1,5,50,4,1,1,5,4,5,7,1,1,10,5,5,2,16,8,2,9,1,1,C03,7,5,1,10,2,11,,8,8,1,5,4,C03,120.524586,24.236284,2
2022,2,16,14,30,臺中市,西區,0,1,0,8,1,5,50,4,1,1,5,4,5,7,4,4,10,5,5,2,17,43,2,9,1,1,C03,7,6,1,10,2,14,,43,43,1,21,8,C03,120.668895,24.133868,2
2022,2,16,14,30,臺中市,烏日區,0,1,0,8,1,5,30,12,22,1,5,4,5,7,4,4,10,5,5,1,26,23,2,9,1,1,C03,7,9,1,10,2,11,,23,23,1,21,8,C03,120.589978,24.124278,2