年,月,日,時,分,縣市,區,死,受傷,2-30,天候,光線,道路類別,速限,道路型態,事故位置,路面鋪裝,路面狀態,路面缺陷,障礙物,視距,號誌種類,號誌動作,分向設施,快車道或一般車道間,快慢車道間,路面邊線,事故類型及型態,主要肇因,受傷程度,主要傷處,保護裝備,行動電話,當事者區分,車輛用途,當事者行動狀態,駕駛資格情形,駕駛執照種類,飲酒情形,車輛撞擊部位最初,車輛撞擊部位其他,肇事因素個別,肇事因素主要,肇事逃逸,職業,旅次目的,車種,GPS緯度,GPS經度,事故類別
2022,2,16,14,42,臺中市,東區,0,0,0,8,,,30,,,,,,,,,,,,,,,23,,,,,B12,,,1,8,2,,,23,23,1,5,,B12,120.696478,24.125391,3
2022,2,16,14,45,臺中市,南屯區,0,0,0,,,,50,,,,,,,,,,,,,,,7,,,,,B03,,,1,,1,,,7,7,1,4,,B03,120.641336,24.140903,3
2022,2,16,14,50,臺中市,南屯區,0,0,0,8,,,40,,,,,,,,,,,,,,,12,,,,,B12,,,1,,1,,,12,12,1,22,,B12,120.608573,24.128383,3
2022,2,16,14,53,臺中市,北屯區,0,0,0,8,,,50,,,,,,,,,,,,,,,23,,,,,B03,,,1,,1,,,23,23,1,22,,B03,120.720748,24.175446,3
2022,2,16,15,0,臺中市,神岡區,0,0,0,8,,,30,,,,,,,,,,,,,,,6,,,,,B12,,,1,,2,,,6,6,1,21,,B12,120.674078,24.249958,3
2022,2,16,15,8,臺中市,南區,0,0,0,,,,30,,,,,,,,,,,,,,,23,,,,,B03,,,1,,2,,,23,23,1,21,,B03,120.678797,24.128822,3
2022,2,16,15,15,臺中市,烏日區,0,2,0,8,1,5,50,4,2,1,5,4,5,7,4,4,10,5,5,2,17,9,2,7,3,4,F03,7,6,8,20,2,16,,9,9,1,16,8,F03,120.639297,24.107366,2
2022,2,16,15,35,臺中市,龍井區,0,3,0,8,1,5,60,14,7,1,5,4,5,7,4,4,1,4,1,2,17,23,3,10,3,4,B03,7,9,1,8,2,1,,23,23,1,22,9,B03,120.587192,24.185548,2
2022,2,16,15,36,臺中市,中區,0,1,0,8,1,5,50,4,1,1,5,4,5,7,4,4,10,5,5,2,17,26,3,10,1,1,B03,7,5,1,8,2,5,,26,26,1,19,7,B03,120.677133,24.144552,2
2022,2,16,15,45,臺中市,清水區,0,1,0,8,1,5,30,14,9,1,5,4,5,7,4,4,10,5,5,1,13,23,2,3,1,1,C03,7,9,1,10,2,11,,23,23,1,5,5,C03,120.553798,24.31095,2
2022,2,16,15,49,臺中市,北區,0,1,0,8,1,5,50,14,9,1,5,4,5,7,1,1,10,4,5,2,18,23,2,9,1,1,C03,7,9,1,10,2,14,,23,23,1,22,8,C03,120.691066,24.158901,2
2022,2,16,15,52,臺中市,北屯區,0,0,0,8,,,50,,,,,,,,,,,,,,,12,,,,,B12,,,1,,1,,,12,12,1,21,,B12,120.683941,24.179681,3
2022,2,16,15,52,臺中市,大里區,0,0,0,8,1,5,50,4,2,1,5,4,5,7,1,1,10,5,5,1,21,23,,,,,B03,,,1,,6,,,23,23,1,5,,B03,120.700148,24.110686,3
2022,2,16,15,59,臺中市,西屯區,0,2,0,8,1,5,50,4,1,1,5,4,5,7,2,1,10,5,5,2,16,6,2,9,1,1,C03,7,5,1,10,2,12,14,6,6,1,5,8,C03,120.663321,24.163306,2
2022,2,16,15,59,臺中市,烏日區,0,0,0,8,,,30,,,,,,,,,,,,,,,6,,,,,B03,,,1,,2,,,6,6,1,4,,B03,120.640571,24.062344,3
2022,2,16,16,2,臺中市,潭子區,0,0,0,8,,,50,,,,,,,,,,,,,,,23,,,,,A11,,,1,,2,,,23,23,1,22,,A11,120.704096,24.202863,3
2022,2,16,16,4,臺中市,北區,0,2,0,8,1,5,50,3,1,1,5,4,5,7,1,1,10,5,5,2,16,25,2,7,1,1,C03,7,9,1,10,2,11,,25,25,1,22,8,C03,120.679043,24.155751,2
2022,2,16,16,5,臺中市,南屯區,0,0,0,8,,,50,,,,,,,,,,,,,,,6,,,,,B03,,,1,,1,,,6,6,1,4,,B03,120.625024,24.14515,3
2022,2,16,16,5,臺中市,霧峰區,0,2,0,8,1,5,50,4,18,1,5,4,5,7,1,1,5,4,4,1,3,25,2,8,3,3,C03,7,9,1,10,2,11,,25,25,1,18,8,C03,120.699345,24.067466,2
2022,2,16,16,12,臺中市,北屯區,0,0,0,8,,,50,,,,,,,,,,,,,,,16,,,,,C03,,,1,,2,,,16,16,1,21,,C03,120.685535,24.175485,3
2022,2,16,16,13,臺中市,大里區,0,0,0,8,,,50,,,,,,,,,,,,,,,27,,,,,B03,,,1,,2,,,27,27,1,22,,B03,120.678759,24.110099,3
2022,2,16,16,18,臺中市,西區,0,0,0,8,,,50,,,,,,,,,,,,,,,16,,,,,B03,,,1,,2,,,16,16,1,5,,B03,120.673323,24.13566,4
2022,2,16,16,20,臺中市,龍井區,0,1,0,8,1,5,30,3,2,1,5,4,5,7,4,4,10,5,5,2,17,6,2,8,3,4,C03,7,5,1,10,2,15,,6,6,1,22,9,C03,120.576648,24.180419,2
2022,2,16,16,32,臺中市,北區,0,0,0,8,,,40,,,,,,,,,,,,,,,12,,,,,B12,,,1,,2,,,12,12,1,22,,B12,120.703457,24.158209,3
2022,2,16,16,38,臺中市,豐原區,0,0,0,8,,,60,,,,,,,,,,,,,,,7,,,,,B12,,,1,,2,,,7,7,1,21,,B12,120.703284,24.238137,3
2022,2,16,16,39,臺中市,西屯區,0,1,0,8,1,5,50,14,9,1,5,4,5,7,4,4,9,5,5,2,16,26,2,9,1,1,C03,7,4,1,10,2,14,,26,26,1,4,8,C03,120.598154,24.190169,2
2022,2,16,16,42,臺中市,北屯區,0,1,0,8,1,5,50,14,9,1,5,4,5,7,1,1,1,4,5,2,13,16,3,10,1,1,C03,7,9,1,10,2,11,,16,16,1,21,8,C03,120.701826,24.182015,2
2022,2,16,16,45,臺中市,大安區,0,1,0,8,1,5,50,14,13,1,5,4,5,7,4,4,9,5,5,1,26,23,2,9,1,1,B12,7,9,1,8,2,1,,23,23,1,22,8,B12,120.58534,24.358259,2
2022,2,16,16,50,臺中市,大甲區,0,0,0,,,,70,,,,,,,,,,,,,,,18,,,,,B12,,,1,,1,,,18,18,1,6,,B12,120.6442,24.399641,3
2022,2,16,16,58,臺中市,西區,0,2,0,8,1,5,50,3,1,1,5,4,5,7,4,4,10,5,5,2,12,6,2,7,1,1,C03,7,7,1,9,2,12,,6,6,1,19,7,C03,120.664538,24.132146,2
2022,2,16,16,59,臺中市,北區,0,0,0,8,,,30,,,,,,,,,,,,,,,40,,,,,B03,,,1,,1,,,40,40,1,22,,B03,120.66614,24.155776,3
2022,2,16,17,2,臺中市,西屯區,0,0,0,8,,,30,,,,,,,,,,,,,,,12,,,,,B03,,,1,,2,,,12,12,1,22,,B03,120.616474,24.18726,3
2022,2,16,17,7,臺中市,西區,0,1,0,8,1,5,30,4,2,1,5,4,5,7,4,4,10,5,5,2,11,42,2,9,1,1,C03,7,9,1,10,2,14,,42,42,1,5,8,C03,120.661563,24.151438,2
2022,2,16,17,7,臺中市,太平區,0,1,0,8,2,5,30,4,1,1,5,4,5,7,4,4,5,5,5,2,16,6,3,10,1,1,C03,7,5,1,10,2,14,,6,6,1,21,8,C03,120.718848,24.10207,2
2022,2,16,17,9,臺中市,清水區,0,1,0,8,1,5,30,14,9,1,5,4,5,7,4,4,10,5,5,2,17,6,2,9,3,4,C03,7,9,1,10,2,11,,6,6,1,22,8,C03,120.579819,24.270823,2
2022,2,16,17,10,臺中市,神岡區,0,2,0,8,1,5,50,14,8,1,5,4,5,7,4,4,9,4,4,1,16,6,2,9,1,1,C03,7,5,1,10,2,12,,6,6,1,22,8,C03,120.67443,24.252326,2
2022,2,16,17,11,臺中市,神岡區,0,0,0,8,,,30,,,,,,,,,,,,,,,23,,,,,B03,,,1,,2,,,23,23,1,21,,B03,120.69578,24.239153,3
2022,2,16,17,14,臺中市,大里區,0,0,0,8,,,50,,,,,,,,,,,,,,,12,,,,,B03,,,1,,2,,,12,12,1,5,,B03,120.685506,24.100708,3
2022,2,16,17,20,臺中市,龍井區,0,1,0,8,1,5,50,14,22,1,5,4,5,7,4,4,5,5,5,1,17,23,2,9,3,4,C03,7,9,1,10,2,11,,23,23,1,9,1,C03,120.513046,24.196416,2
2022,2,16,17,20,臺中市,梧棲區,0,1,0,8,1,5,50,4,2,1,5,4,5,7,1,1,5,5,5,1,13,23,3,10,1,1,B03,7,9,1,8,2,5,,23,23,1,9,8,B03,120.537067,24.242004,2
2022,2,16,17,23,臺中市,大里區,0,2,0,8,1,5,40,14,9,1,5,4,5,7,4,4,10,5,5,2,16,6,2,7,1,1,C03,7,9,1,10,2,11,,6,6,1,22,8,C03,120.687683,24.114185,2
2022,2,16,17,25,臺中市,西區,0,0,0,,,,50,,,,,,,,,,,,,,,6,,,,,B03,,,1,,2,,,6,6,1,21,,B03,120.663717,24.130004,3
2022,2,16,17,33,臺中市,霧峰區,0,1,0,8,1,5,30,4,1,1,5,4,5,7,4,4,5,4,4,1,16,6,2,9,3,4,F03,7,9,8,20,2,16,,6,6,1,16,8,F03,120.70023,24.07242,2
2022,2,16,17,35,臺中市,西屯區,0,0,0,8,,,50,,,,,,,,,,,,,,,23,,,,,B03,,,1,,2,,,23,23,1,21,,B03,120.622776,24.175146,3
2022,2,16,17,37,臺中市,龍井區,0,0,0,8,,,40,,,,,,,,,,,,,,,16,,,,,B12,,,1,,2,,,16,16,1,22,,B12,120.555305,24.213098,4
2022,2,16,17,40,臺中市,西屯區,0,0,0,8,,,0,,,,,,,,,,,,,,,42,,,,,C03,,,1,,2,,,42,42,1,22,,C03,120.645571,24.170336,3
2022,2,16,17,40,臺中市,西屯區,0,2,0,8,1,5,50,15,7,1,5,4,5,7,4,4,5,4,4,2,16,26,3,10,3,4,B03,7,5,1,8,2,4,,26,26,1,22,8,B03,120.641778,24.177497,2
2022,2,16,17,40,臺中市,太平區,0,0,0,8,,,40,,,,,,,,,,,,,,,16,,,,,B01,,,1,,2,,,16,16,1,21,,B01,120.713844,24.147516,3
2022,2,16,17,47,臺中市,大里區,0,1,0,8,3,5,50,14,8,1,5,4,5,7,4,4,1,4,4,1,12,7,2,9,1,1,C03,7,7,1,10,2,14,,7,7,1,5,8,C03,120.686925,24.102445,2
2022,2,16,17,48,臺中市,清水區,0,0,0,8,,,50,,,,,,,,,,,,,,,23,,,,,B12,,,1,,2,,,23,23,1,22,,B12,120.575771,24.266225,3
2022,2,16,17,53,臺中市,西屯區,0,1,0,8,2,5,30,14,9,1,5,4,5,7,4,4,10,5,5,2,17,16,2,9,1,1,C03,7,9,1,10,2,11,,16,16,1,22,8,C03,120.643492,24.181649,2
2022,2,16,17,59,臺中市,烏日區,0,0,0,8,,,60,,,,,,,,,,,,,,,23,,,,,B03,,,1,,2,,,23,23,1,21,,B03,120.646139,24.068665,3
2022,2,16,18,5,臺中市,大里區,0,1,0,8,3,5,40,4,2,1,5,4,5,7,1,1,10,5,5,1,16,9,3,10,1,1,B03,7,6,1,8,2,2,,9,9,1,5,8,B03,120.69919,24.1102,2
2022,2,16,18,10,臺中市,沙鹿區,0,2,0,8,3,5,50,3,2,1,5,4,5,7,1,1,9,5,5,1,17,42,2,9,1,1,C03,7,9,1,10,2,14,11,42,42,1,4,8,C03,120.601382,24.258179,2
2022,2,16,18,14,臺中市,龍井區,0,3,0,8,3,5,40,3,2,1,5,4,5,7,4,4,1,4,1,2,17,23,2,8,3,4,C03,7,9,1,10,2,11,,23,23,1,22,9,C03,120.57383,24.18574,2
2022,2,16,18,17,臺中市,南區,0,2,0,8,3,5,50,4,1,1,5,4,5,6,2,1,5,4,4,2,16,9,3,10,1,1,B03,7,6,1,8,2,6,,9,9,1,22,8,B03,120.665775,24.114085,2
2022,2,16,18,19,臺中市,豐原區,0,0,0,8,,,60,,,,,,,,,,,,,,,26,,,,,B03,,,1,,2,,,26,26,1,22,,B03,120.702923,24.238703,3
2022,2,16,18,20,臺中市,大甲區,0,2,0,8,3,5,60,14,8,1,5,4,5,7,4,4,1,4,4,1,10,4,2,9,1,5,F01,7,9,8,20,2,16,,4,4,1,20,8,F01,120.617446,24.351388,2
2022,2,16,18,21,臺中市,北屯區,0,1,0,8,3,5,50,4,2,1,5,4,5,7,1,1,10,5,5,2,16,8,3,10,1,1,B03,7,5,1,8,2,7,,8,8,1,21,8,B03,120.724574,24.172185,2
2022,2,16,18,27,臺中市,南屯區,0,0,0,8,,,50,,,,,,,,,,,,,,,7,,,,,B03,,,1,,1,,,7,7,1,4,,B03,120.635631,24.143715,3
2022,2,16,18,30,臺中市,西屯區,0,0,0,8,,,80,,,,,,,,,,,,,,,23,,,,,B03,,,1,,1,,,23,23,1,21,,B03,120.631904,24.169881,3
2022,2,16,18,36,臺中市,大里區,0,2,0,8,2,5,50,14,9,1,5,4,5,7,4,4,3,4,5,1,16,6,2,8,1,1,C03,7,1,1,10,2,14,,6,6,1,22,8,C03,120.679243,24.111805,2
2022,2,16,18,39,臺中市,北屯區,0,0,0,8,,,50,,,,,,,,,,,,,,,1,,,,,B12,,,1,,1,,,1,1,1,21,,B12,120.71894,24.174546,4
2022,2,16,18,44,臺中市,南屯區,0,0,0,,,,50,,,,,,,,,,,,,,,38,,,,,B03,,,1,,2,,,38,38,1,22,,B03,120.640641,24.142577,3
2022,2,16,18,45,臺中市,西屯區,0,0,0,8,,,50,,,,,,,,,,,,,,,7,,,,,B03,,,1,,1,,,7,7,1,22,,B03,120.620238,24.183268,3
2022,2,16,18,47,臺中市,南屯區,0,0,0,8,3,5,50,14,2,1,5,4,5,7,2,1,3,2,5,2,13,26,3,10,1,1,B03,7,7,1,8,2,8,,26,26,1,4,7,B03,120.632377,24.145498,3
2022,2,16,18,51,臺中市,神岡區,0,2,0,8,3,5,50,4,1,1,5,4,5,7,4,4,5,5,5,2,16,6,2,8,1,1,C03,7,5,1,10,2,14,,6,6,1,22,8,C03,120.657817,24.272511,2
2022,2,16,18,54,臺中市,西屯區,0,2,0,8,3,5,50,14,8,1,5,4,5,7,4,4,9,4,4,2,11,26,2,9,1,1,C03,7,5,1,10,2,12,,26,26,1,22,8,C03,120.644933,24.173797,2
2022,2,16,18,56,臺中市,南屯區,0,2,0,8,3,5,50,4,1,1,5,4,5,7,2,1,5,5,4,2,16,6,2,8,1,1,C03,7,5,1,10,3,12,,6,6,1,4,8,C03,120.634977,24.152593,2
2022,2,16,18,57,臺中市,大雅區,0,1,0,8,3,5,40,14,8,1,5,4,5,7,4,4,1,5,5,2,17,23,2,9,1,1,C03,7,9,1,10,2,11,,23,23,1,22,9,C03,120.632141,24.205373,2
2022,2,16,18,59,臺中市,西屯區,0,2,0,8,3,5,50,4,1,1,5,4,5,7,1,1,10,5,5,2,16,6,2,9,1,1,C03,7,5,1,10,2,12,,6,6,1,22,8,C03,120.652389,24.159667,2
2022,2,16,19,3,臺中市,豐原區,0,0,0,8,,,50,,,,,,,,,,,,,,,6,,,,,C03,,,1,,2,,,6,6,1,22,,C03,120.718828,24.249644,3
2022,2,16,19,5,臺中市,霧峰區,0,1,0,8,3,5,30,3,1,1,5,4,5,7,4,4,10,5,5,2,17,6,3,10,3,4,B03,7,6,1,8,2,4,,6,6,1,20,8,B03,120.713978,24.073271,2
2022,2,16,19,13,臺中市,南區,0,0,0,8,,,50,,,,,,,,,,,,,,,1,,,,,B01,,,1,,9,,,1,1,2,22,,B01,120.649049,24.121816,3
2022,2,16,19,15,臺中市,大里區,0,3,0,8,3,5,50,14,9,1,5,4,5,7,3,1,5,2,5,1,17,23,2,9,1,1,C03,7,9,1,10,2,14,,23,23,1,22,8,C03,120.68953,24.116425,2
2022,2,16,19,18,臺中市,大甲區,0,0,0,8,,,50,,,,,,,,,,,,,,,17,,,,,B03,,,1,,2,,,17,17,1,21,,B03,120.629526,24.35083,3
2022,2,16,19,31,臺中市,北區,0,1,0,8,3,5,50,4,2,1,5,4,5,7,1,1,8,3,4,2,12,7,2,9,1,1,C03,7,7,1,10,2,14,,7,7,1,18,8,C03,120.689705,24.157641,2
2022,2,16,19,41,臺中市,西屯區,0,0,0,8,,,30,,,,,,,,,,,,,,,7,,,,,B03,,,1,,1,,,7,7,1,22,,B03,120.639845,24.173055,3
2022,2,16,19,45,臺中市,西屯區,0,0,0,8,,,50,,,,,,,,,,,,,,,23,,,,,C03,,,1,,2,,,23,23,1,21,,C03,120.644421,24.174836,3
2022,2,16,20,1,臺中市,豐原區,0,1,0,8,1,5,50,3,1,1,5,4,5,7,1,1,5,5,5,2,14,12,3,10,3,4,B03,7,2,1,8,2,3,,12,12,1,9,8,B03,120.724,24.251858,2
2022,2,16,20,8,臺中市,神岡區,0,0,0,8,,,50,,,,,,,,,,,,,,,23,,,,,B03,,,1,,2,,,23,23,1,21,,B03,120.655601,24.258955,3
2022,2,16,20,10,臺中市,神岡區,0,0,0,8,,,50,,,,,,,,,,,,,,,12,,,,,B03,,,1,,2,,,12,12,1,22,,B03,120.661999,24.257854,3
2022,2,16,20,14,臺中市,后里區,0,1,0,8,1,5,50,3,2,1,5,4,5,7,4,4,9,5,5,2,17,8,3,10,1,1,B03,7,5,1,8,2,4,,8,8,1,3,8,B03,120.733291,24.310694,2
2022,2,16,20,20,臺中市,西屯區,0,1,0,6,3,5,50,14,5,1,4,4,5,7,4,4,9,4,1,2,20,26,2,9,1,1,C03,7,9,1,10,2,11,,26,26,1,12,8,C03,120.642525,24.164444,2
2022,2,16,20,25,臺中市,烏日區,0,0,0,8,,,50,,,,,,,,,,,,,,,12,,,,,B03,,,1,,2,,,12,12,1,21,,B03,120.597573,24.109136,3
2022,2,16,20,25,臺中市,大甲區,0,1,0,8,1,5,70,14,8,1,5,4,5,7,4,4,1,4,4,1,17,23,2,9,1,1,C03,7,9,1,10,2,11,,23,23,1,9,1,C03,120.635368,24.361926,2
2022,2,16,20,30,臺中市,清水區,0,1,0,8,3,5,50,14,9,1,5,4,5,7,4,4,5,4,4,1,18,13,2,9,1,1,C03,7,9,1,10,2,12,,13,13,1,5,5,C03,120.63621,24.300865,2
2022,2,16,20,35,臺中市,大甲區,0,1,0,8,3,5,70,3,1,1,5,4,5,7,1,1,1,4,4,1,16,6,3,10,1,1,B03,7,6,1,8,2,5,,6,6,1,21,8,B03,120.65185,24.38357,2
2022,2,16,20,36,臺中市,龍井區,0,0,0,8,,,50,,,,,,,,,,,,,,,23,,,,,B03,,,1,,2,,,23,23,1,22,,B03,120.574238,24.196047,3
2022,2,16,20,48,臺中市,大肚區,0,0,0,8,,,50,,,,,,,,,,,,,,,23,,,,,B03,,,1,,2,,,23,23,1,2,,B03,120.565495,24.123169,3
2022,2,16,20,54,臺中市,北屯區,0,2,0,8,3,5,50,14,9,1,5,4,5,7,1,1,1,4,5,2,13,7,2,9,1,1,C03,7,8,1,10,2,13,,7,7,1,21,8,C03,120.710695,24.18223,2
2022,2,16,20,56,臺中市,東區,0,2,0,8,3,5,50,4,1,1,5,4,5,7,2,1,10,5,5,2,15,25,2,9,1,1,C03,7,9,1,10,2,11,,25,25,1,22,8,C03,120.700097,24.139158,2
2022,2,16,21,5,臺中市,烏日區,0,1,0,8,3,5,60,4,2,1,5,4,5,7,2,1,1,4,3,1,13,16,2,8,1,1,C03,7,9,1,10,2,11,14,16,16,1,21,8,C03,120.646993,24.11058,2
2022,2,16,21,9,臺中市,北區,0,1,0,8,3,5,50,4,1,1,5,4,5,7,4,4,10,5,5,2,15,6,3,10,1,1,B03,7,11,1,8,2,1,,6,6,1,4,8,B03,120.682424,24.166138,2
2022,2,16,21,9,臺中市,大里區,0,1,0,8,4,5,30,14,9,1,5,4,5,7,4,4,10,5,5,1,13,16,2,9,3,4,C03,7,9,1,10,2,11,,16,16,1,18,8,C03,120.70713,24.091434,2
2022,2,16,21,16,臺中市,新社區,0,1,0,8,3,5,50,4,1,1,5,4,5,7,1,1,10,5,5,2,9,42,3,10,1,1,B03,7,5,1,8,2,1,,42,42,1,22,8,B03,120.806646,24.255753,2
2022,2,16,21,36,臺中市,北屯區,0,1,0,8,3,5,50,4,1,1,5,4,5,7,1,1,10,5,5,2,16,25,3,10,3,4,B12,7,9,6,18,2,5,,25,25,1,21,8,B12,120.670426,24.200585,2
2022,2,16,21,42,臺中市,西屯區,0,0,0,8,,,50,,,,,,,,,,,,,,,23,,,,,B03,,,1,,1,,,23,23,1,5,,B03,120.651083,24.16471,3
2022,2,16,21,48,臺中市,東區,0,1,0,8,3,5,50,3,1,1,5,4,5,7,4,4,5,4,5,2,17,7,3,10,1,1,B03,7,8,1,8,2,2,,7,7,1,22,8,B03,120.705485,24.130133,2
2022,2,16,21,57,臺中市,北區,0,0,0,8,,,50,,,,,,,,,,,,,,,17,,,,,B03,,,1,,1,,,17,17,1,22,,B03,120.676222,24.163149,3
2022,2,16,23,15,臺中市,南區,0,0,0,,,,30,,,,,,,,,,,,,,,23,,,,,C03,,,1,,2,,,23,23,1,21,,C03,120.662802,24.125724,3
2022,2,16,23,20,臺中市,西區,0,2,0,8,3,5,50,4,1,1,5,4,5,7,2,1,10,5,5,2,16,26,2,9,1,1,C03,7,5,1,10,2,14,,26,26,1,21,8,C03,120.665275,24.147883,2
2022,2,16,23,50,臺中市,大里區,0,2,0,8,3,5,30,4,1,1,5,4,5,7,4,4,10,5,5,2,15,6,2,9,1,1,C03,7,9,1,10,2,11,,6,6,1,2,1,C03,120.68082,24.1084,2
2022,2,17,0,43,臺中市,太平區,0,0,0,8,,,50,,,,,,,,,,,,,,,23,,,,,B03,,,1,,2,,,23,23,1,21,,B03,120.711906,24.155267,3
2022,2,17,2,20,臺中市,大里區,0,1,0,8,3,5,50,4,1,1,5,4,5,7,1,1,10,5,5,2,16,6,3,10,1,1,B03,7,5,1,8,2,5,,6,6,1,22,9,B03,120.689975,24.108803,2
2022,2,17,5,49,臺中市,南屯區,0,2,0,8,2,5,50,4,1,1,5,4,5,7,3,1,10,5,5,2,15,14,2,9,1,1,B03,7,9,1,8,5,1,,14,14,1,22,8,B03,120.649964,24.132011,2
2022,2,17,6,20,臺中市,豐原區,0,1,0,8,1,5,50,5,1,1,5,4,5,7,2,1,10,5,5,2,17,25,3,10,1,1,B03,7,5,1,8,2,5,,25,25,1,22,8,B03,120.699207,24.248976,2
2022,2,17,6,53,臺中市,北屯區,0,0,0,8,,,30,,,,,,,,,,,,,,,6,,,,,B03,,,1,8,2,,,6,6,1,21,,B03,120.690593,24.17843,3
2022,2,17,6,56,臺中市,北屯區,0,1,0,8,1,5,50,4,1,1,5,4,5,7,4,4,10,5,5,2,15,6,3,10,1,1,B03,7,9,1,8,2,1,,6,6,1,21,1,B03,120.663528,24.191786,2
2022,2,17,7,10,臺中市,后里區,0,0,0,1,1,5,30,14,9,1,5,4,5,7,4,4,4,3,5,1,13,16,,,,,B03,,,1,,2,,,16,16,1,22,,B03,120.693807,24.308894,3
2022,2,17,7,15,臺中市,大雅區,0,1,0,8,1,5,50,4,1,1,5,4,5,7,1,1,5,4,4,1,11,23,2,9,1,1,C03,7,9,1,10,2,15,,23,23,1,22,9,C03,120.668617,24.219756,2
2022,2,17,7,15,臺中市,東區,0,1,0,8,1,5,50,3,1,1,5,4,5,7,1,1,10,5,5,2,12,1,3,10,1,1,B03,7,9,1,8,2,2,,1,1,1,22,8,B03,120.697804,24.133121,2
2022,2,17,7,21,臺中市,南屯區,0,2,0,8,1,5,50,14,9,1,5,4,5,7,4,4,1,4,5,2,13,23,2,8,1,4,C03,7,9,1,10,2,11,,23,23,1,22,8,C03,120.595258,24.150138,2
2022,2,17,7,21,臺中市,東勢區,0,0,0,8,,,50,,,,,,,,,,,,,,,23,,,,,C03,,,1,,2,,,23,23,1,22,,C03,120.824118,24.26144,3
2022,2,17,7,22,臺中市,大甲區,0,2,0,8,1,5,50,4,1,1,5,4,5,7,4,4,10,5,5,2,15,6,2,9,1,1,B03,7,9,1,8,2,2,,6,6,1,4,8,B03,120.621761,24.351285,2
2022,2,17,7,23,臺中市,北屯區,0,1,0,8,1,5,50,4,1,1,5,4,5,7,1,1,10,5,5,2,16,6,3,10,1,1,B03,7,6,1,8,2,5,,6,6,1,5,8,B03,120.682183,24.18136,2
2022,2,17,7,24,臺中市,大里區,0,0,0,8,,,50,,,,,,,,,,,,,,,23,,,,,B03,,,1,,2,,,23,23,1,21,,B03,120.679388,24.110412,3
2022,2,17,7,25,臺中市,烏日區,0,1,0,8,1,5,40,5,2,1,5,4,5,7,1,1,1,4,4,1,12,17,3,10,1,1,C03,7,9,1,10,2,13,,17,17,1,21,8,C03,120.62734,24.10404,2
2022,2,17,7,25,臺中市,豐原區,0,0,0,8,,,60,,,,,,,,,,,,,,,17,,,,,B03,,,1,,2,,,17,17,1,22,,B03,120.70312,24.249655,3
2022,2,17,7,26,臺中市,南區,0,1,0,8,1,5,30,4,1,1,5,4,5,7,4,4,10,5,5,2,15,6,2,9,3,4,C03,7,9,1,10,2,11,,6,6,1,5,8,C03,120.696375,24.125378,2
2022,2,17,7,28,臺中市,南屯區,0,2,0,8,1,5,30,4,9,1,5,4,5,7,4,4,10,5,5,2,17,19,2,9,1,1,C03,7,1,1,10,2,14,,19,19,1,22,9,C03,120.639945,24.139447,2
2022,2,17,7,30,臺中市,大里區,0,1,0,8,1,5,50,14,9,1,5,4,5,7,1,1,3,4,4,1,13,23,3,10,1,1,F03,7,9,8,20,2,16,,23,23,1,22,1,F03,120.689841,24.102988,2
2022,2,17,7,32,臺中市,東區,0,1,0,8,1,5,50,14,7,1,5,4,5,7,4,4,3,4,4,2,17,42,3,10,1,1,C01,7,9,1,9,2,14,,42,42,1,22,8,C01,120.696178,24.128457,2
2022,2,17,7,35,臺中市,烏日區,0,0,0,8,,,50,,,,,,,,,,,,,,,23,,,,,B03,,,1,,2,,,23,23,1,22,,B03,120.624921,24.106243,3
2022,2,17,7,40,臺中市,霧峰區,0,1,0,8,1,5,30,4,1,1,5,4,5,7,3,1,10,5,5,2,15,6,2,9,1,1,C03,7,9,1,10,2,14,,6,6,1,22,8,C03,120.681382,24.021143,2
2022,2,17,7,42,臺中市,梧棲區,0,0,0,8,,,50,,,,,,,,,,,,,,,23,,,,,F06,,,8,,2,,,23,23,1,20,,F06,120.538996,24.250505,3
2022,2,17,7,42,臺中市,神岡區,0,2,0,8,1,5,50,4,1,1,5,4,5,7,1,1,10,5,5,2,16,26,2,9,1,1,C03,7,5,1,10,2,11,,26,26,1,22,1,C03,120.653683,24.271655,2
2022,2,17,7,45,臺中市,南屯區,0,0,0,8,,,50,,,,,,,,,,,,,,,9,,,,,B03,,,1,,2,,,9,9,1,22,,B03,120.634317,24.129922,3
2022,2,17,7,45,臺中市,西屯區,0,0,0,8,,,50,,,,,,,,,,,,,,,6,,,,,B03,,,1,,1,,,6,6,1,22,,B03,120.614799,24.18434,3
2022,2,17,7,46,臺中市,大里區,0,0,0,8,,,50,,,,,,,,,,,,,,,16,,,,,C03,,,1,,2,,,16,16,1,22,,C03,120.679588,24.099762,3
2022,2,17,7,49,臺中市,西屯區,0,0,0,8,,,40,,,,,,,,,,,,,,,16,,,,,B03,,,1,,1,,,16,16,1,22,,B03,120.611054,24.193546,3
2022,2,17,7,50,臺中市,龍井區,0,1,0,8,1,5,30,4,1,1,5,4,5,7,4,4,10,5,5,2,15,6,3,10,3,4,B03,7,9,4,10,2,5,,6,6,1,9,1,B03,120.51298,24.196516,2
2022,2,17,7,51,臺中市,太平區,0,0,0,8,,,50,,,,,,,,,,,,,,,26,,,,,F03,,,8,,2,,,26,26,1,21,,F03,120.727879,24.114834,3