年,月,日,時,分,縣市,區,死,受傷,2-30,天候,光線,道路類別,速限,道路型態,事故位置,路面鋪裝,路面狀態,路面缺陷,障礙物,視距,號誌種類,號誌動作,分向設施,快車道或一般車道間,快慢車道間,路面邊線,事故類型及型態,主要肇因,受傷程度,主要傷處,保護裝備,行動電話,當事者區分,車輛用途,當事者行動狀態,駕駛資格情形,駕駛執照種類,飲酒情形,車輛撞擊部位最初,車輛撞擊部位其他,肇事因素個別,肇事因素主要,肇事逃逸,職業,旅次目的,車種,GPS緯度,GPS經度,事故類別
2022,2,17,7,53,臺中市,北屯區,0,1,0,8,1,5,50,5,1,1,5,4,5,7,4,4,5,5,5,2,16,6,3,10,1,1,B03,7,6,1,8,2,8,,6,6,1,22,8,B03,120.727186,24.167357,2
2022,2,17,7,56,臺中市,東區,0,1,0,8,1,5,50,3,2,1,5,4,5,7,4,4,5,4,5,2,13,16,2,9,1,1,C03,7,9,1,10,2,11,,16,16,1,5,8,C03,120.687971,24.142933,2
2022,2,17,7,57,臺中市,烏日區,0,1,0,8,1,5,30,4,1,1,5,4,3,5,4,4,10,5,5,2,15,6,2,9,1,1,C03,7,9,1,10,2,12,,6,6,1,21,8,C03,120.618306,24.105301,2
2022,2,17,7,59,臺中市,東勢區,0,1,0,8,1,5,60,3,1,1,5,4,5,7,3,1,1,4,4,1,16,8,3,10,1,1,B03,7,9,1,8,2,2,,23,8,1,22,8,B03,120.835709,24.234755,2
2022,2,17,8,0,臺中市,南屯區,0,0,0,8,1,5,50,14,9,1,5,4,5,7,4,4,9,4,5,2,13,23,,,,,B03,,,1,,1,,,23,23,1,22,,B03,120.64932,24.131995,3
2022,2,17,8,0,臺中市,北屯區,0,2,0,8,1,5,50,14,9,1,5,4,5,7,4,4,1,4,5,2,13,23,2,9,1,1,C03,7,9,1,10,2,12,,23,23,1,4,8,C03,120.693196,24.171368,2
2022,2,17,8,6,臺中市,豐原區,0,0,0,8,,,50,,,,,,,,,,,,,,,23,,,,,B03,,,1,,2,,,23,23,1,22,,B03,120.710416,24.236944,3
2022,2,17,8,7,臺中市,烏日區,0,0,0,,,,70,,,,,,,,,,,,,,,23,,,,,B03,,,1,,2,,,23,23,1,22,,B03,120.614953,24.106107,3
2022,2,17,8,12,臺中市,北屯區,0,0,0,8,,,50,,,,,,,,,,,,,,,43,,,,,F01,,,,,,,,43,43,1,,,F01,120.682059,24.194088,3
2022,2,17,8,17,臺中市,西區,0,1,0,8,1,5,50,4,1,1,5,4,5,7,1,1,10,5,5,2,13,16,2,8,1,1,C03,7,9,1,10,2,12,,16,16,1,21,8,C03,120.661587,24.155869,2
2022,2,17,8,18,臺中市,大肚區,0,1,0,8,1,5,70,14,9,1,5,4,5,7,3,1,10,5,5,2,17,23,3,10,1,1,B03,7,6,1,8,2,5,,23,23,1,4,8,B03,120.551619,24.136851,2
2022,2,17,8,23,臺中市,大里區,0,1,0,8,1,5,40,14,8,1,5,4,5,7,4,4,1,5,4,1,16,9,3,10,1,1,B03,7,6,1,8,2,2,,9,9,1,22,8,B03,120.67107,24.101531,2
2022,2,17,8,25,臺中市,東區,0,2,0,8,1,5,50,4,1,1,5,4,5,7,4,4,10,5,5,2,15,6,2,9,1,1,C03,7,9,4,10,2,12,,6,6,1,22,8,C03,120.703959,24.135636,2
2022,2,17,8,28,臺中市,大甲區,0,0,0,,,,40,,,,,,,,,,,,,,,16,,,,,B03,,,1,,2,,,16,16,1,21,,B03,120.613329,24.348484,3
2022,2,17,8,30,臺中市,大里區,0,1,0,8,1,5,80,10,9,1,5,4,5,7,4,4,1,4,5,1,13,16,2,8,1,1,B12,7,9,1,8,2,1,,16,16,1,21,1,B12,120.691321,24.099594,2
2022,2,17,8,33,臺中市,東區,0,1,0,8,1,5,50,14,9,1,5,4,5,7,4,4,9,5,5,2,16,42,3,10,3,4,B03,7,15,1,8,2,8,,42,42,1,5,8,B03,120.693081,24.134243,2
2022,2,17,8,39,臺中市,南區,0,1,0,8,1,5,50,4,1,1,5,4,5,7,1,1,10,5,5,2,17,6,3,10,1,1,B03,7,5,1,8,2,5,,6,6,1,22,8,B03,120.662473,24.127442,2
2022,2,17,8,51,臺中市,豐原區,0,1,0,8,1,5,50,14,7,1,5,4,5,7,4,4,5,4,4,2,17,26,3,10,1,1,B03,7,11,1,8,2,7,,26,26,1,22,8,B03,120.714819,24.245754,2
2022,2,17,8,55,臺中市,西屯區,0,3,0,8,1,5,40,14,8,1,5,4,5,7,4,4,1,5,1,2,17,43,2,9,1,1,C03,7,9,1,10,2,11,,43,43,1,22,8,C03,120.637921,24.160126,2
2022,2,17,9,0,臺中市,豐原區,0,2,0,8,1,5,50,4,1,1,5,4,5,7,4,4,5,5,5,2,16,6,2,9,1,1,C03,7,5,1,10,2,11,,6,6,1,21,8,C03,120.718473,24.25205,2
2022,2,17,9,2,臺中市,北區,0,2,0,8,1,5,40,4,1,1,5,4,5,7,1,1,10,5,5,2,13,16,2,9,1,1,C03,7,9,1,10,2,11,,16,16,1,22,8,C03,120.665734,24.153912,2
2022,2,17,9,3,臺中市,北屯區,0,0,0,8,,,50,,,,,,,,,,,,,,,23,,,,,C03,,,1,,2,,,23,23,1,21,,C03,120.695162,24.182914,3
2022,2,17,9,10,臺中市,烏日區,0,1,0,8,1,5,50,3,1,1,5,4,5,7,1,1,5,4,5,1,16,25,3,10,1,1,B12,7,9,1,8,2,8,,25,25,1,22,8,B12,120.642848,24.074377,2
2022,2,17,9,12,臺中市,大里區,0,2,0,8,1,5,50,14,9,1,5,4,5,7,3,1,1,4,5,1,12,7,2,9,1,1,C03,7,8,1,10,2,11,,7,7,1,21,1,C03,120.680316,24.107292,2
2022,2,17,9,25,臺中市,南屯區,0,0,0,8,1,5,50,4,1,1,5,4,5,7,1,1,5,4,4,2,13,23,,,,,C03,,,1,,1,,,23,23,1,22,,C03,120.65458,24.14012,3
2022,2,17,9,37,臺中市,霧峰區,0,2,0,8,1,5,50,14,9,1,5,4,5,7,4,4,5,5,5,1,12,17,2,7,3,4,C03,7,9,1,10,2,15,,17,17,1,22,8,C03,120.708806,24.074258,2
2022,2,17,9,41,臺中市,太平區,0,1,0,8,1,5,50,14,9,1,5,4,5,7,1,1,5,4,5,1,17,42,2,8,1,1,B03,7,4,1,8,2,1,,42,42,1,21,8,B03,120.73313,24.150517,2
2022,2,17,9,45,臺中市,大雅區,0,0,0,8,,,30,,,,,,,,,,,,,,,5,,,,,B12,,,1,,2,,,5,5,1,22,,B12,120.675842,24.215725,3
2022,2,17,9,46,臺中市,北屯區,0,2,0,8,1,5,40,14,7,1,5,4,5,7,4,4,1,4,4,2,12,7,2,9,1,1,C03,7,7,1,10,2,14,,7,7,1,5,8,C03,120.690093,24.163193,2
2022,2,17,10,0,臺中市,梧棲區,0,0,0,8,,,50,,,,,,,,,,,,,,,12,,,,,B12,,,1,,2,,,12,12,1,9,,B12,120.528996,24.234311,3
2022,2,17,10,9,臺中市,北區,0,1,0,8,1,6,50,14,9,1,5,4,5,7,4,4,2,4,5,2,9,43,3,10,1,1,A01,7,14,1,2,2,15,,43,43,1,10,8,A01,120.684719,24.151687,2
2022,2,17,10,10,臺中市,南屯區,0,0,0,8,,,50,,,,,,,,,,,,,,,23,,,,,B03,,,1,,2,,,23,23,1,22,,B03,120.622134,24.140246,3
2022,2,17,10,10,臺中市,清水區,0,1,0,8,1,5,50,11,8,1,5,4,5,7,4,4,1,4,4,1,12,6,3,10,1,1,B03,7,9,1,8,2,4,,6,6,1,5,5,B03,120.582387,24.282581,2
2022,2,17,10,15,臺中市,豐原區,0,0,0,8,,,50,,,,,,,,,,,,,,,12,,,,,B03,,,1,,2,,,12,12,1,22,,B03,120.713613,24.250986,3
2022,2,17,10,17,臺中市,烏日區,0,2,0,8,1,5,50,14,7,1,5,4,5,7,4,4,1,4,1,1,13,23,2,1,1,1,B01,7,9,1,4,2,1,,23,23,1,10,8,B01,120.614756,24.117754,2
2022,2,17,10,17,臺中市,梧棲區,0,0,0,8,,,40,,,,,,,,,,,,,,,23,,,,,A04,,,1,,2,,,23,23,1,10,,A04,120.549278,24.245075,3
2022,2,17,10,30,臺中市,北屯區,0,1,0,8,1,5,50,3,1,1,5,4,5,7,3,1,10,5,5,2,16,8,2,9,1,1,C03,7,5,1,10,2,14,,8,8,1,5,8,C03,120.733063,24.170316,2
2022,2,17,10,32,臺中市,太平區,0,0,0,8,,,80,,,,,,,,,,,,,,,16,,,,,A41,,,1,,2,,,16,16,1,22,,A41,120.717556,24.157496,3
2022,2,17,10,39,臺中市,大雅區,0,1,0,8,1,5,50,3,1,1,5,4,5,7,4,4,10,5,5,2,16,6,2,9,1,1,C03,7,5,1,10,2,12,,6,6,1,22,9,C03,120.648806,24.218815,2
2022,2,17,10,42,臺中市,南屯區,0,0,0,8,1,5,50,4,1,1,5,4,5,7,1,1,5,4,4,2,13,23,,,,,B03,,,1,,1,,,23,23,1,22,,B03,120.638058,24.132147,3
2022,2,17,10,42,臺中市,霧峰區,0,0,0,8,,,40,,,,,,,,,,,,,,,12,,,,,B03,,,1,,11,,,12,12,1,22,,B03,120.689014,24.038356,3
2022,2,17,10,49,臺中市,南區,0,1,0,8,1,5,50,4,1,1,5,4,5,7,1,1,10,5,5,2,17,6,2,9,1,1,C03,7,5,1,10,2,14,,6,6,1,22,8,C03,120.653832,24.122322,2
2022,2,17,10,50,臺中市,西區,0,0,0,8,,,50,,,,,,,,,,,,,,,42,,,,,B03,,,1,,2,,,42,42,2,22,,B03,120.666736,24.141067,3
2022,2,17,10,54,臺中市,西屯區,0,0,0,8,,,30,,,,,,,,,,,,,,,12,,,,,B03,,,1,,2,,,12,12,1,22,,B03,120.649381,24.176473,3
2022,2,17,10,55,臺中市,沙鹿區,0,1,0,8,1,5,50,4,1,1,5,4,5,7,2,1,10,5,5,2,17,6,3,10,1,1,B03,7,6,1,7,2,15,,6,6,1,4,5,B03,120.566909,24.229288,2
2022,2,17,10,56,臺中市,東區,0,1,0,8,1,5,40,4,1,1,5,4,5,7,1,1,10,5,5,2,16,6,3,10,1,1,B03,7,6,1,8,2,5,,6,6,1,5,8,B03,120.691908,24.1323,2
2022,2,17,11,0,臺中市,清水區,0,0,0,8,,,40,,,,,,,,,,,,,,,12,,,,,B12,,,1,,2,,,12,12,1,22,,B12,120.570447,24.278313,3
2022,2,17,11,10,臺中市,神岡區,0,1,0,8,1,5,50,3,1,1,5,4,5,7,1,1,1,4,5,1,16,25,3,10,1,1,B12,7,5,1,8,2,2,,25,25,1,21,8,B12,120.682788,24.246705,2
2022,2,17,11,11,臺中市,西區,0,0,0,,,,40,,,,,,,,,,,,,,,43,,,,,,,,,,,,,43,43,1,,,,120.657597,24.151915,3
2022,2,17,11,18,臺中市,太平區,0,0,0,,,,40,,,,,,,,,,,,,,,12,,,,,B03,,,6,,2,5,,12,12,1,22,,B03,120.741922,24.130985,3
2022,2,17,11,42,臺中市,大甲區,0,1,0,8,1,5,50,14,9,1,5,4,5,7,4,4,5,4,5,1,16,19,3,10,1,1,B03,7,1,1,8,2,4,,19,19,1,21,8,B03,120.646596,24.404746,2
2022,2,17,11,47,臺中市,潭子區,0,1,0,8,1,5,50,4,1,1,5,4,5,7,1,1,1,2,5,2,13,23,3,10,1,1,C03,7,9,1,10,2,11,,23,23,1,22,8,C03,120.70961,24.200828,2
2022,2,17,11,48,臺中市,大雅區,0,1,0,8,1,5,50,4,1,1,5,4,5,7,1,1,10,5,5,2,12,6,3,10,1,1,B12,7,6,1,8,9,2,,6,6,2,22,9,B12,120.65434,24.22941,2
2022,2,17,11,49,臺中市,神岡區,0,0,0,8,,,,,,,,,,,,,,,,,,5,,,,,,,,,,,,,5,5,2,,,,120.70693,24.272118,3
2022,2,17,11,51,臺中市,西屯區,0,0,0,8,,,30,,,,,,,,,,,,,,,23,,,,,B03,,,1,,11,,,23,23,1,20,,B03,120.646,24.179017,3
2022,2,17,11,55,臺中市,北屯區,0,0,0,8,,,80,,,,,,,,,,,,,,,48,,,,,A12,,,1,,1,,,48,48,1,5,,A12,120.722716,24.189816,3
2022,2,17,12,2,臺中市,西區,0,2,0,8,1,5,50,5,1,1,5,4,5,7,1,1,10,5,5,2,17,42,2,9,1,1,C03,7,15,3,18,2,14,,42,42,1,21,8,C03,120.661587,24.155869,2
2022,2,17,12,8,臺中市,南屯區,0,0,0,8,,,50,,,,,,,,,,,,,,,6,,,,,C03,,,1,,2,,,6,6,1,22,,C03,120.606904,24.136335,3
2022,2,17,12,9,臺中市,北屯區,0,0,0,8,,,50,,,,,,,,,,,,,,,23,,,,,B03,,,1,,1,,,23,23,1,22,,B03,120.721593,24.17243,3
2022,2,17,12,10,臺中市,西屯區,0,1,0,8,1,5,50,4,2,1,5,4,5,7,1,1,10,5,5,2,16,43,3,10,1,1,B03,7,9,1,8,2,2,,43,43,1,22,8,B03,120.649286,24.176613,2
2022,2,17,12,11,臺中市,清水區,0,0,0,8,1,5,50,5,1,1,5,4,5,7,1,1,1,4,4,1,12,27,3,10,1,1,B03,7,6,1,8,2,2,,27,27,1,21,5,B03,120.575429,24.27807,4
2022,2,17,12,16,臺中市,豐原區,0,2,0,8,1,5,50,4,2,1,5,4,5,7,4,4,8,3,4,1,17,6,2,8,3,4,C03,7,9,1,10,2,14,,6,6,1,22,8,C03,120.730308,24.250216,2
2022,2,17,12,29,臺中市,大里區,0,1,0,8,1,5,30,3,1,1,5,4,5,7,4,4,10,5,5,2,16,6,2,7,1,1,C03,7,5,1,10,2,11,,6,6,1,22,8,C03,120.701335,24.094492,2
2022,2,17,12,38,臺中市,西區,0,1,0,8,1,5,50,4,1,1,5,4,5,7,4,4,10,5,5,2,16,23,2,9,1,1,C03,7,9,1,10,2,11,,23,23,1,22,9,C03,120.663046,24.148559,2
2022,2,17,12,40,臺中市,清水區,0,0,0,8,,,40,,,,,,,,,,,,,,,42,,,,,B03,,,3,,2,,,42,42,1,22,,B03,120.575633,24.2699,3
2022,2,17,13,0,臺中市,梧棲區,0,1,0,8,1,5,70,14,8,1,5,4,5,7,4,4,1,4,4,1,16,19,3,10,1,1,B03,7,1,1,8,2,7,,19,19,1,9,8,B03,120.542895,24.219919,2
2022,2,17,13,14,臺中市,大雅區,0,0,0,8,,,30,,,,,,,,,,,,,,,12,,,,,B12,,,1,,2,,,12,12,1,22,,B12,120.62969,24.20854,3
2022,2,17,13,15,臺中市,梧棲區,0,1,0,8,1,5,50,3,1,1,5,4,5,7,4,4,1,4,4,2,16,6,2,9,1,1,C03,7,5,1,10,2,13,,6,6,1,9,1,C03,120.532679,24.260646,2
2022,2,17,13,18,臺中市,大里區,0,0,0,8,,,30,,,,,,,,,,,,,,,19,,,,,B12,,,1,,2,,,19,19,1,21,,B12,120.685785,24.093183,3
2022,2,17,13,20,臺中市,北屯區,0,2,0,8,1,5,50,4,1,1,5,4,5,7,1,1,10,5,5,2,12,26,2,9,1,1,C03,7,9,1,10,2,14,,26,26,1,22,8,C03,120.686676,24.200821,2
2022,2,17,13,22,臺中市,西區,0,1,0,7,1,5,50,4,1,1,5,4,5,7,4,4,10,5,5,2,15,6,3,10,1,1,B03,7,9,1,8,2,8,,6,6,1,5,8,B03,120.661207,24.155212,2
2022,2,17,13,27,臺中市,大甲區,0,1,0,8,1,5,50,4,1,1,5,4,5,7,1,1,5,5,5,2,16,25,2,9,1,1,C03,7,9,1,10,2,12,,25,25,1,21,8,C03,120.63341,24.356271,2
2022,2,17,13,27,臺中市,東勢區,0,0,0,8,,,50,,,,,,,,,,,,,,,42,,,,,C03,,,1,,2,,,42,42,1,22,,C03,120.825108,24.263368,3
2022,2,17,13,37,臺中市,西屯區,0,0,0,8,,,50,,,,,,,,,,,,,,,42,,,,,A11,,,1,,2,,,42,42,1,22,,A11,120.65792,24.169731,3
2022,2,17,14,13,臺中市,烏日區,0,0,0,8,,,80,,,,,,,,,,,,,,,23,,,,,B03,,,1,,2,,,23,23,1,21,,B03,120.613403,24.103611,3
2022,2,17,14,17,臺中市,南區,0,1,0,8,1,5,50,4,1,1,5,4,5,7,2,1,10,5,5,2,17,6,3,10,3,4,B03,7,5,1,8,2,15,,6,6,1,5,8,B03,120.662293,24.127253,2
2022,2,17,14,22,臺中市,大肚區,0,0,0,8,,,30,,,,,,,,,,,,,,,23,,,,,A12,,,1,,2,,,23,23,1,22,,A12,120.572743,24.167936,3
2022,2,17,14,25,臺中市,后里區,0,1,0,8,1,5,50,3,2,1,5,4,5,7,4,4,9,5,5,1,17,23,2,9,1,1,C03,7,9,1,10,2,12,,23,23,1,21,8,C03,120.715655,24.297298,2
2022,2,17,14,27,臺中市,烏日區,0,1,0,8,1,5,40,14,8,1,5,4,5,7,4,4,1,4,1,1,17,23,2,9,1,1,C03,7,9,1,10,2,11,,23,23,1,21,8,C03,120.634497,24.09475,2
2022,2,17,14,32,臺中市,大里區,0,0,0,8,,,50,,,,,,,,,,,,,,,23,,,,,B03,,,1,,2,,,23,23,1,22,,B03,120.685465,24.095349,3
2022,2,17,14,35,臺中市,北區,0,0,0,8,,,50,,,,,,,,,,,,,,,7,,,,,B03,,,1,,1,,,7,7,1,22,,B03,120.676976,24.155786,3
2022,2,17,14,43,臺中市,北屯區,0,2,0,8,1,5,50,4,1,1,5,4,5,7,4,4,10,5,5,2,15,6,2,9,1,1,C03,7,9,1,10,2,12,14,6,6,1,5,8,C03,120.680528,24.193825,2
2022,2,17,14,44,臺中市,霧峰區,0,0,0,8,,,60,,,,,,,,,,,,,,,17,,,,,B03,,,1,,2,,,17,17,1,22,,B03,120.695987,24.064329,3
2022,2,17,14,44,臺中市,神岡區,0,1,0,8,1,5,30,4,1,1,5,4,5,7,4,4,10,5,5,2,15,6,2,9,1,1,C03,7,9,3,18,2,11,,6,6,1,22,8,C03,120.685747,24.251435,2
2022,2,17,14,46,臺中市,豐原區,0,1,0,8,1,5,30,3,1,1,5,4,5,3,4,4,10,5,5,2,16,6,3,10,1,1,C03,7,5,1,10,9,11,,6,6,1,22,8,C03,120.727606,24.246108,2
2022,2,17,14,52,臺中市,西屯區,0,2,0,8,1,5,40,4,1,1,5,4,5,7,1,1,10,5,5,2,16,19,2,9,1,1,C03,7,1,1,10,2,14,,19,19,1,22,8,C03,120.649335,24.175111,2
2022,2,17,15,0,臺中市,沙鹿區,0,0,0,8,,,30,,,,,,,,,,,,,,,6,,,,,C03,,,1,,2,,,6,6,1,9,,C03,120.57373,24.229068,3
2022,2,17,15,8,臺中市,南屯區,0,0,0,8,,,50,,,,,,,,,,,,,,,6,,,,,B03,,,1,,2,,,6,6,1,22,,B03,120.65189,24.155547,3
2022,2,17,15,10,臺中市,南區,0,1,0,8,1,5,50,4,1,1,5,4,5,7,1,1,10,5,5,2,16,8,3,10,1,1,C03,7,5,1,10,2,14,,8,8,1,21,8,C03,120.653495,24.122737,2
2022,2,17,15,10,臺中市,大甲區,0,1,0,8,1,5,50,14,9,1,5,4,5,7,4,4,5,4,5,1,16,19,3,10,1,1,B03,7,1,1,8,2,1,,19,19,1,21,8,B03,120.615206,24.348014,2
2022,2,17,15,30,臺中市,西屯區,0,0,0,8,,,50,,,,,,,,,,,,,,,12,,,,,B03,,,1,,2,,,12,12,1,5,,B03,120.611298,24.190948,3
2022,2,17,15,43,臺中市,豐原區,0,0,0,8,,,50,,,,,,,,,,,,,,,17,,,,,B12,,,1,,2,,,17,17,1,9,,B12,120.718023,24.255055,3
2022,2,17,15,45,臺中市,大肚區,0,0,0,8,,,30,,,,,,,,,,,,,,,38,,,,,B03,,,1,,11,,,38,38,1,22,,B03,120.578939,24.167248,3
2022,2,17,15,54,臺中市,南區,0,1,0,8,1,5,50,14,9,1,5,4,5,7,4,4,5,5,5,2,17,40,3,10,1,1,B03,7,13,1,8,2,4,,40,40,1,8,8,B03,120.671416,24.12345,2
2022,2,17,16,1,臺中市,南區,0,0,0,,,,30,,,,,,,,,,,,,,,23,,,,,B12,,,1,,2,,,23,23,1,21,,B12,120.683904,24.131217,3
2022,2,17,16,4,臺中市,石岡區,0,0,0,8,,,50,,,,,,,,,,,,,,,16,,,,,B03,,,1,,2,,,16,16,1,22,,B03,120.765308,24.277438,3
2022,2,17,16,8,臺中市,太平區,0,0,0,8,,,50,,,,,,,,,,,,,,,23,,,,,B03,,,1,,2,,,23,23,1,21,,B03,120.715435,24.155462,3
2022,2,17,16,10,臺中市,東區,0,2,0,8,1,5,50,3,1,1,5,4,5,7,1,1,10,5,5,2,16,6,2,7,1,1,C03,7,5,1,10,2,11,,6,6,1,22,8,C03,120.695456,24.141881,2
2022,2,17,16,11,臺中市,北區,0,0,0,6,,,50,,,,,,,,,,,,,,,43,,,,,,,,,,,,,43,43,1,,,,120.688431,24.152176,3
2022,2,17,16,14,臺中市,豐原區,0,1,0,8,1,5,50,4,1,1,5,4,5,7,1,1,3,5,5,2,12,44,3,10,1,1,B03,7,6,1,8,2,7,,44,44,1,22,9,B03,120.710408,24.237501,2
2022,2,17,16,14,臺中市,豐原區,0,0,0,,,,50,,,,,,,,,,,,,,,23,,,,,B03,,,1,,2,,,23,23,1,22,,B03,120.744491,24.264597,3
2022,2,17,16,19,臺中市,大里區,0,0,0,8,,,50,,,,,,,,,,,,,,,17,,,,,B03,,,1,,2,,,17,17,1,22,,B03,120.678759,24.110099,3
2022,2,17,16,30,臺中市,沙鹿區,0,0,0,8,,,50,,,,,,,,,,,,,,,42,,,,,A05,,,1,,11,,,42,42,1,10,,A05,120.57044,24.22884,3
2022,2,17,16,30,臺中市,大甲區,0,2,0,8,1,5,50,4,1,1,5,4,5,7,1,1,5,5,5,2,16,6,2,9,1,1,C03,7,5,1,10,2,12,,6,6,1,20,8,C03,120.63727,24.356725,2
2022,2,17,16,30,臺中市,神岡區,0,0,0,8,,,60,,,,,,,,,,,,,,,25,,,,,C03,,,1,,2,,,25,25,1,21,,C03,120.694855,24.232613,3
2022,2,17,16,30,臺中市,豐原區,0,0,0,8,,,50,,,,,,,,,,,,,,,10,,,,,B03,,,1,,2,,,10,10,1,21,,B03,120.72224,24.276827,3
2022,2,17,16,36,臺中市,東區,0,0,0,8,,,40,,,,,,,,,,,,,,,12,,,,,B12,,,1,,2,,,12,12,1,10,,B12,120.690566,24.127955,3
2022,2,17,16,39,臺中市,北屯區,0,1,0,8,1,5,30,4,1,1,5,4,5,7,4,4,10,5,5,2,15,6,3,10,1,1,B03,7,9,1,8,2,8,,6,6,1,22,8,B03,120.68449,24.173454,2
2022,2,17,16,40,臺中市,大肚區,0,1,0,7,1,7,30,11,9,1,5,4,5,7,4,4,10,5,5,2,11,5,3,10,1,1,B03,7,5,1,8,2,8,,5,5,1,4,1,B03,120.530571,24.151595,2
2022,2,17,16,43,臺中市,東區,0,1,0,8,1,5,50,4,1,1,5,4,5,7,1,1,10,5,5,2,16,25,3,10,1,1,B12,7,6,1,8,2,2,,25,25,1,22,8,B12,120.701548,24.125272,2
2022,2,17,16,45,臺中市,潭子區,0,2,0,8,1,5,50,3,1,1,5,4,5,7,4,4,9,4,4,2,17,6,3,10,1,1,B12,7,6,1,8,2,5,,6,6,1,22,8,B12,120.689653,24.215998,2
2022,2,17,16,45,臺中市,南屯區,0,0,0,8,,,50,,,,,,,,,,,,,,,30,,,,,B12,,,1,,1,,,30,30,1,22,,B12,120.635556,24.145244,3
2022,2,17,16,46,臺中市,龍井區,0,0,0,8,,,50,,,,,,,,,,,,,,,23,,,,,B12,,,6,,2,,,23,23,1,22,,B12,120.584923,24.18419,3
2022,2,17,16,55,臺中市,神岡區,0,1,0,8,1,5,50,3,2,1,5,4,5,7,4,4,5,4,4,2,16,42,2,9,1,1,F01,7,7,8,20,2,16,,42,42,1,22,8,F01,120.658576,24.257121,2
2022,2,17,16,59,臺中市,龍井區,0,1,0,8,1,5,30,11,9,1,5,4,5,7,4,4,10,5,5,2,17,5,3,10,3,4,B12,7,5,1,8,2,8,,5,5,1,22,9,B12,120.589383,24.179098,2
2022,2,17,17,0,臺中市,外埔區,0,0,0,6,1,5,40,3,13,1,5,4,3,7,4,4,5,5,5,2,16,17,,,,,B12,,,7,,11,,,17,17,1,22,,B12,120.65424,24.331683,3
2022,2,17,17,8,臺中市,大里區,0,1,0,8,1,5,50,3,1,1,5,4,5,7,4,4,5,5,5,1,16,6,3,10,1,1,B03,7,5,1,8,2,1,,6,6,1,5,8,B03,120.700301,24.11021,2
2022,2,17,17,15,臺中市,大甲區,0,1,0,8,1,5,50,14,9,1,5,4,5,7,4,4,5,5,5,1,17,23,2,9,1,1,C03,7,9,1,10,2,11,,23,23,1,4,1,C03,120.629468,24.352951,2
2022,2,17,17,16,臺中市,東區,0,2,0,8,1,5,40,14,8,1,5,4,5,7,4,4,1,5,4,2,12,19,3,10,1,1,B03,7,1,1,10,2,4,,19,19,1,22,8,B03,120.694203,24.148672,2
2022,2,17,17,17,臺中市,西屯區,0,0,0,8,,,60,,,,,,,,,,,,,,,23,,,,,B03,,,1,,1,,,23,23,1,22,,B03,120.645307,24.164897,3
2022,2,17,17,21,臺中市,南屯區,0,0,0,8,,,40,,,,,,,,,,,,,,,7,,,,,B03,,,1,,1,,,7,7,1,22,,B03,120.63385,24.145233,3
2022,2,17,17,21,臺中市,梧棲區,0,0,0,8,,,30,,,,,,,,,,,,,,,17,,,,,B03,,,1,,2,,,17,17,1,21,,B03,120.538654,24.249079,3
2022,2,17,17,24,臺中市,太平區,0,0,0,8,,,30,,,,,,,,,,,,,,,17,,,,,B03,,,1,,1,,,17,17,1,5,,B03,120.701602,24.111316,3
2022,2,17,17,25,臺中市,南區,0,1,0,8,1,5,50,4,1,1,5,4,5,7,1,1,1,4,4,2,16,9,3,10,1,1,B03,7,6,1,8,2,2,,9,9,1,22,8,B03,120.675018,24.126226,2
2022,2,17,17,27,臺中市,豐原區,0,2,0,8,1,5,50,4,1,1,5,4,5,7,2,1,10,5,5,2,16,26,2,9,3,4,C03,7,6,2,18,2,12,,26,26,1,22,8,C03,120.72313,24.254441,2
2022,2,17,17,29,臺中市,北屯區,0,0,0,8,,,50,,,,,,,,,,,,,,,44,,,,,B03,,,1,,1,,,7,7,1,21,,B03,120.683686,24.176072,3
2022,2,17,17,31,臺中市,太平區,0,1,0,8,1,5,50,4,1,1,5,4,5,7,3,1,10,5,5,2,16,6,3,10,1,1,B03,7,5,1,2,2,6,,6,6,1,22,8,B03,120.729977,24.109922,2
2022,2,17,17,33,臺中市,北區,0,1,0,8,2,5,40,4,2,1,5,4,5,7,1,1,5,4,4,2,18,13,2,9,1,1,C03,7,9,1,10,2,12,,13,13,1,22,8,C03,120.694331,24.155551,2
2022,2,17,17,37,臺中市,烏日區,0,2,0,7,3,5,60,14,9,1,5,4,5,7,4,4,1,4,5,1,16,19,2,9,1,1,C03,7,1,1,10,2,12,,19,19,1,22,8,C03,120.637608,24.107508,2
2022,2,17,17,41,臺中市,豐原區,0,0,0,8,,,50,,,,,,,,,,,,,,,23,,,,,B03,,,1,,2,,,23,23,1,21,,B03,120.747336,24.266523,3
2022,2,17,17,43,臺中市,北屯區,0,1,0,8,1,5,50,3,1,1,5,4,5,7,1,1,10,5,5,2,18,43,2,9,3,4,C03,7,9,1,10,2,15,,43,43,1,21,8,C03,120.697108,24.169161,2
2022,2,17,17,44,臺中市,龍井區,0,1,0,8,1,5,70,4,1,1,5,4,5,7,1,1,10,5,5,2,16,6,3,10,1,1,B03,7,6,1,8,2,2,,6,6,1,12,8,B03,120.54019,24.210471,2
2022,2,17,17,45,臺中市,西屯區,0,0,0,8,,,40,,,,,,,,,,,,,,,19,,,,,C03,,,1,,1,,,19,19,1,5,,C03,120.636028,24.168885,3