年,月,日,時,分,縣市,區,死,受傷,2-30,天候,光線,道路類別,速限,道路型態,事故位置,路面鋪裝,路面狀態,路面缺陷,障礙物,視距,號誌種類,號誌動作,分向設施,快車道或一般車道間,快慢車道間,路面邊線,事故類型及型態,主要肇因,受傷程度,主要傷處,保護裝備,行動電話,當事者區分,車輛用途,當事者行動狀態,駕駛資格情形,駕駛執照種類,飲酒情形,車輛撞擊部位最初,車輛撞擊部位其他,肇事因素個別,肇事因素主要,肇事逃逸,職業,旅次目的,車種,GPS緯度,GPS經度,事故類別
2022,2,17,17,46,臺中市,東區,0,2,0,8,2,5,50,14,9,1,5,4,5,7,4,4,9,5,5,2,17,11,2,9,1,1,C03,7,11,1,10,2,14,,11,11,1,19,8,C03,120.700272,24.133319,2
2022,2,17,17,47,臺中市,豐原區,0,1,0,7,3,5,60,14,8,1,5,4,5,7,4,4,3,3,3,1,17,19,3,10,3,4,B03,7,1,1,8,2,4,,19,19,1,22,8,B03,120.705216,24.237061,2
2022,2,17,17,50,臺中市,大里區,0,0,0,8,,,50,,,,,,,,,,,,,,,23,,,,,C03,,,1,,2,,,23,23,1,22,,C03,120.688288,24.115373,3
2022,2,17,17,55,臺中市,西屯區,0,0,0,8,,,40,,,,,,,,,,,,,,,7,,,,,B03,,,1,,1,,,7,7,1,22,,B03,120.647355,24.196353,3
2022,2,17,18,0,臺中市,南區,0,2,0,8,3,5,50,4,1,1,5,4,5,7,4,4,5,4,5,2,17,7,2,7,1,1,C03,7,7,3,18,9,14,,7,7,2,22,8,C03,120.659882,24.116886,2
2022,2,17,18,5,臺中市,東區,0,1,0,8,3,5,50,4,1,1,5,4,5,7,2,1,10,5,5,2,13,23,2,9,1,1,C03,7,9,1,10,2,11,,23,23,1,21,8,C03,120.685066,24.12957,2
2022,2,17,18,15,臺中市,外埔區,0,1,0,8,3,5,60,14,9,1,5,4,5,7,4,4,1,4,5,1,12,23,2,9,1,1,C03,7,9,6,18,7,11,,23,23,1,3,5,C03,120.645111,24.331091,2
2022,2,17,18,20,臺中市,清水區,0,0,0,8,,,60,,,,,,,,,,,,,,,23,,,,,B03,,,1,,2,,,23,23,1,22,,B03,120.550321,24.286437,3
2022,2,17,18,29,臺中市,南區,0,2,0,6,3,5,50,4,1,1,4,4,1,7,3,1,10,5,5,2,28,23,2,9,1,1,C03,7,9,1,10,2,11,,23,23,1,22,8,C03,120.677916,24.132288,2
2022,2,17,18,29,臺中市,清水區,0,1,0,6,4,5,50,14,9,1,4,4,5,7,4,4,5,5,5,1,13,23,2,7,1,1,C03,7,9,1,10,2,11,,23,23,1,5,1,C03,120.574969,24.283393,2
2022,2,17,18,30,臺中市,梧棲區,0,3,0,8,3,5,30,3,2,1,5,4,5,7,4,4,10,5,5,2,1,23,2,9,4,1,H01,8,16,8,20,10,16,,60,60,1,21,8,H01,120.539456,24.246562,2
2022,2,17,18,35,臺中市,豐原區,0,0,0,8,3,5,50,14,13,1,5,4,5,7,4,4,5,4,5,1,14,12,3,10,1,1,B12,7,2,1,8,9,3,,12,12,1,21,1,B12,120.726803,24.256841,3
2022,2,17,18,45,臺中市,西屯區,0,0,0,8,,,50,,,,,,,,,,,,,,,23,,,,,B03,,,1,,1,,,23,23,1,22,,B03,120.642227,24.172649,3
2022,2,17,18,48,臺中市,大雅區,0,1,0,8,3,5,30,14,9,1,5,4,5,7,4,4,10,5,5,2,11,5,3,10,1,1,B03,7,5,1,8,2,8,,5,5,1,22,9,B03,120.6701,24.23426,2
2022,2,17,18,51,臺中市,北區,0,1,0,7,3,5,50,4,1,1,5,4,5,7,1,1,5,2,5,2,16,6,3,10,1,1,B02,7,5,1,6,2,2,,6,6,1,5,8,B02,120.676028,24.145511,2
2022,2,17,18,51,臺中市,南屯區,0,0,0,8,,,50,,,,,,,,,,,,,,,6,,,,,B03,,,1,,2,,,6,6,1,22,,B03,120.653095,24.132901,3
2022,2,17,18,55,臺中市,北屯區,0,0,0,8,,,80,,,,,,,,,,,,,,,16,,,,,B03,,,1,,1,,,16,16,1,21,,B03,120.722404,24.18919,3
2022,2,17,19,0,臺中市,北區,0,2,0,8,3,5,50,4,1,1,5,4,5,7,2,1,10,5,5,2,13,23,2,9,1,1,C03,7,9,1,10,2,11,,23,23,1,22,8,C03,120.684959,24.159118,2
2022,2,17,19,0,臺中市,龍井區,0,1,0,8,3,5,30,14,9,1,5,4,5,7,4,4,10,5,5,1,2,23,3,10,1,1,B12,7,9,1,5,2,2,,23,23,1,12,8,B12,120.53034,24.178503,2
2022,2,17,19,2,臺中市,龍井區,0,0,0,8,,,50,,,,,,,,,,,,,,,26,,,,,C03,,,1,,2,,,26,26,1,22,,C03,120.593106,24.18253,3
2022,2,17,19,9,臺中市,豐原區,0,1,0,8,3,5,60,4,1,1,5,4,5,7,2,1,10,5,5,2,17,25,2,9,1,1,C03,7,5,1,10,2,12,,25,25,1,22,8,C03,120.719751,24.237881,2
2022,2,17,19,12,臺中市,烏日區,0,2,0,8,3,5,50,14,8,1,5,4,5,7,4,4,5,4,4,1,12,23,2,9,1,1,C03,7,9,1,10,2,12,,43,23,1,21,8,C03,120.64,24.108322,2
2022,2,17,19,19,臺中市,大雅區,0,1,0,8,3,5,50,3,1,1,5,4,5,7,1,1,1,3,4,1,3,9,3,10,1,1,B03,7,6,1,8,2,1,,9,9,1,22,9,B03,120.656432,24.220792,2
2022,2,17,19,28,臺中市,大雅區,0,2,0,8,3,5,50,3,2,1,5,4,5,7,1,1,3,4,4,1,17,23,2,9,1,1,C03,7,9,1,10,2,12,,23,23,1,22,8,C03,120.64973,24.21336,2
2022,2,17,19,38,臺中市,北區,0,2,0,8,3,5,50,4,1,1,5,4,5,7,1,1,5,2,5,2,15,25,2,9,1,1,C03,7,9,1,10,2,11,12,25,25,1,5,8,C03,120.670549,24.164924,2
2022,2,17,19,39,臺中市,南屯區,0,1,0,8,3,5,50,14,9,1,5,4,5,7,4,4,5,5,5,2,26,42,2,9,3,4,B03,7,9,1,8,2,1,9,42,42,1,4,1,B03,120.593076,24.164099,2
2022,2,17,19,40,臺中市,南屯區,0,0,0,6,,,50,,,,,,,,,,,,,,,7,,,,,B03,,,1,,1,,,7,7,1,22,,B03,120.63844,24.14226,3
2022,2,17,19,47,臺中市,大甲區,0,0,0,8,,,50,,,,,,,,,,,,,,,23,,,,,B03,,,1,,2,,,44,44,1,4,,B03,120.632526,24.346536,3
2022,2,17,19,48,臺中市,太平區,0,1,0,7,3,5,50,14,9,1,5,4,5,7,4,4,9,4,5,2,12,20,3,10,1,1,B03,7,9,6,18,2,2,,20,20,1,22,8,B03,120.720464,24.130912,2
2022,2,17,19,58,臺中市,大雅區,0,0,0,8,,,50,,,,,,,,,,,,,,,23,,,,,B03,,,1,,2,,,23,23,1,22,,B03,120.647057,24.22918,3
2022,2,17,20,0,臺中市,南屯區,0,1,0,8,1,5,40,4,1,1,5,4,5,7,1,1,5,4,5,2,17,42,2,9,1,1,F01,7,5,8,20,2,15,,42,42,1,22,8,F01,120.636805,24.153564,2
2022,2,17,20,2,臺中市,北區,0,1,0,8,3,5,50,14,7,1,5,4,5,7,4,4,1,4,4,2,13,23,2,8,1,1,C03,7,9,1,10,2,12,,23,23,1,22,8,C03,120.677185,24.153407,2
2022,2,17,20,5,臺中市,大里區,0,2,0,8,3,5,40,14,9,1,5,4,5,7,4,4,10,5,5,2,17,23,2,9,1,1,C03,7,5,3,18,2,14,,23,23,1,22,8,C03,120.698238,24.10572,2
2022,2,17,20,21,臺中市,西區,0,0,0,8,,,50,,,,,,,,,,,,,,,16,,,,,B02,,,1,,2,,,16,16,1,5,,B02,120.66086,24.158557,4
2022,2,17,20,40,臺中市,龍井區,0,1,0,8,3,5,60,14,11,1,5,4,5,7,4,4,5,4,4,1,18,23,2,9,1,1,C03,7,9,1,10,2,11,,23,23,1,12,8,C03,120.508303,24.190143,2
2022,2,17,20,41,臺中市,大里區,0,1,0,8,3,5,50,14,9,1,5,4,5,7,1,1,5,2,5,1,16,6,3,10,1,1,B03,7,6,1,8,2,6,,6,6,1,22,8,B03,120.690215,24.112908,2
2022,2,17,20,48,臺中市,大甲區,0,1,0,6,3,5,50,14,9,1,4,4,5,7,4,4,5,5,5,2,18,23,2,9,1,1,C03,7,9,1,10,2,11,,23,23,1,4,1,C03,120.622424,24.342409,2
2022,2,17,20,50,臺中市,潭子區,0,1,0,8,3,5,50,3,9,1,5,4,5,7,1,1,8,5,5,1,17,25,3,10,1,1,B03,7,9,1,8,2,4,,25,25,1,22,8,B03,120.722624,24.213208,2
2022,2,17,20,56,臺中市,神岡區,0,0,0,6,,,50,,,,,,,,,,,,,,,42,,,,,C03,,,1,,2,,,42,42,1,22,,C03,120.704742,24.27505,3
2022,2,17,20,59,臺中市,外埔區,0,1,0,6,3,5,50,11,9,1,4,4,5,7,4,4,5,5,5,2,18,42,2,9,1,1,C03,7,9,1,10,2,14,,42,42,1,21,8,C03,120.690636,24.331061,2
2022,2,17,21,2,臺中市,豐原區,0,1,0,8,3,5,50,4,2,1,5,4,5,7,3,1,10,5,5,2,16,7,3,10,1,1,C03,7,8,1,10,2,12,,7,7,1,21,8,C03,120.70908,24.251152,2
2022,2,17,21,25,臺中市,中區,0,0,0,6,3,5,50,14,9,1,4,4,5,7,4,4,9,5,5,2,12,23,,,,,B03,,,1,,2,,,23,23,1,21,,B03,120.678717,24.139645,3
2022,2,17,21,25,臺中市,東區,0,2,0,6,3,5,50,14,9,1,4,4,5,7,4,4,5,5,5,2,12,23,2,9,1,1,C03,7,9,1,10,2,12,,23,23,1,22,8,C03,120.698016,24.133178,2
2022,2,17,21,37,臺中市,北區,0,0,0,6,,,50,,,,,,,,,,,,,,,7,,,,,B12,,,1,,1,,,7,7,1,22,,B12,120.686329,24.146855,3
2022,2,17,21,43,臺中市,南屯區,0,0,0,,,,50,,,,,,,,,,,,,,,6,,,,,B03,,,1,,1,,,6,6,1,22,,B03,120.653834,24.137843,3
2022,2,17,21,45,臺中市,豐原區,0,1,0,6,3,5,50,4,1,1,4,4,5,7,3,1,10,5,5,2,18,42,2,9,3,4,C03,7,9,1,10,2,12,,42,42,1,22,8,C03,120.709166,24.242444,2
2022,2,17,21,52,臺中市,東區,0,2,0,6,3,5,50,4,1,1,4,4,5,7,1,1,10,5,5,2,16,8,2,8,1,1,C03,7,5,1,10,2,11,,8,8,1,3,8,C03,120.694436,24.149688,2
2022,2,17,22,0,臺中市,南區,0,0,0,8,,,50,,,,,,,,,,,,,,,19,,,,,B12,,,1,,9,,,19,19,2,22,,B12,120.683035,24.130034,3
2022,2,17,22,1,臺中市,豐原區,0,1,0,8,3,5,50,3,1,1,5,4,5,7,4,4,10,5,5,2,18,23,2,9,1,1,C03,7,9,1,10,2,11,,23,23,1,22,9,C03,120.725773,24.254703,2
2022,2,17,22,3,臺中市,潭子區,0,1,0,7,3,5,50,4,1,1,4,4,5,7,1,1,10,4,4,2,15,25,2,9,1,1,C03,7,9,1,10,2,11,,25,25,1,22,8,C03,120.710858,24.213128,2
2022,2,17,22,16,臺中市,霧峰區,0,1,0,6,3,5,50,14,8,1,4,4,5,7,4,4,10,4,4,2,16,23,2,9,1,1,C03,7,9,1,10,2,11,,23,23,1,22,8,C03,120.705486,24.076256,2
2022,2,17,22,55,臺中市,西屯區,0,1,0,6,3,5,40,14,8,1,4,4,5,7,4,4,3,5,3,2,18,42,2,8,1,1,C03,7,9,1,10,2,14,,42,42,1,22,8,C03,120.615396,24.182845,2
2022,2,17,23,8,臺中市,霧峰區,0,1,0,6,3,5,50,4,1,1,4,4,5,7,3,1,10,5,5,2,15,6,2,8,1,1,B03,7,9,1,8,2,4,,6,6,1,4,5,B03,120.707696,24.076543,2
2022,2,18,0,7,臺中市,大里區,0,1,0,6,3,5,50,4,1,1,4,4,5,7,1,1,10,5,5,2,17,42,2,9,1,1,C03,7,9,1,10,2,15,,42,42,1,21,9,C03,120.708812,24.086731,2
2022,2,18,0,44,臺中市,東區,0,1,0,6,3,5,50,3,1,1,4,4,5,7,2,1,10,5,5,2,18,23,2,9,1,1,C03,7,9,1,10,2,12,,23,23,1,21,8,C03,120.710978,24.1427,2
2022,2,18,1,0,臺中市,豐原區,0,0,0,6,,,50,,,,,,,,,,,,,,,23,,,,,B03,,,1,,2,,,23,23,1,21,,B03,120.744607,24.264698,3
2022,2,18,4,30,臺中市,北區,0,0,0,6,,,50,,,,,,,,,,,,,,,6,,,,,C03,,,1,,2,,,6,6,1,22,,C03,120.688986,24.158995,3
2022,2,18,4,33,臺中市,南屯區,0,2,0,6,3,5,50,14,9,1,4,4,5,7,4,4,5,4,5,2,9,23,2,9,1,1,C04,7,9,1,8,2,11,,23,23,1,22,8,C04,120.653256,24.138319,2
2022,2,18,5,5,臺中市,中區,0,0,0,6,3,5,50,3,1,1,4,4,5,7,4,4,5,5,5,2,29,23,,,,,A12,,,1,,2,,,23,23,1,10,,A12,120.680632,24.143514,3
2022,2,18,5,43,臺中市,東區,0,0,0,8,3,5,50,4,1,1,5,4,5,7,1,1,10,5,5,2,29,42,3,10,1,1,B12,7,9,1,8,11,11,,42,42,1,22,8,B12,120.695224,24.136849,3
2022,2,18,5,47,臺中市,北區,0,2,0,7,3,5,50,14,7,1,4,4,5,7,4,4,1,4,4,2,13,16,2,1,1,1,B03,7,9,1,8,2,1,,16,16,1,22,9,B03,120.672836,24.168135,2
2022,2,18,6,17,臺中市,豐原區,0,0,0,6,,,60,,,,,,,,,,,,,,,23,,,,,B03,,,1,,2,,,23,23,1,21,,B03,120.730172,24.243936,3
2022,2,18,6,37,臺中市,龍井區,0,2,0,6,1,5,50,3,9,1,4,4,5,7,4,4,10,5,5,2,2,23,2,9,3,5,H01,8,20,8,20,2,16,,60,23,1,20,8,H01,120.521796,24.211476,2
2022,2,18,6,37,臺中市,龍井區,0,1,0,6,1,5,50,3,1,1,4,4,5,7,4,4,10,5,5,2,11,23,2,6,1,1,C03,7,1,1,10,2,14,,23,23,1,22,8,C03,120.581602,24.185512,2
2022,2,18,6,39,臺中市,龍井區,0,1,0,6,1,5,50,3,2,1,4,4,5,7,3,1,5,5,5,2,13,16,2,1,1,1,C03,7,9,1,10,2,11,,16,16,1,22,8,C03,120.595594,24.187236,2
2022,2,18,6,45,臺中市,豐原區,0,1,0,6,1,5,40,3,1,1,4,4,5,7,1,1,5,5,5,2,16,27,3,10,3,4,B03,7,6,1,8,2,5,,27,27,1,9,8,B03,120.72435,24.226188,2
2022,2,18,7,5,臺中市,烏日區,0,0,0,8,,,50,,,,,,,,,,,,,,,26,,,,,C03,,,1,,2,,,26,26,1,21,,C03,120.64121,24.10595,3
2022,2,18,7,5,臺中市,豐原區,0,1,0,6,1,5,50,14,9,1,4,4,5,7,4,4,3,5,5,1,18,43,2,9,1,1,C03,7,9,1,10,2,14,,43,43,1,22,9,C03,120.711082,24.2386,2
2022,2,18,7,6,臺中市,梧棲區,0,0,0,6,,,50,,,,,,,,,,,,,,,18,,,,,C03,,,1,,2,,,18,18,1,22,,C03,120.532802,24.261754,3
2022,2,18,7,7,臺中市,清水區,0,0,0,6,,,50,,,,,,,,,,,,,,,18,,,,,B03,,,1,,2,,,18,18,1,20,,B03,120.556583,24.279923,3
2022,2,18,7,10,臺中市,梧棲區,0,1,0,6,1,5,60,4,1,1,4,4,5,7,1,1,10,5,5,2,16,25,2,9,1,1,B12,7,5,1,1,2,5,,25,25,1,22,8,B12,120.531394,24.239014,2
2022,2,18,7,11,臺中市,北屯區,0,0,0,6,,,50,,,,,,,,,,,,,,,19,,,,,B03,,,1,,2,,,19,19,1,9,,B03,120.731315,24.159621,3
2022,2,18,7,16,臺中市,豐原區,0,0,0,6,,,30,,,,,,,,,,,,,,,6,,,,,B03,,,1,,2,,,6,6,1,22,,B03,120.7311,24.242072,3
2022,2,18,7,19,臺中市,南區,0,0,0,6,,,50,,,,,,,,,,,,,,,9,,,,,B03,,,1,,2,,,9,9,1,5,,B03,120.669193,24.119068,3
2022,2,18,7,20,臺中市,東區,0,0,0,6,,,50,,,,,,,,,,,,,,,23,,,,,B03,,,1,8,2,,,23,23,1,5,,B03,120.702281,24.1389,3
2022,2,18,7,22,臺中市,東勢區,0,0,0,6,1,5,30,14,9,1,4,4,5,7,4,4,10,5,5,1,12,19,3,10,3,4,B12,7,1,1,8,2,5,,19,19,1,22,8,B12,120.81103,24.281685,3
2022,2,18,7,27,臺中市,東區,0,1,0,7,1,5,50,3,1,1,5,4,5,7,4,4,10,5,5,2,18,23,2,8,1,1,C03,7,9,1,10,2,12,,23,23,1,5,8,C03,120.698062,24.140178,2
2022,2,18,7,28,臺中市,南屯區,0,1,0,6,1,5,50,4,2,1,4,4,5,7,2,1,1,4,5,2,18,42,2,9,3,4,C03,7,9,1,10,2,14,,42,42,1,22,9,C03,120.634385,24.144336,2
2022,2,18,7,28,臺中市,西屯區,0,2,0,6,1,5,50,3,2,1,4,4,5,7,4,4,9,4,5,2,12,6,2,9,1,1,F01,7,5,8,20,2,16,,6,6,1,12,8,F01,120.642603,24.183477,2
2022,2,18,7,30,臺中市,東區,0,0,0,8,,,50,,,,,,,,,,,,,,,10,,,,,C03,,,1,,2,,,10,10,1,5,,C03,120.70554,24.139681,3
2022,2,18,7,30,臺中市,北屯區,0,1,0,6,1,5,50,4,1,1,4,4,5,7,1,1,10,5,5,2,18,23,2,9,1,1,C03,7,9,1,10,2,14,,23,23,1,9,1,C03,120.693889,24.166658,2
2022,2,18,7,34,臺中市,豐原區,0,2,0,6,1,5,30,14,9,1,4,4,5,7,4,4,10,5,5,1,16,6,2,6,1,1,C03,7,5,1,10,2,13,,6,6,1,9,8,C03,120.707603,24.239575,2
2022,2,18,7,35,臺中市,清水區,0,0,0,6,,,50,,,,,,,,,,,,,,,23,,,,,B03,,,1,,2,,,23,23,1,22,,B03,120.565289,24.267875,3
2022,2,18,7,36,臺中市,南區,0,0,0,6,,,50,,,,,,,,,,,,,,,42,,,,,B03,,,1,,2,,,42,42,1,22,,B03,120.669871,24.121661,3
2022,2,18,7,40,臺中市,后里區,0,1,0,6,1,5,50,14,7,1,4,4,3,7,4,4,1,4,4,1,18,43,2,9,1,1,C03,7,12,1,10,2,14,,43,43,1,22,1,C03,120.723928,24.314975,2
2022,2,18,7,41,臺中市,沙鹿區,0,1,0,6,1,5,50,14,9,1,4,4,5,7,2,1,1,2,5,2,17,42,2,9,1,1,C03,7,12,1,10,2,14,,42,42,1,5,4,C03,120.568025,24.253809,2
2022,2,18,7,42,臺中市,大甲區,0,1,0,6,1,5,60,14,9,1,4,4,5,7,4,4,1,4,4,1,17,23,2,9,1,1,C03,7,9,1,9,2,14,,23,23,1,22,9,C03,120.617161,24.344513,2
2022,2,18,7,44,臺中市,西屯區,0,2,0,6,1,5,40,14,8,1,4,4,5,7,4,4,5,2,4,2,17,23,2,8,1,1,C03,7,9,3,18,2,11,,23,23,1,22,8,C03,120.617569,24.159904,2
2022,2,18,7,50,臺中市,神岡區,0,1,0,6,1,5,50,3,1,1,4,4,5,7,4,4,5,4,5,1,17,6,3,10,1,1,B03,7,6,1,8,2,15,,6,6,1,12,8,B03,120.654929,24.272009,2
2022,2,18,7,53,臺中市,西屯區,0,0,0,6,,,50,,,,,,,,,,,,,,,23,,,,,B03,,,1,,1,,,23,23,1,22,,B03,120.646837,24.169492,3
2022,2,18,7,54,臺中市,大里區,0,1,0,6,1,5,50,3,1,1,4,4,5,7,1,1,10,5,5,1,18,23,2,9,1,1,C03,7,12,1,10,2,12,,23,23,1,22,9,C03,120.686801,24.087316,2
2022,2,18,8,1,臺中市,西屯區,0,0,0,6,,,50,,,,,,,,,,,,,,,43,,,,,B12,,,1,,2,,,43,43,1,22,,B12,120.616488,24.180936,3
2022,2,18,8,16,臺中市,梧棲區,0,1,0,6,1,5,40,11,8,1,4,4,5,7,4,4,1,4,4,1,17,42,2,9,1,1,C03,7,9,1,10,2,11,,42,42,1,22,8,C03,120.553301,24.247299,2
2022,2,18,8,20,臺中市,梧棲區,0,0,0,6,,,40,,,,,,,,,,,,,,,9,,,,,B03,,,1,,2,,,9,9,1,22,,B03,120.548856,24.245191,3
2022,2,18,8,30,臺中市,沙鹿區,0,1,0,8,1,5,50,14,7,1,5,4,5,7,4,4,5,5,4,2,13,23,3,10,1,1,B03,7,9,1,8,2,8,,23,23,1,3,5,B03,120.564279,24.236543,2
2022,2,18,8,42,臺中市,中區,0,1,0,7,1,5,50,14,9,1,4,4,5,7,4,4,5,4,5,2,13,16,3,10,1,1,C03,7,9,1,10,2,11,,16,16,1,22,8,C03,120.679065,24.141972,2
2022,2,18,8,44,臺中市,潭子區,0,1,0,8,1,5,50,4,1,1,5,4,5,7,3,1,5,4,4,2,16,6,2,9,1,1,F03,7,9,8,20,2,16,,6,6,1,22,8,F03,120.706172,24.215483,2
2022,2,18,8,53,臺中市,大里區,0,0,0,8,,,60,,,,,,,,,,,,,,,7,,,,,B03,,,1,,2,,,7,7,1,22,,B03,120.667328,24.105239,3
2022,2,18,8,55,臺中市,大里區,0,1,0,8,1,5,50,14,9,1,5,4,5,7,1,1,5,5,4,1,17,19,2,9,1,1,F03,7,1,8,20,2,16,,19,19,1,22,8,F03,120.678943,24.114853,2
2022,2,18,8,56,臺中市,沙鹿區,0,1,0,7,1,5,50,14,7,1,4,4,5,7,4,4,10,5,5,2,17,10,3,10,1,1,B03,7,11,1,8,2,6,,10,10,1,21,9,B03,120.567445,24.227985,2
2022,2,18,9,0,臺中市,清水區,0,0,0,6,,,40,,,,,,,,,,,,,,,12,,,,,A12,,,1,,2,,,12,12,1,5,,A12,120.587224,24.291113,3
2022,2,18,9,1,臺中市,南屯區,0,0,0,8,,,40,,,,,,,,,,,,,,,42,,,,,B03,,,1,,1,,,42,42,1,5,,B03,120.62293,24.14608,3
2022,2,18,9,5,臺中市,霧峰區,0,0,0,8,,,40,,,,,,,,,,,,,,,23,,,,,B12,,,1,,2,,,23,23,1,22,,B12,120.663324,24.062902,3
2022,2,18,9,5,臺中市,清水區,0,1,0,6,1,5,30,3,1,1,4,4,5,7,4,4,5,5,5,1,16,6,3,10,1,1,B12,7,5,1,8,2,2,,6,6,1,22,8,B12,120.569986,24.28061,2
2022,2,18,9,9,臺中市,西區,0,0,0,8,,,30,,,,,,,,,,,,,,,38,,,,,C03,,,1,,10,,,38,38,1,5,,C03,120.670614,24.13824,3
2022,2,18,9,34,臺中市,南屯區,0,0,0,8,,,50,,,,,,,,,,,,,,,19,,,,,B03,,,1,,1,,,19,19,1,22,,B03,120.649407,24.148824,3
2022,2,18,9,34,臺中市,霧峰區,0,1,0,8,1,5,40,3,1,1,5,4,5,7,1,1,10,5,5,2,16,6,2,8,3,4,C03,7,5,1,10,2,14,,6,6,1,18,8,C03,120.713599,24.07537,2
2022,2,18,9,43,臺中市,北區,0,1,0,8,1,5,40,4,1,1,5,4,5,7,1,1,10,5,5,2,16,6,3,10,1,1,B12,7,6,1,8,2,2,,6,6,1,22,8,B12,120.669201,24.162841,2
2022,2,18,9,44,臺中市,梧棲區,0,0,0,6,,,50,,,,,,,,,,,,,,,6,,,,,B01,,,1,,2,,,6,6,1,22,,B01,120.534105,24.266323,3
2022,2,18,9,45,臺中市,西屯區,0,0,0,8,,,0,,,,,,,,,,,,,,,12,,,,,B03,,,1,,1,,,12,12,1,21,,B03,120.613111,24.171568,3
2022,2,18,9,50,臺中市,大肚區,0,1,0,8,1,5,50,14,9,1,5,4,5,7,4,4,5,5,5,1,18,42,2,9,1,1,C03,7,1,4,8,2,14,,42,42,1,22,8,C03,120.593781,24.189913,2
2022,2,18,9,54,臺中市,潭子區,0,2,0,7,1,5,30,3,9,1,5,4,5,7,1,1,10,5,5,2,17,6,2,9,1,1,C03,7,5,1,10,2,11,,6,6,1,22,8,C03,120.72213,24.199365,2
2022,2,18,9,54,臺中市,南區,0,0,0,8,,,50,,,,,,,,,,,,,,,23,,,,,B03,,,1,,2,,,23,23,1,4,,B03,120.669858,24.123052,3
2022,2,18,9,54,臺中市,霧峰區,0,2,0,8,1,5,60,4,1,1,5,4,5,7,1,1,10,5,5,1,16,6,3,10,1,1,B03,7,11,1,8,2,6,,6,6,1,22,9,B03,120.692011,24.046599,2
2022,2,18,9,55,臺中市,西屯區,0,0,0,8,,,40,,,,,,,,,,,,,,,23,,,,,B12,,,1,,11,,,23,23,1,20,,B12,120.617327,24.175417,3
2022,2,18,9,55,臺中市,霧峰區,0,1,0,7,1,5,60,5,1,1,4,4,5,7,1,1,1,4,4,1,18,23,2,9,1,1,C03,7,9,1,10,2,15,,23,23,1,22,8,C03,120.696806,24.02605,2
2022,2,18,10,7,臺中市,北區,0,2,0,7,1,5,50,3,1,1,5,4,5,7,4,4,10,5,5,2,16,43,2,9,1,1,C03,7,9,1,10,2,14,,43,43,1,22,8,C03,120.666662,24.155578,2
2022,2,18,10,10,臺中市,梧棲區,1,0,0,7,1,5,50,14,7,1,5,4,5,7,4,4,10,4,4,2,16,13,3,10,1,4,B12,7,9,1,8,2,1,,13,13,1,22,8,B12,120.531333,24.25575,1
2022,2,18,10,25,臺中市,西屯區,0,0,0,8,,,50,,,,,,,,,,,,,,,23,,,,,A41,,,1,,2,,,23,23,1,22,,A41,120.589664,24.17678,3
2022,2,18,10,26,臺中市,西屯區,0,0,0,8,,,50,,,,,,,,,,,,,,,7,,,,,B11,,,1,,1,,,7,7,1,5,,B11,120.618952,24.167342,3
2022,2,18,10,38,臺中市,西區,0,1,0,8,1,5,50,14,7,1,5,4,5,7,4,4,1,4,4,2,12,23,3,10,1,1,B12,7,9,1,8,2,5,,23,23,1,22,9,B12,120.65759,24.147449,2
2022,2,18,10,46,臺中市,神岡區,0,1,0,8,1,5,50,3,1,1,5,4,5,7,1,1,1,4,4,2,12,7,3,10,1,1,A12,7,8,1,6,2,2,,7,7,1,22,8,A12,120.698612,24.248864,2
2022,2,18,10,55,臺中市,梧棲區,0,2,0,8,1,5,30,14,9,1,5,4,5,7,4,4,10,5,5,2,16,43,2,9,1,1,C03,7,9,1,10,2,11,,43,43,1,19,8,C03,120.538792,24.248213,2
2022,2,18,10,59,臺中市,東區,0,1,0,8,1,5,50,4,1,1,5,4,5,7,1,1,10,5,5,2,16,6,3,10,1,1,B12,7,6,1,8,2,5,,6,6,1,22,8,B12,120.700061,24.138882,2
2022,2,18,11,3,臺中市,東區,0,0,0,8,,,50,,,,,,,,,,,,,,,23,,,,,C03,,,1,10,2,,,23,23,1,5,,C03,120.694235,24.142201,3
2022,2,18,11,5,臺中市,東區,0,1,0,8,1,5,50,3,1,1,5,4,5,7,4,4,10,5,5,2,17,6,2,9,1,1,C03,7,5,1,10,2,12,,6,6,1,21,1,C03,120.697208,24.137382,2
2022,2,18,11,7,臺中市,北區,0,0,0,6,,,50,,,,,,,,,,,,,,,6,,,,,B01,,,1,,9,,,6,6,1,22,,B01,120.686252,24.15482,3
2022,2,18,11,12,臺中市,南屯區,0,0,0,8,,,50,,,,,,,,,,,,,,,10,,,,,B03,,,1,,1,,,10,10,1,22,,B03,120.642666,24.151057,3
2022,2,18,11,12,臺中市,后里區,0,1,0,8,1,5,30,11,9,1,5,4,5,1,4,4,10,5,5,1,11,5,2,9,1,1,C03,7,9,1,10,2,14,,5,5,1,21,8,C03,120.736992,24.313349,2
2022,2,18,11,17,臺中市,西屯區,0,0,0,8,,,40,,,,,,,,,,,,,,,38,,,,,B03,,,1,,2,,,38,38,1,4,,B03,120.654046,24.158923,3
2022,2,18,11,19,臺中市,豐原區,0,1,0,8,1,5,50,14,9,1,5,4,5,7,4,4,1,4,5,1,17,23,2,9,1,1,C03,7,9,1,10,2,11,,23,23,1,22,8,C03,120.720935,24.243445,2