年,月,日,時,分,縣市,區,死,受傷,2-30,天候,光線,道路類別,速限,道路型態,事故位置,路面鋪裝,路面狀態,路面缺陷,障礙物,視距,號誌種類,號誌動作,分向設施,快車道或一般車道間,快慢車道間,路面邊線,事故類型及型態,主要肇因,受傷程度,主要傷處,保護裝備,行動電話,當事者區分,車輛用途,當事者行動狀態,駕駛資格情形,駕駛執照種類,飲酒情形,車輛撞擊部位最初,車輛撞擊部位其他,肇事因素個別,肇事因素主要,肇事逃逸,職業,旅次目的,車種,GPS緯度,GPS經度,事故類別
2022,2,18,18,38,臺中市,南區,0,0,0,8,,,50,,,,,,,,,,,,,,,23,,,,,C03,,,1,,2,,,23,23,1,5,,C03,120.651688,24.11493,3
2022,2,18,18,40,臺中市,潭子區,0,1,0,8,3,5,50,14,7,1,5,4,5,7,4,4,10,3,5,1,17,23,3,10,1,1,B03,7,9,1,8,2,1,,23,23,1,22,8,B03,120.696555,24.201,2
2022,2,18,18,40,臺中市,南區,0,1,0,8,3,5,50,4,1,1,5,4,5,7,1,1,10,5,5,2,16,25,3,10,1,1,B03,7,9,1,8,2,2,,25,25,1,22,8,B03,120.662426,24.127451,2
2022,2,18,18,47,臺中市,東區,0,3,0,7,3,5,50,14,8,1,5,4,5,7,1,1,3,4,4,2,13,23,2,9,1,1,C03,7,9,1,10,2,11,,23,23,1,22,9,C03,120.694546,24.145305,2
2022,2,18,18,49,臺中市,大甲區,0,1,0,8,3,5,30,3,1,1,5,4,5,7,4,4,10,5,5,2,16,6,3,10,1,1,B03,7,5,1,8,2,8,,6,6,1,4,8,B03,120.627851,24.346885,2
2022,2,18,18,50,臺中市,霧峰區,0,0,0,8,,,50,,,,,,,,,,,,,,,2,,,,,C03,,,1,,2,,,2,2,1,18,,C03,120.698336,24.066506,3
2022,2,18,18,51,臺中市,南屯區,0,0,0,8,3,5,50,4,2,1,5,4,5,7,1,1,1,4,5,2,12,7,3,10,1,1,B03,7,7,1,8,2,4,,7,7,1,22,8,B03,120.646344,24.13572,3
2022,2,18,18,52,臺中市,南區,0,0,0,8,,,50,,,,,,,,,,,,,,,23,,,,,B03,,,1,,2,,,23,23,1,22,,B03,120.65091,24.120314,3
2022,2,18,19,4,臺中市,北區,0,3,0,8,3,5,50,4,1,1,5,4,5,7,1,1,10,5,5,2,16,25,2,8,1,1,C03,7,5,1,10,2,14,,25,25,1,22,8,C03,120.688352,24.162962,2
2022,2,18,19,26,臺中市,清水區,0,2,0,8,3,5,50,3,2,1,5,4,5,7,1,1,1,4,4,2,16,26,2,8,1,1,C03,7,5,1,10,2,11,,26,26,1,5,1,C03,120.577122,24.275601,2
2022,2,18,19,36,臺中市,南區,0,2,0,7,3,5,50,4,1,1,5,4,5,7,1,1,10,5,5,2,3,23,2,9,1,1,C03,7,9,1,10,2,11,,23,23,1,21,8,C03,120.683237,24.128689,2
2022,2,18,19,37,臺中市,豐原區,0,2,0,8,3,5,50,3,1,1,5,4,5,7,4,4,10,5,5,2,16,6,2,9,1,1,C03,7,5,1,10,2,11,,6,6,1,21,8,C03,120.724706,24.25159,2
2022,2,18,19,40,臺中市,南區,0,1,0,8,1,5,50,14,7,1,5,4,5,7,4,4,1,4,4,2,13,23,3,10,1,1,C03,7,9,1,10,2,11,,23,23,1,22,8,C03,120.679502,24.118,2
2022,2,18,19,50,臺中市,豐原區,0,0,0,8,,,50,,,,,,,,,,,,,,,7,,,,,B03,,,1,,2,,,7,7,1,22,,B03,120.709201,24.253063,3
2022,2,18,19,52,臺中市,霧峰區,0,0,0,8,,,50,,,,,,,,,,,,,,,12,,,,,B12,,,1,,2,,,12,12,1,22,,B12,120.698246,24.0675,3
2022,2,18,19,58,臺中市,西屯區,0,1,0,7,3,5,50,3,1,1,5,4,5,7,4,4,10,5,5,2,16,6,3,10,1,1,B03,7,6,1,8,2,2,,6,6,1,22,8,B03,120.637336,24.170283,2
2022,2,18,20,9,臺中市,西屯區,0,0,0,8,,,50,,,,,,,,,,,,,,,23,,,,,B03,,,1,,1,,,23,23,1,22,,B03,120.650331,24.166713,3
2022,2,18,20,12,臺中市,西區,0,1,0,8,3,5,50,14,9,1,5,4,5,7,4,4,5,4,5,2,13,16,3,10,1,1,C03,7,9,1,10,2,11,,16,16,1,4,5,C03,120.6685,24.146721,2
2022,2,18,20,20,臺中市,東區,0,2,0,8,3,5,50,4,1,1,5,4,5,7,1,1,10,5,5,2,16,6,2,8,1,1,C03,7,5,1,10,2,11,,6,6,1,22,8,C03,120.701132,24.142567,2
2022,2,18,20,20,臺中市,大里區,0,0,0,8,,,40,,,,,,,,,,,,,,,12,,,,,A11,,,1,,2,,,12,12,1,22,,A11,120.665888,24.094463,3
2022,2,18,20,31,臺中市,南屯區,0,0,0,8,1,5,50,14,9,1,5,4,5,7,4,1,1,4,5,2,11,7,3,10,1,1,B03,7,7,1,8,1,7,,7,7,1,22,8,B03,120.647024,24.139502,3
2022,2,18,20,40,臺中市,沙鹿區,0,1,0,8,3,5,50,4,1,1,5,4,5,7,1,1,10,5,5,2,16,27,3,10,1,1,B03,7,5,1,8,2,4,,27,27,1,21,8,B03,120.566737,24.202954,2
2022,2,18,20,44,臺中市,太平區,0,0,0,8,,,80,,,,,,,,,,,,,,,23,,,,,B03,,,1,,1,,,23,23,1,8,,B03,120.717516,24.158114,3
2022,2,18,20,45,臺中市,西區,0,2,0,8,3,5,50,4,1,1,5,4,5,7,1,1,10,5,5,2,16,42,2,9,1,1,C03,7,5,1,10,2,13,,42,42,1,21,8,C03,120.655138,24.153572,2
2022,2,18,20,50,臺中市,北區,0,0,0,8,,,50,,,,,,,,,,,,,,,43,,,,,B03,,,1,,11,,,43,43,1,22,,B03,120.670235,24.16699,3
2022,2,18,20,50,臺中市,大甲區,0,2,0,8,3,5,30,4,1,1,5,4,5,7,4,4,10,5,5,2,15,6,2,9,1,1,C03,7,9,1,10,2,11,,6,6,1,4,1,C03,120.629688,24.41893,2
2022,2,18,21,16,臺中市,沙鹿區,0,1,0,8,3,5,60,3,2,1,5,4,5,7,2,1,1,4,4,1,16,6,3,10,1,1,B12,7,6,1,8,2,6,,6,6,1,4,8,B12,120.608128,24.246446,2
2022,2,18,21,29,臺中市,神岡區,0,2,0,8,4,5,50,14,9,1,5,4,5,7,4,4,1,4,5,1,17,6,2,8,3,4,C03,7,1,1,10,2,13,,6,6,1,22,9,C03,120.685976,24.246623,2
2022,2,18,21,35,臺中市,西區,0,1,0,8,3,5,50,4,1,1,5,4,5,7,1,1,10,5,5,2,16,26,3,10,1,1,B03,7,6,1,8,2,5,,26,26,1,4,5,B03,120.667619,24.150863,2
2022,2,18,21,39,臺中市,豐原區,0,1,0,8,3,5,50,5,1,1,5,4,5,7,2,1,4,2,4,2,13,16,3,10,1,1,B03,7,9,4,10,2,1,,16,16,1,4,1,B03,120.715386,24.248419,2
2022,2,18,21,44,臺中市,大里區,0,1,0,8,1,5,50,14,7,1,5,4,5,7,1,1,5,4,5,1,16,10,3,10,1,1,B03,7,11,6,18,2,4,,10,10,1,22,8,B03,120.68996,24.111863,2
2022,2,18,21,47,臺中市,豐原區,0,2,0,8,3,5,50,3,9,1,5,4,5,7,4,4,5,5,5,2,3,52,2,9,4,5,H01,8,18,8,20,10,16,,52,52,1,13,8,H01,120.720663,24.250245,2
2022,2,18,21,50,臺中市,北區,0,1,0,8,3,5,30,15,22,4,5,4,5,7,1,1,10,5,5,2,18,13,2,9,1,1,C03,7,9,3,18,2,12,,13,13,1,22,8,C03,120.666426,24.157457,2
2022,2,18,21,52,臺中市,南區,0,0,0,6,,,50,,,,,,,,,,,,,,,10,,,,,B03,,,1,,2,,,10,10,1,6,,B03,120.68135,24.11908,3
2022,2,18,22,3,臺中市,豐原區,0,0,0,6,,,50,,,,,,,,,,,,,,,12,,,,,B03,,,1,,2,,,12,12,1,22,,B03,120.756366,24.275066,3
2022,2,18,22,15,臺中市,豐原區,0,2,0,6,3,5,50,5,1,1,4,4,5,7,2,1,1,3,5,1,1,52,2,9,4,1,H01,8,16,8,20,10,16,,52,52,1,1,1,H01,120.712599,24.245638,2
2022,2,18,22,17,臺中市,北區,0,0,0,6,,,50,,,,,,,,,,,,,,,23,,,,,B12,,,6,,6,,,23,23,1,22,,B12,120.68616,24.146227,3
2022,2,18,22,19,臺中市,南屯區,0,0,0,6,,,40,,,,,,,,,,,,,,,17,,,,,A41,,,1,,2,,,17,17,1,22,,A41,120.624108,24.152316,3
2022,2,18,22,23,臺中市,北區,0,0,0,8,,,40,,,,,,,,,,,,,,,16,,,,,C03,,,1,,2,,,16,16,1,22,,C03,120.67192,24.171681,3
2022,2,18,22,29,臺中市,豐原區,0,0,0,8,,,50,,,,,,,,,,,,,,,17,,,,,B03,,,1,,2,,,17,17,1,21,,B03,120.716859,24.23275,3
2022,2,18,23,17,臺中市,南區,0,3,0,7,3,5,50,3,2,1,5,4,5,7,4,4,1,4,4,2,12,1,2,9,1,1,C03,7,4,1,10,2,14,,1,1,1,22,8,C03,120.671323,24.118988,2
2022,2,18,23,23,臺中市,中區,0,1,0,6,3,5,50,3,22,1,4,4,5,7,4,4,8,5,5,1,16,9,3,10,1,1,B03,7,6,1,8,2,5,,9,9,1,21,8,B03,120.677182,24.135317,2
2022,2,18,23,26,臺中市,西屯區,0,1,0,8,3,5,50,3,7,1,5,4,5,7,3,1,5,3,4,2,16,26,2,7,3,4,C03,7,5,1,10,2,11,,26,26,1,22,8,C03,120.655558,24.173691,2
2022,2,19,0,21,臺中市,沙鹿區,0,0,0,,,,40,,,,,,,,,,,,,,,19,,,,,B03,,,1,,2,,,19,19,1,4,,B03,120.574065,24.229677,3
2022,2,19,0,40,臺中市,烏日區,0,1,0,6,3,5,40,4,1,1,4,4,5,7,3,1,10,5,5,2,15,6,3,10,1,1,B12,7,9,1,8,2,2,,6,6,1,21,8,B12,120.646433,24.09323,2
2022,2,19,0,45,臺中市,南屯區,0,1,0,6,3,5,50,14,9,1,4,4,5,7,4,4,1,4,5,2,16,23,2,9,1,1,C03,7,9,1,10,2,11,,23,23,1,22,8,C03,120.646257,24.135743,2
2022,2,19,0,58,臺中市,烏日區,0,0,0,6,,,40,,,,,,,,,,,,,,,42,,,,,B01,,,1,,2,,,42,42,1,22,,B01,120.615705,24.119447,3
2022,2,19,1,23,臺中市,中區,0,0,0,,,,50,,,,,,,,,,,,,,,19,,,,,B03,,,1,,2,,,19,19,1,20,,B03,120.682543,24.137048,3
2022,2,19,2,3,臺中市,東區,0,0,0,6,,,40,,,,,,,,,,,,,,,12,,,,,B03,,,1,,2,,,12,12,1,22,,B03,120.691322,24.1456,3
2022,2,19,2,4,臺中市,東區,0,0,0,6,,,50,,,,,,,,,,,,,,,13,,,,,B03,,,5,,2,,,13,13,1,22,,B03,120.687475,24.145889,3
2022,2,19,3,4,臺中市,沙鹿區,0,2,0,6,3,5,50,3,1,1,4,4,5,7,2,1,1,2,1,2,16,19,3,10,1,1,B03,7,1,3,18,2,4,,19,19,1,4,8,B03,120.576782,24.225595,2
2022,2,19,4,42,臺中市,東區,0,1,0,6,3,5,50,4,18,1,4,4,5,7,1,1,1,5,5,2,3,15,3,10,1,1,B11,7,5,1,8,2,5,,15,15,1,22,8,B11,120.6969,24.132833,2
2022,2,19,5,30,臺中市,豐原區,0,0,0,6,,,50,,,,,,,,,,,,,,,7,,,,,B03,,,1,,2,,,7,7,1,4,,B03,120.74983,24.268944,3
2022,2,19,6,29,臺中市,東勢區,0,0,0,6,,,50,,,,,,,,,,,,,,,42,,,,,B03,,,1,,2,,,42,42,1,22,,B03,120.837501,24.244931,3
2022,2,19,6,57,臺中市,西屯區,0,2,0,6,2,5,50,14,9,1,4,4,5,7,4,4,1,4,5,2,13,23,3,10,3,4,B03,7,9,6,8,7,1,,23,23,1,22,8,B03,120.661203,24.171828,2
2022,2,19,7,7,臺中市,沙鹿區,0,1,0,6,1,5,50,3,1,1,4,4,5,7,1,1,10,5,5,2,17,8,2,9,1,1,C03,7,5,1,10,2,14,,8,8,1,21,8,C03,120.575288,24.247375,2
2022,2,19,7,8,臺中市,南屯區,0,1,0,6,1,5,40,14,8,1,4,4,5,7,4,4,1,5,5,2,13,16,2,9,1,1,C03,7,9,1,10,2,11,,16,16,1,3,8,C03,120.60528,24.15141,2
2022,2,19,7,16,臺中市,豐原區,0,0,0,,,,50,,,,,,,,,,,,,,,12,,,,,B03,,,1,,2,,,12,12,1,22,,B03,120.726691,24.242627,3
2022,2,19,7,21,臺中市,龍井區,0,2,0,6,1,5,50,4,1,1,4,4,5,7,3,1,10,5,5,2,15,6,2,1,1,1,B03,7,9,1,6,2,8,,6,6,1,20,8,B03,120.512336,24.208476,2
2022,2,19,7,22,臺中市,大里區,0,1,0,6,1,5,50,3,1,1,4,4,5,7,4,4,5,4,5,1,17,8,3,10,1,1,C03,7,5,1,10,2,15,,8,8,1,22,8,C03,120.700378,24.110318,2
2022,2,19,7,30,臺中市,西區,0,1,0,7,1,5,50,4,1,1,4,4,5,7,1,1,10,5,5,2,18,23,2,9,1,1,C03,7,9,1,10,2,12,,23,23,1,21,8,C03,120.660186,24.146726,2
2022,2,19,7,30,臺中市,北區,0,1,0,6,1,5,50,3,1,1,4,4,5,7,1,1,10,5,5,2,17,6,3,10,1,1,B03,7,5,1,8,2,5,,6,6,1,22,8,B03,120.681097,24.157585,2
2022,2,19,7,30,臺中市,東區,0,1,0,8,1,5,50,4,1,1,5,4,5,7,1,1,10,5,5,2,29,23,2,9,1,1,C03,7,9,1,10,2,12,,23,23,1,22,8,C03,120.705239,24.130353,2
2022,2,19,7,33,臺中市,神岡區,0,2,0,6,1,5,30,3,2,1,4,4,5,7,4,4,10,5,5,1,16,14,2,2,1,1,C03,7,9,3,18,2,11,,14,14,1,22,1,C03,120.690875,24.255261,2
2022,2,19,7,37,臺中市,北區,0,2,0,6,1,5,50,4,1,1,4,4,5,7,3,1,10,5,5,2,16,6,2,9,1,1,C03,7,9,1,11,2,11,,6,6,1,22,8,C03,120.672063,24.157247,2
2022,2,19,7,38,臺中市,神岡區,0,1,0,6,1,5,50,3,2,1,4,4,5,7,1,1,5,5,5,1,16,25,2,9,3,4,C03,7,9,1,10,2,11,,25,25,1,22,9,C03,120.677701,24.236848,2
2022,2,19,7,44,臺中市,豐原區,0,1,0,6,1,5,50,4,1,1,4,4,5,7,1,1,5,5,5,2,16,6,3,10,3,4,B03,7,6,1,8,2,8,,6,6,1,9,8,B03,120.704283,24.231851,2
2022,2,19,7,45,臺中市,清水區,0,0,0,6,,,40,,,,,,,,,,,,,,,18,,,,,B03,,,1,,2,,,18,18,1,21,,B03,120.587632,24.291771,3
2022,2,19,7,45,臺中市,沙鹿區,0,0,0,6,,,70,,,,,,,,,,,,,,,23,,,,,A11,,,1,,1,,,23,23,1,10,,A11,120.60752,24.246593,3
2022,2,19,7,45,臺中市,新社區,0,0,0,6,,,30,,,,,,,,,,,,,,,23,,,,,B12,,,1,,2,,,23,23,1,22,,B12,120.808873,24.243945,3
2022,2,19,7,50,臺中市,沙鹿區,0,1,0,6,1,5,50,14,7,1,4,4,5,7,1,1,1,2,4,2,17,42,2,9,1,1,C03,7,9,1,10,2,14,,42,42,1,21,8,C03,120.570281,24.217339,2
2022,2,19,7,55,臺中市,大里區,0,1,0,7,1,5,30,4,1,1,4,4,3,7,4,4,10,5,5,2,16,6,3,10,1,1,B03,7,5,1,8,2,5,,6,6,1,9,8,B03,120.70604,24.098063,2
2022,2,19,7,58,臺中市,西屯區,0,1,0,7,1,5,50,14,9,1,4,4,5,7,4,4,9,4,5,2,18,42,2,9,1,1,C03,7,9,1,10,2,14,,42,42,1,12,8,C03,120.646923,24.158125,2
2022,2,19,8,1,臺中市,南屯區,0,1,0,7,1,5,50,4,1,1,4,4,5,7,4,4,10,5,5,2,11,6,3,10,1,1,B03,7,5,3,18,2,5,,6,6,1,22,9,B03,120.653037,24.141006,2
2022,2,19,8,1,臺中市,霧峰區,0,2,0,8,1,5,50,3,2,1,4,4,5,7,4,4,9,4,5,1,13,23,2,8,1,1,C03,7,5,3,18,2,11,,23,23,1,22,9,C03,120.698937,24.070974,2
2022,2,19,8,5,臺中市,北區,0,5,0,6,1,5,50,4,1,1,4,4,5,7,1,1,10,5,5,2,17,25,2,9,1,1,B03,7,9,1,8,2,1,,25,25,1,22,8,B03,120.685169,24.166985,2
2022,2,19,8,24,臺中市,沙鹿區,0,0,0,6,,,50,,,,,,,,,,,,,,,7,,,,,B03,,,1,,1,,,7,7,1,21,,B03,120.567281,24.227333,3
2022,2,19,8,26,臺中市,西屯區,0,1,0,6,1,5,50,15,9,1,4,4,5,7,4,4,5,4,5,2,18,42,2,9,1,1,C03,7,6,1,10,2,12,,42,42,1,22,8,C03,120.650102,24.183485,2
2022,2,19,8,32,臺中市,神岡區,0,1,0,6,1,8,30,11,9,1,4,4,5,7,4,4,10,5,5,2,17,5,3,10,3,4,B03,7,5,1,8,2,8,,5,5,1,22,9,B03,120.69948,24.274917,2
2022,2,19,8,43,臺中市,西屯區,0,1,0,6,1,5,50,14,9,1,4,4,5,7,4,4,5,4,5,2,20,42,2,9,1,1,C03,7,9,1,10,2,11,,42,42,1,22,8,C03,120.598929,24.192001,2
2022,2,19,8,44,臺中市,大肚區,0,2,0,6,1,5,50,4,1,1,4,4,5,7,4,4,10,5,5,2,3,23,2,8,4,5,H01,8,18,8,20,10,16,,53,23,1,22,9,H01,120.579778,24.170639,2
2022,2,19,8,46,臺中市,南屯區,0,0,0,6,,,50,,,,,,,,,,,,,,,16,,,,,B01,,,1,,2,,,16,16,1,22,,B01,120.612466,24.15225,3
2022,2,19,8,48,臺中市,豐原區,0,2,0,8,1,5,50,4,2,1,5,4,5,7,3,1,8,3,4,1,17,44,3,10,3,4,B03,7,9,1,8,2,4,,44,44,1,22,8,B03,120.722488,24.239905,2
2022,2,19,8,50,臺中市,北區,0,1,0,7,1,5,40,4,1,1,5,4,5,7,1,1,5,5,4,2,15,25,3,10,1,1,C03,7,9,1,10,2,11,,25,25,1,21,8,C03,120.684959,24.159118,2
2022,2,19,8,55,臺中市,北區,0,1,0,6,1,5,50,4,4,1,4,1,5,7,1,1,5,5,5,1,17,42,2,8,1,1,C03,7,15,1,10,2,11,,42,42,1,22,8,C03,120.664089,24.162142,2
2022,2,19,9,7,臺中市,潭子區,0,1,0,7,1,5,30,14,9,1,4,4,5,7,4,4,10,5,5,2,17,23,2,9,1,1,C03,7,9,6,10,2,14,,23,23,1,22,8,C03,120.700515,24.19278,2
2022,2,19,9,9,臺中市,南屯區,0,0,0,6,,,50,,,,,,,,,,,,,,,23,,,,,B03,,,1,,2,,,23,23,1,22,,B03,120.650843,24.140105,3
2022,2,19,9,24,臺中市,南區,0,1,0,8,1,5,50,4,1,1,5,4,5,7,1,1,9,4,4,2,16,25,3,10,1,1,B03,7,9,1,8,2,2,,25,25,1,5,1,B03,120.650118,24.120638,2
2022,2,19,9,24,臺中市,龍井區,0,1,0,6,1,5,40,11,8,1,4,4,1,7,4,4,10,5,1,2,29,23,2,9,3,4,C03,7,9,1,10,2,14,,23,23,1,22,9,C03,120.579748,24.189545,2
2022,2,19,9,25,臺中市,大肚區,0,1,0,6,1,5,50,14,9,1,4,4,5,7,4,4,4,5,5,1,16,26,3,10,1,1,B03,7,11,1,8,2,1,,26,26,1,4,8,B03,120.545207,24.154509,2
2022,2,19,9,28,臺中市,南區,0,0,0,8,,,50,,,,,,,,,,,,,,,23,,,,,B03,,,1,,2,,,23,23,1,22,,B03,120.657761,24.129001,3
2022,2,19,9,29,臺中市,西屯區,0,0,0,8,,,30,,,,,,,,,,,,,,,23,,,,,B03,,,1,,1,,,23,23,1,22,,B03,120.666026,24.176865,3
2022,2,19,9,33,臺中市,梧棲區,0,2,0,6,1,5,40,14,7,1,4,4,5,7,4,4,5,4,4,2,16,6,3,10,1,1,C03,7,7,1,10,2,13,,6,6,1,3,8,C03,120.531003,24.255456,2
2022,2,19,9,35,臺中市,烏日區,0,1,0,7,1,5,50,4,1,1,4,4,5,7,2,1,1,4,4,2,18,42,2,9,1,1,C03,7,9,1,10,2,14,,42,42,1,21,8,C03,120.63838,24.221173,2
2022,2,19,9,41,臺中市,大里區,0,0,0,8,,,60,,,,,,,,,,,,,,,19,,,,,B12,,,1,,2,,,19,19,1,22,,B12,120.678674,24.104195,3
2022,2,19,9,54,臺中市,龍井區,0,0,0,8,,,50,,,,,,,,,,,,,,,23,,,,,B03,,,1,,2,,,23,23,1,5,,B03,120.54767,24.20171,3
2022,2,19,9,55,臺中市,南區,0,2,0,7,1,5,50,4,1,1,4,4,5,7,1,1,5,5,5,2,13,23,2,9,1,1,C03,7,9,1,10,2,11,,23,23,1,22,8,C03,120.670155,24.126511,2
2022,2,19,9,56,臺中市,南區,0,2,0,7,3,5,50,4,2,1,5,4,5,7,4,4,9,4,4,2,12,23,3,10,1,1,C03,7,9,1,10,2,12,,43,23,1,5,1,C03,120.663481,24.119997,2
2022,2,19,9,57,臺中市,西區,0,1,0,8,1,5,50,4,2,1,5,4,5,7,1,1,5,4,4,2,13,42,3,10,1,1,B03,7,9,1,8,2,6,,42,42,1,21,8,B03,120.669784,24.13844,2
2022,2,19,10,2,臺中市,大里區,0,0,0,8,,,30,,,,,,,,,,,,,,,16,,,,,C03,,,1,,2,,,16,16,1,22,,C03,120.696645,24.088995,3
2022,2,19,10,8,臺中市,東區,0,2,0,7,1,5,50,14,9,1,5,4,5,7,4,4,5,4,5,2,17,23,2,9,3,4,C03,7,9,1,10,2,11,,23,23,1,5,8,C03,120.690371,24.14291,2
2022,2,19,10,8,臺中市,清水區,0,0,0,6,1,5,70,14,7,1,4,4,5,7,1,1,3,4,3,1,12,7,3,10,1,1,B12,7,7,1,8,2,4,,7,7,1,4,1,B12,120.590333,24.304186,3
2022,2,19,10,8,臺中市,豐原區,0,0,0,6,,,50,,,,,,,,,,,,,,,12,,,,,B03,,,1,,2,,,12,12,1,22,,B03,120.711326,24.250395,3
2022,2,19,10,14,臺中市,大里區,0,0,0,6,,,30,,,,,,,,,,,,,,,23,,,,,B03,,,1,,2,,,23,23,1,22,,B03,120.703166,24.110434,3
2022,2,19,10,15,臺中市,梧棲區,0,2,0,8,1,5,30,3,1,1,5,4,5,3,4,4,10,5,5,2,16,6,3,10,1,1,B03,7,5,1,8,3,8,,6,6,1,9,8,B03,120.528037,24.253825,2
2022,2,19,10,20,臺中市,大雅區,0,1,0,6,1,5,50,14,9,1,4,4,5,7,4,4,5,5,5,1,17,1,3,10,1,1,B03,7,4,1,8,2,2,,1,1,1,22,8,B03,120.65791,24.244727,2
2022,2,19,10,20,臺中市,南屯區,0,0,0,8,,,50,,,,,,,,,,,,,,,42,,,,,A12,,,1,,9,,,42,42,1,22,,A12,120.625841,24.140524,3
2022,2,19,10,30,臺中市,清水區,0,1,0,6,1,5,50,14,18,1,4,4,5,7,1,1,1,2,4,2,3,15,3,10,1,1,B03,7,5,1,8,2,8,,15,15,1,4,1,B03,120.575436,24.269143,2
2022,2,19,10,38,臺中市,東區,0,1,0,8,1,5,50,14,9,1,5,4,5,7,4,4,5,4,5,2,17,19,2,9,1,1,C03,7,1,1,10,2,14,,19,19,1,22,8,C03,120.69015,24.143023,2
2022,2,19,10,40,臺中市,西屯區,0,1,0,8,1,5,70,4,1,1,5,4,5,7,2,1,10,5,5,2,16,25,3,10,1,1,B03,7,5,1,8,2,6,,25,25,1,22,8,B03,120.621362,24.179708,2
2022,2,19,10,40,臺中市,烏日區,0,1,0,8,1,5,50,4,1,1,5,4,5,7,2,1,10,5,5,2,16,9,3,10,1,1,B03,7,6,1,8,2,2,,9,9,1,21,8,B03,120.644381,24.056741,2
2022,2,19,10,41,臺中市,西區,0,2,0,8,1,5,50,4,1,1,5,4,5,7,4,4,10,5,5,2,16,26,2,9,1,1,C03,7,5,1,10,2,14,14,26,26,1,22,7,C03,120.676843,24.137832,2
2022,2,19,10,46,臺中市,豐原區,0,2,0,8,1,5,30,3,1,1,5,4,5,7,4,4,10,5,5,2,16,6,2,1,1,1,C03,7,5,1,10,2,14,,6,6,1,5,8,C03,120.724016,24.240056,2
2022,2,19,10,50,臺中市,大里區,0,0,0,8,,,50,,,,,,,,,,,,,,,7,,,,,B03,,,1,,2,,,7,7,2,19,,B03,120.687916,24.094669,3
2022,2,19,11,0,臺中市,西屯區,0,1,0,8,1,5,40,11,9,5,5,4,5,7,4,4,1,5,5,2,18,43,2,9,3,4,C03,7,9,1,10,2,15,,43,43,1,22,8,C03,120.65021,24.183545,2
2022,2,19,11,0,臺中市,烏日區,0,1,0,8,1,5,50,5,1,1,5,4,5,7,4,4,5,4,5,2,10,14,2,9,1,1,C03,7,9,2,18,2,12,,14,14,1,21,8,C03,120.64816,24.051424,2
2022,2,19,11,0,臺中市,清水區,0,0,0,6,,,60,,,,,,,,,,,,,,,7,,,,,A41,,,1,,2,,,7,7,1,10,,A41,120.552649,24.294028,3
2022,2,19,11,3,臺中市,烏日區,0,1,0,8,1,5,30,3,1,1,5,4,5,7,4,4,10,5,5,1,11,5,3,10,1,1,B03,7,5,1,8,2,8,,5,5,1,21,8,B03,120.65242,24.064965,2
2022,2,19,11,10,臺中市,東區,0,0,0,8,,,50,,,,,,,,,,,,,,,16,,,,,B03,,,1,,2,,,16,16,1,22,,B03,120.71169,24.144516,3
2022,2,19,11,11,臺中市,大甲區,0,0,0,8,,,50,,,,,,,,,,,,,,,23,,,,,B03,,,1,,2,,,23,23,1,4,,B03,120.653885,24.39032,3
2022,2,19,11,12,臺中市,南區,0,0,0,8,,,50,,,,,,,,,,,,,,,9,,,,,B03,,,1,,2,,,9,9,1,4,,B03,120.67334,24.130464,3
2022,2,19,11,26,臺中市,東區,0,0,0,8,,,50,,,,,,,,,,,,,,,43,,,,,B03,,,1,8,11,,,43,43,1,5,,B03,120.696568,24.126526,3
2022,2,19,11,26,臺中市,梧棲區,0,0,0,8,,,60,,,,,,,,,,,,,,,42,,,,,B03,,,1,,2,,,42,42,1,5,,B03,120.524915,24.223078,3
2022,2,19,11,43,臺中市,霧峰區,0,0,0,7,1,5,30,4,1,1,5,4,5,7,3,1,10,5,5,2,15,6,,,,,C03,,,1,,2,,,6,6,1,5,,C03,120.698354,24.039707,3
2022,2,19,11,43,臺中市,后里區,0,0,0,8,1,5,60,14,9,1,5,4,5,7,4,4,5,4,5,1,17,7,3,10,1,1,A42,7,8,1,5,2,5,,7,7,1,21,8,A42,120.729943,24.331456,3
2022,2,19,11,44,臺中市,北區,0,2,0,8,1,5,50,4,1,1,5,4,5,7,4,4,10,5,5,2,16,6,2,9,1,1,C03,7,9,1,10,2,12,,6,6,1,22,8,C03,120.685149,24.149527,2
2022,2,19,11,45,臺中市,東區,0,2,0,8,1,5,50,4,1,1,5,4,5,7,4,4,10,5,5,2,15,6,2,9,1,1,C03,7,9,1,10,2,11,,6,6,1,22,8,C03,120.691665,24.132809,2
2022,2,19,11,46,臺中市,西區,0,0,0,8,,,30,,,,,,,,,,,,,,,43,,,,,,,,,,,,,43,43,1,,,,120.668022,24.140683,3
2022,2,19,11,47,臺中市,龍井區,0,0,0,8,,,40,,,,,,,,,,,,,,,23,,,,,B12,,,1,,2,,,23,23,1,22,,B12,120.592969,24.182929,3
2022,2,19,11,55,臺中市,大里區,0,1,0,8,1,5,80,10,9,1,5,4,5,7,4,4,1,4,5,1,12,45,2,7,1,1,B12,7,9,1,8,2,8,5,45,45,1,21,1,B12,120.687848,24.072992,2
2022,2,19,11,56,臺中市,東區,0,2,0,8,1,5,50,4,2,1,5,4,5,7,4,4,9,4,4,2,16,8,2,9,1,1,C03,7,5,1,10,2,12,,8,8,1,5,1,C03,120.707028,24.136411,2