年,月,日,時,分,縣市,區,死,受傷,2-30,天候,光線,道路類別,速限,道路型態,事故位置,路面鋪裝,路面狀態,路面缺陷,障礙物,視距,號誌種類,號誌動作,分向設施,快車道或一般車道間,快慢車道間,路面邊線,事故類型及型態,主要肇因,受傷程度,主要傷處,保護裝備,行動電話,當事者區分,車輛用途,當事者行動狀態,駕駛資格情形,駕駛執照種類,飲酒情形,車輛撞擊部位最初,車輛撞擊部位其他,肇事因素個別,肇事因素主要,肇事逃逸,職業,旅次目的,車種,GPS緯度,GPS經度,事故類別
2022,2,20,0,30,臺中市,西區,0,1,0,6,1,5,50,3,2,1,4,4,5,7,4,4,5,5,5,1,13,23,2,9,1,1,C03,7,9,1,10,2,11,,23,23,1,21,8,C03,120.660862,24.133368,2
2022,2,20,1,24,臺中市,梧棲區,0,0,0,6,,,40,,,,,,,,,,,,,,,61,,,,,A11,,,1,,2,,,61,61,1,22,,A11,120.51841,24.225327,3
2022,2,20,1,55,臺中市,南屯區,0,0,0,6,,,50,,,,,,,,,,,,,,,12,,,,,B03,,,1,,2,,,12,12,1,5,,B03,120.642393,24.147758,3
2022,2,20,2,5,臺中市,大甲區,0,1,0,8,1,5,50,14,8,1,5,4,5,7,4,4,1,4,4,1,18,43,2,9,1,1,C03,7,9,1,10,2,11,,43,43,1,4,8,C03,120.642311,24.400846,2
2022,2,20,2,17,臺中市,北屯區,0,1,0,6,3,5,80,14,7,1,4,4,5,6,4,4,1,4,5,1,20,23,2,9,1,1,B03,7,9,1,8,2,5,,23,23,1,22,5,B03,120.68776,24.20102,2
2022,2,20,2,36,臺中市,西區,0,1,0,8,1,5,50,4,1,1,5,4,5,7,1,1,5,5,5,1,16,19,3,10,1,1,B03,7,1,1,8,2,4,,19,19,1,21,8,B03,120.655241,24.150751,2
2022,2,20,2,40,臺中市,西區,0,1,0,6,3,5,50,14,9,1,4,4,5,7,4,4,5,5,4,2,18,43,2,9,1,1,C03,7,9,1,10,2,14,,43,43,1,20,8,C03,120.656767,24.15085,2
2022,2,20,2,44,臺中市,潭子區,0,2,0,6,3,5,50,14,12,1,4,4,5,7,4,4,5,4,4,1,2,23,2,9,1,1,C03,7,9,2,18,2,11,,23,23,1,22,8,C03,120.70979,24.210399,2
2022,2,20,3,49,臺中市,太平區,0,1,0,6,3,5,50,4,1,1,4,4,5,7,3,1,10,5,5,2,15,6,3,10,1,1,B03,7,9,1,8,2,2,,6,6,1,5,5,B03,120.716241,24.118816,2
2022,2,20,4,36,臺中市,北屯區,0,0,0,6,,,50,,,,,,,,,,,,,,,6,,,,,B03,,,1,,1,,,6,6,1,22,,B03,120.693077,24.162836,3
2022,2,20,4,44,臺中市,大里區,0,0,0,6,,,50,,,,,,,,,,,,,,,6,,,,,B03,,,1,,2,,,6,6,1,22,,B03,120.703664,24.111123,3
2022,2,20,5,49,臺中市,南區,0,1,0,6,3,5,50,5,1,1,4,4,5,7,1,1,10,5,5,2,16,25,2,9,1,1,C03,7,9,1,8,2,12,,25,25,1,22,8,C03,120.677962,24.126472,2
2022,2,20,5,50,臺中市,大里區,0,0,0,8,,,30,,,,,,,,,,,,,,,12,,,,,B03,,,1,,2,,,12,12,1,21,,B03,120.703835,24.090021,3
2022,2,20,6,11,臺中市,沙鹿區,1,0,0,6,2,5,50,3,1,1,4,4,5,7,4,4,10,5,5,2,3,21,3,10,1,1,B02,7,9,1,8,7,1,,21,21,1,9,8,B02,120.564366,24.244551,1
2022,2,20,6,30,臺中市,東區,0,2,0,6,1,5,50,4,1,1,4,4,5,7,1,1,10,5,5,2,16,26,2,9,1,1,C04,7,5,1,11,2,14,,26,26,1,21,8,C04,120.691845,24.132623,2
2022,2,20,6,42,臺中市,豐原區,0,0,0,6,,,50,,,,,,,,,,,,,,,7,,,,,F03,,,1,,2,,,7,7,1,22,,F03,120.726021,24.237996,3
2022,2,20,7,18,臺中市,豐原區,0,1,0,6,1,5,50,4,1,1,4,4,5,7,1,1,10,5,5,2,16,6,3,10,3,4,B12,7,5,1,8,2,2,,6,6,1,22,8,B12,120.747668,24.266568,2
2022,2,20,7,25,臺中市,豐原區,0,0,0,,,,30,,,,,,,,,,,,,,,17,,,,,A11,,,1,,2,,,17,17,1,22,,A11,120.734877,24.272413,3
2022,2,20,7,46,臺中市,豐原區,0,1,0,6,1,5,30,3,2,1,4,4,5,7,4,4,10,5,5,2,11,6,3,10,1,1,B03,7,6,1,8,2,5,,6,6,1,21,8,B03,120.717828,24.264203,2
2022,2,20,7,50,臺中市,東區,0,1,0,6,1,5,50,14,9,1,4,4,5,7,4,4,10,4,5,2,17,7,3,10,1,1,B03,7,7,1,4,2,4,,7,7,1,22,8,B03,120.685975,24.138819,2
2022,2,20,7,51,臺中市,大肚區,0,1,0,6,1,5,50,4,1,1,4,4,5,7,1,1,10,5,5,2,17,25,3,10,3,4,B03,7,5,1,8,2,1,,44,25,1,22,9,B03,120.5802,24.171731,2
2022,2,20,8,5,臺中市,后里區,0,0,0,6,,,50,,,,,,,,,,,,,,,26,,,,,B12,,,1,,2,,,26,26,1,7,,B12,120.702713,24.308157,3
2022,2,20,8,12,臺中市,龍井區,0,0,0,6,,,50,,,,,,,,,,,,,,,23,,,,,B03,,,1,,5,,,23,23,1,12,,B03,120.523456,24.206708,3
2022,2,20,8,30,臺中市,西區,0,1,0,6,1,5,50,4,1,1,4,4,5,7,1,1,10,5,5,2,15,25,3,10,1,1,B03,7,9,1,8,2,2,,25,25,1,21,8,B03,120.657261,24.139286,2
2022,2,20,8,47,臺中市,新社區,0,1,0,6,1,5,30,4,1,1,4,4,5,7,4,4,10,5,5,2,16,6,3,10,3,4,B03,7,9,1,8,2,4,,6,6,1,22,8,B03,120.808812,24.216205,2
2022,2,20,8,48,臺中市,大甲區,0,1,0,6,1,5,40,14,8,1,4,4,5,7,1,1,1,4,4,1,17,19,3,10,1,1,B12,7,1,1,3,2,15,,19,19,1,10,8,B12,120.641398,24.404136,2
2022,2,20,9,58,臺中市,南屯區,0,0,0,6,,,50,,,,,,,,,,,,,,,16,,,,,C03,,,1,,1,,,16,16,1,5,,C03,120.64673,24.12534,3
2022,2,20,10,2,臺中市,梧棲區,0,1,0,6,1,5,30,14,9,1,4,2,5,7,4,4,10,5,5,2,18,43,2,9,1,1,C03,7,9,1,10,11,15,,43,43,1,19,8,C03,120.54817,24.259456,2
2022,2,20,10,8,臺中市,南屯區,0,0,0,6,,,50,,,,,,,,,,,,,,,6,,,,,B03,,,1,,1,,,6,6,1,22,,B03,120.647509,24.155639,3
2022,2,20,10,13,臺中市,西屯區,0,1,0,7,1,5,50,14,9,1,4,4,5,7,4,4,9,4,5,2,29,42,2,9,1,1,C03,7,9,1,10,2,14,,42,42,1,12,8,C03,120.654918,24.165448,2
2022,2,20,10,15,臺中市,東區,0,0,0,6,1,5,50,4,1,1,4,4,5,7,1,1,10,5,5,2,17,6,3,10,1,1,B01,7,6,1,8,2,1,,6,6,1,10,8,B01,120.695539,24.144692,3
2022,2,20,10,17,臺中市,東區,0,1,0,6,1,5,50,4,1,1,4,4,5,7,1,1,9,4,5,2,12,19,3,10,1,1,B03,7,1,1,8,2,4,,19,19,1,5,1,B03,120.687749,24.131982,2
2022,2,20,10,24,臺中市,北區,0,2,0,6,1,5,50,14,8,1,4,4,5,7,4,4,1,4,4,2,17,19,2,9,1,1,C03,7,1,1,10,2,13,,19,19,1,22,8,C03,120.679145,24.151774,2
2022,2,20,10,27,臺中市,大里區,0,0,0,6,,,50,,,,,,,,,,,,,,,26,,,,,B03,,,1,,2,,,26,26,1,22,,B03,120.683135,24.115172,3
2022,2,20,10,28,臺中市,東區,0,1,0,6,1,5,80,14,7,1,4,4,5,7,4,4,2,4,5,1,23,23,3,10,3,4,B03,7,9,1,8,2,4,,23,23,1,5,8,B03,120.70542,24.128308,2
2022,2,20,10,28,臺中市,霧峰區,0,0,0,6,,,30,,,,,,,,,,,,,,,12,,,,,B03,,,1,,2,,,12,12,1,3,,B03,120.699367,24.024087,3
2022,2,20,10,30,臺中市,豐原區,0,0,0,6,,,50,,,,,,,,,,,,,,,23,,,,,B03,,,1,,2,,,23,23,1,22,,B03,120.70853,24.250085,3
2022,2,20,10,47,臺中市,大甲區,0,0,0,6,,,60,,,,,,,,,,,,,,,6,,,,,B03,,,1,,2,,,6,6,1,9,,B03,120.617558,24.351633,3
2022,2,20,10,48,臺中市,龍井區,0,2,0,6,1,5,30,5,1,1,4,4,5,7,2,1,10,5,5,2,15,25,2,1,1,1,B03,7,9,1,8,2,4,,25,25,1,12,8,B03,120.519658,24.212151,2
2022,2,20,10,55,臺中市,豐原區,0,0,0,,,,50,,,,,,,,,,,,,,,23,,,,,C03,,,1,,2,,,23,23,1,22,,C03,120.706091,24.250263,3
2022,2,20,10,57,臺中市,烏日區,0,0,0,6,,,60,,,,,,,,,,,,,,,23,,,,,B03,,,1,,2,,,23,23,1,22,,B03,120.613501,24.106635,3
2022,2,20,11,0,臺中市,東區,0,1,0,6,1,5,50,4,1,1,4,4,5,7,1,1,10,5,5,2,18,23,2,9,1,1,C03,7,9,1,10,2,12,,23,23,1,22,8,C03,120.701394,24.125452,2
2022,2,20,11,0,臺中市,大甲區,0,0,0,8,,,50,,,,,,,,,,,,,,,42,,,,,B03,,,1,,1,,,42,42,1,4,,B03,120.616781,24.347331,3
2022,2,20,11,6,臺中市,北區,0,1,0,6,1,5,30,4,1,1,4,4,3,5,3,1,10,5,5,2,15,6,2,9,1,1,C03,7,9,1,10,2,11,,6,6,1,21,8,C03,120.683681,24.162497,2
2022,2,20,11,20,臺中市,大里區,0,0,0,6,1,5,30,3,9,1,4,4,5,7,4,4,10,5,5,2,17,12,,,,,G03,,,1,,2,,,12,12,1,10,,G03,120.700961,24.093629,3
2022,2,20,11,25,臺中市,北屯區,0,0,0,6,,,40,,,,,,,,,,,,,,,23,,,,,B02,,,1,,11,,,23,23,1,21,,B02,120.691161,24.176871,3
2022,2,20,11,25,臺中市,神岡區,0,0,0,6,,,50,,,,,,,,,,,,,,,16,,,,,C03,,,1,,1,,,16,16,1,22,,C03,120.659766,24.257316,3
2022,2,20,11,30,臺中市,東區,0,1,0,6,1,5,50,14,9,1,4,4,5,7,4,4,5,5,5,2,16,10,3,10,3,4,B03,7,11,1,8,2,1,,10,10,1,5,8,B03,120.68665,24.14156,2
2022,2,20,11,30,臺中市,北屯區,0,1,0,6,1,5,50,3,7,1,4,4,5,7,4,4,1,4,4,1,18,23,2,9,1,1,C03,7,9,1,10,2,12,,23,23,1,21,8,C03,120.666302,24.182042,2
2022,2,20,11,31,臺中市,西區,0,2,0,6,1,5,50,14,9,1,4,4,5,7,4,4,5,4,5,2,17,23,2,9,1,1,C03,7,9,1,10,2,11,,23,23,1,5,1,C03,120.652754,24.146873,2
2022,2,20,11,47,臺中市,南屯區,0,0,0,6,,,50,,,,,,,,,,,,,,,26,,,,,B03,,,1,,1,,,26,26,1,22,,B03,120.647646,24.155637,3
2022,2,20,11,50,臺中市,南屯區,0,0,0,,,,50,,,,,,,,,,,,,,,23,,,,,B03,,,1,,2,,,23,23,1,22,,B03,120.620761,24.145181,3
2022,2,20,11,57,臺中市,大肚區,0,1,0,6,1,5,50,14,9,1,4,4,5,7,4,4,5,5,5,1,12,1,3,10,1,1,B12,7,4,1,8,2,2,,1,1,1,19,8,B12,120.540208,24.15294,2
2022,2,20,11,57,臺中市,梧棲區,0,0,0,8,,,90,,,,,,,,,,,,,,,67,,,,,B03,,,1,,2,,,67,67,1,5,,B03,120.531258,24.238243,3
2022,2,20,12,0,臺中市,東區,0,0,0,,,,50,,,,,,,,,,,,,,,23,,,,,B03,,,1,,2,,,23,23,1,22,,B03,120.708227,24.140963,3
2022,2,20,12,5,臺中市,南區,0,1,0,6,1,5,50,4,1,1,4,4,5,7,1,1,10,5,5,2,12,6,3,10,1,1,B03,7,6,1,8,2,2,,6,6,1,22,8,B03,120.657448,24.125099,2
2022,2,20,12,5,臺中市,豐原區,0,0,0,6,,,50,,,,,,,,,,,,,,,42,,,,,B12,,,1,,2,,,42,42,1,22,,B12,120.697219,24.243457,3
2022,2,20,12,6,臺中市,龍井區,0,0,0,6,,,40,,,,,,,,,,,,,,,12,,,,,B03,,,1,,1,,,12,12,1,22,,B03,120.575768,24.177691,3
2022,2,20,12,7,臺中市,西區,0,2,0,6,1,5,50,3,1,1,4,4,5,7,4,4,10,5,5,2,16,19,3,10,1,1,C03,7,1,1,10,2,14,,19,19,1,22,9,C03,120.670175,24.154082,2
2022,2,20,12,10,臺中市,北屯區,0,1,0,6,1,5,50,4,1,1,4,4,5,7,1,1,10,5,5,2,16,6,2,9,1,1,C03,7,9,1,10,2,12,,6,6,1,21,8,C03,120.690615,24.19176,2
2022,2,20,12,13,臺中市,西屯區,0,1,0,6,1,5,50,14,9,1,4,4,5,7,4,4,1,4,5,2,13,42,2,9,3,4,C03,7,9,1,10,2,11,,42,42,1,22,8,C03,120.653066,24.167046,2
2022,2,20,12,24,臺中市,霧峰區,0,0,0,6,,,50,,,,,,,,,,,,,,,6,,,,,B03,,,1,,2,,,6,6,1,3,,B03,120.69851,24.062919,3
2022,2,20,12,26,臺中市,中區,0,1,0,6,1,5,50,14,9,1,4,4,5,7,4,4,5,4,5,2,18,42,2,9,1,1,C03,7,9,1,10,2,14,,42,42,1,4,5,C03,120.680211,24.138225,2
2022,2,20,12,27,臺中市,沙鹿區,0,0,0,6,,,50,,,,,,,,,,,,,,,23,,,,,B03,,,1,,2,,,23,23,1,21,,B03,120.574795,24.213973,3
2022,2,20,12,30,臺中市,大肚區,0,0,0,6,,,60,,,,,,,,,,,,,,,8,,,,,C03,,,1,,2,,,8,8,1,4,,C03,120.54302,24.163155,3
2022,2,20,12,31,臺中市,南區,0,1,0,6,1,5,50,14,9,1,4,4,5,7,4,4,9,4,5,2,12,8,3,10,1,1,B03,7,5,1,8,3,4,,8,8,1,5,1,B03,120.675868,24.124712,2
2022,2,20,12,42,臺中市,大里區,0,0,0,6,,,50,,,,,,,,,,,,,,,8,,,,,B03,,,1,,2,,,8,8,1,22,,B03,120.683071,24.101561,3
2022,2,20,12,52,臺中市,后里區,0,0,0,6,,,30,,,,,,,,,,,,,,,6,,,,,B03,,,1,,2,,,6,6,1,5,,B03,120.727818,24.306663,3
2022,2,20,12,54,臺中市,西屯區,0,0,0,6,,,50,,,,,,,,,,,,,,,23,,,,,B02,,,1,,2,,,23,23,1,22,,B02,120.610628,24.191074,3
2022,2,20,13,11,臺中市,西屯區,0,1,0,6,1,5,40,3,1,1,4,4,5,7,4,4,9,4,4,2,12,6,3,10,1,1,B03,7,6,1,8,2,2,,6,6,1,12,8,B03,120.638235,24.169523,2
2022,2,20,13,15,臺中市,烏日區,0,0,0,8,,,30,,,,,,,,,,,,,,,12,,,,,B03,,,1,,2,,,12,12,1,21,,B03,120.638123,24.103819,3
2022,2,20,13,27,臺中市,西屯區,0,0,0,6,,,40,,,,,,,,,,,,,,,23,,,,,B03,,,2,,1,,,23,23,1,22,,B03,120.644583,24.195288,3
2022,2,20,13,28,臺中市,后里區,0,1,0,6,1,5,50,3,1,1,4,4,5,7,1,1,10,4,4,1,3,15,3,10,1,1,B03,7,5,1,8,2,1,,15,15,1,22,8,B03,120.716136,24.306824,2
2022,2,20,13,30,臺中市,南屯區,0,0,0,,,,40,,,,,,,,,,,,,,,19,,,,,C03,,,1,,1,,,19,19,1,22,,C03,120.649964,24.132011,3
2022,2,20,13,35,臺中市,大里區,0,1,0,6,1,5,30,3,1,1,4,4,5,7,4,4,10,5,5,2,17,23,3,10,1,1,B03,7,5,1,8,2,8,,44,23,1,5,8,B03,120.691006,24.09135,2
2022,2,20,13,39,臺中市,外埔區,0,0,0,6,1,5,50,14,13,1,4,4,5,7,4,4,4,3,4,1,12,18,,,,,B12,,,1,,2,,,18,18,1,22,,B12,120.636355,24.343246,3
2022,2,20,13,56,臺中市,南屯區,0,0,0,6,1,5,50,4,1,1,4,4,5,7,2,1,3,5,5,2,20,17,3,10,1,1,B02,7,11,1,8,2,4,7,17,17,1,5,5,B02,120.626551,24.151663,3
2022,2,20,14,15,臺中市,外埔區,0,0,0,6,1,3,50,14,9,1,4,4,5,7,4,1,5,5,5,1,26,23,,,,,B03,,,1,,2,,,23,23,1,21,,B03,120.665152,24.340738,3
2022,2,20,14,20,臺中市,大里區,0,0,0,6,,,50,,,,,,,,,,,,,,,26,,,,,B03,,,1,,2,,,26,26,1,22,,B03,120.709196,24.09907,3
2022,2,20,14,32,臺中市,南屯區,0,0,0,6,3,5,50,3,2,1,4,4,5,7,4,4,5,5,5,2,17,23,3,10,1,1,B11,7,9,1,4,2,2,,23,23,1,22,8,B11,120.629366,24.112558,3
2022,2,20,14,37,臺中市,西屯區,0,0,0,6,,,40,,,,,,,,,,,,,,,18,,,,,B03,,,1,,2,,,18,18,1,22,,B03,120.638748,24.163711,3
2022,2,20,14,37,臺中市,西屯區,0,0,0,6,,,1,,,,,,,,,,,,,,,12,,,,,B03,,,1,,1,,,12,12,1,12,,B03,120.624186,24.194385,3
2022,2,20,14,49,臺中市,霧峰區,0,0,0,6,,,60,,,,,,,,,,,,,,,25,,,,,B12,,,1,,2,,,25,25,1,22,,B12,120.663924,24.083096,3
2022,2,20,14,50,臺中市,神岡區,0,0,0,8,,,50,,,,,,,,,,,,,,,23,,,,,B12,,,3,,1,,,23,23,1,22,,B12,120.644455,24.277495,3
2022,2,20,14,57,臺中市,龍井區,0,2,0,6,1,5,40,4,1,1,4,4,5,7,2,1,1,4,4,2,3,23,2,9,1,1,C03,7,9,1,10,2,11,,23,23,1,18,8,C03,120.593021,24.182783,2
2022,2,20,14,58,臺中市,北區,0,0,0,6,,,50,,,,,,,,,,,,,,,18,,,,,C03,,,1,,11,,,18,18,2,22,,C03,120.685518,24.148398,3
2022,2,20,15,2,臺中市,大里區,0,1,0,6,1,5,50,14,9,1,4,4,5,7,4,4,10,4,5,1,17,40,3,10,3,4,B03,7,13,7,19,2,4,,40,40,1,22,8,B03,120.693713,24.085041,2
2022,2,20,15,10,臺中市,西屯區,0,0,0,6,,,1,,,,,,,,,,,,,,,19,,,,,B03,,,1,,2,,,19,19,1,1,,B03,120.666944,24.173823,3
2022,2,20,15,14,臺中市,神岡區,0,0,0,6,1,5,50,4,2,1,4,4,5,7,3,1,5,4,4,2,15,6,3,10,3,4,B03,7,9,1,8,3,1,,6,6,1,22,9,B03,120.680403,24.250396,3
2022,2,20,15,24,臺中市,西區,0,0,0,,,,50,,,,,,,,,,,,,,,23,,,,,B03,,,1,,2,,,23,23,1,21,,B03,120.659206,24.157178,3
2022,2,20,15,26,臺中市,西屯區,0,0,0,6,,,50,,,,,,,,,,,,,,,23,,,,,B03,,,1,,1,,,23,23,1,22,,B03,120.602301,24.182611,3
2022,2,20,15,37,臺中市,大甲區,0,2,0,6,1,5,50,3,2,1,4,4,5,7,1,1,5,2,5,1,13,23,2,9,1,1,B03,7,9,1,8,7,1,,23,23,1,20,8,B03,120.651189,24.374621,2
2022,2,20,15,38,臺中市,大甲區,0,1,0,6,1,5,50,11,13,1,4,4,5,7,4,4,9,5,5,1,25,13,2,9,1,1,B03,7,9,1,8,7,1,,13,13,1,4,8,B03,120.655645,24.388747,2
2022,2,20,15,49,臺中市,西屯區,0,0,0,6,,,50,,,,,,,,,,,,,,,18,,,,,B03,,,1,,1,,,18,18,1,22,,B03,120.646321,24.169709,3
2022,2,20,15,50,臺中市,南區,0,0,0,6,,,50,,,,,,,,,,,,,,,19,,,,,B03,,,1,,2,,,19,19,1,5,,B03,120.667413,24.118653,3
2022,2,20,15,50,臺中市,大肚區,0,1,0,6,1,5,40,11,8,1,4,4,5,7,4,4,1,4,1,2,23,23,2,9,1,1,C03,7,9,1,10,2,11,,23,23,1,21,8,C03,120.582,24.169661,2
2022,2,20,16,2,臺中市,神岡區,0,0,0,8,,,50,,,,,,,,,,,,,,,16,,,,,B03,,,1,,2,,,16,16,1,22,,B03,120.711788,24.257863,3
2022,2,20,16,4,臺中市,北區,0,0,0,,,,50,,,,,,,,,,,,,,,44,,,,,B03,,,1,,2,,,44,44,1,22,,B03,120.685079,24.151991,3
2022,2,20,16,5,臺中市,北屯區,0,0,0,6,,,50,,,,,,,,,,,,,,,23,,,,,B03,,,1,,1,,,23,23,1,22,,B03,120.703836,24.169491,3
2022,2,20,16,16,臺中市,大里區,0,1,0,6,1,5,50,14,9,1,4,4,5,7,4,4,4,4,5,1,14,12,3,10,1,1,B12,7,2,1,8,2,6,,12,12,1,22,5,B12,120.677728,24.11516,2
2022,2,20,16,20,臺中市,大肚區,0,0,0,6,,,30,,,,,,,,,,,,,,,6,,,,,B03,,,1,,2,,,6,6,1,4,,B03,120.537152,24.16893,3
2022,2,20,16,25,臺中市,大里區,0,0,0,6,,,50,,,,,,,,,,,,,,,12,,,,,B03,,,1,,2,,,12,12,1,20,,B03,120.689976,24.108882,3
2022,2,20,16,52,臺中市,西屯區,0,0,0,6,,,50,,,,,,,,,,,,,,,23,,,,,B03,,,1,,1,,,23,23,1,22,,B03,120.644783,24.178276,3
2022,2,20,16,55,臺中市,東區,0,0,0,,,,50,,,,,,,,,,,,,,,26,,,,,B03,,,1,,2,,,26,26,1,22,,B03,120.688433,24.134896,3
2022,2,20,17,2,臺中市,太平區,0,1,0,6,1,5,30,3,1,1,4,4,5,7,4,4,10,5,5,2,16,6,2,9,1,1,C03,7,5,1,10,2,14,,6,6,1,21,8,C03,120.703644,24.112422,2
2022,2,20,17,4,臺中市,南屯區,0,1,0,6,2,5,50,3,1,1,4,4,5,7,4,4,9,5,5,2,16,6,3,10,1,1,B03,7,6,1,8,2,6,,6,6,1,6,7,B03,120.645078,24.133374,2
2022,2,20,17,4,臺中市,豐原區,0,1,0,6,1,5,50,15,7,1,4,4,5,7,4,4,4,4,4,2,17,10,3,10,1,1,B03,7,11,1,8,2,7,,10,10,1,4,5,B03,120.734688,24.255644,2
2022,2,20,17,9,臺中市,西區,0,1,0,6,1,5,50,4,9,1,4,4,5,7,2,1,5,2,5,2,10,4,3,10,1,1,B03,7,9,1,8,2,1,,4,4,1,4,8,B03,120.661803,24.154396,2
2022,2,20,17,13,臺中市,南屯區,0,0,0,6,,,50,,,,,,,,,,,,,,,17,,,,,B03,,,1,,2,,,17,17,2,22,,B03,120.652242,24.152025,3
2022,2,20,17,17,臺中市,西屯區,0,0,0,6,,,40,,,,,,,,,,,,,,,23,,,,,B12,,,1,,11,,,23,23,1,22,,B12,120.620515,24.183528,3
2022,2,20,17,19,臺中市,太平區,0,0,0,6,,,30,,,,,,,,,,,,,,,12,,,,,B12,,,1,,1,,,12,12,1,4,,B12,120.713638,24.125897,3
2022,2,20,17,43,臺中市,南區,0,1,0,6,3,5,50,4,1,1,4,4,5,7,1,1,10,5,5,2,15,25,3,10,1,1,B03,7,9,1,8,2,6,,25,25,1,3,8,B03,120.662361,24.127011,2
2022,2,20,17,45,臺中市,大甲區,0,0,0,,,,40,,,,,,,,,,,,,,,12,,,,,B03,,,1,,2,,,12,12,1,20,,B03,120.619679,24.346104,3
2022,2,20,17,46,臺中市,大甲區,0,2,0,6,2,5,50,14,12,1,4,4,5,7,4,4,5,5,4,1,2,23,2,8,1,1,C03,7,9,1,10,2,11,,23,23,1,22,9,C03,120.623192,24.341595,2
2022,2,20,18,6,臺中市,霧峰區,0,1,0,6,3,5,50,4,1,1,4,4,5,7,4,4,10,5,5,2,16,6,2,4,1,1,C03,7,9,3,18,2,11,,6,6,1,22,8,C03,120.713123,24.078231,2
2022,2,20,18,9,臺中市,北區,0,1,0,6,3,5,40,14,8,1,4,4,1,7,4,4,1,4,5,2,18,23,2,9,1,1,C03,7,12,1,10,2,14,,23,23,1,5,8,C03,120.673562,24.163087,2
2022,2,20,18,13,臺中市,北區,0,2,0,6,3,5,50,4,1,1,4,4,5,7,1,1,5,4,5,1,16,8,2,8,3,4,C03,7,5,1,10,2,14,,8,8,1,22,9,C03,120.676962,24.159185,2
2022,2,20,18,14,臺中市,北屯區,0,0,0,6,,,50,,,,,,,,,,,,,,,26,,,,,B12,,,1,,2,,,26,26,1,21,,B12,120.697047,24.169516,3
2022,2,20,18,15,臺中市,南區,0,0,0,6,,,50,,,,,,,,,,,,,,,23,,,,,C03,,,7,19,11,,,23,23,1,21,,C03,120.652534,24.118022,4
2022,2,20,18,15,臺中市,太平區,0,0,0,6,,,50,,,,,,,,,,,,,,,42,,,,,B03,,,1,,2,,,42,42,1,21,,B03,120.723768,24.105611,3
2022,2,20,18,15,臺中市,沙鹿區,0,1,0,6,3,5,50,4,1,1,4,4,5,7,1,1,10,5,5,2,9,23,3,10,1,1,B03,7,6,6,8,2,1,,23,23,1,22,8,B03,120.575149,24.226689,2
2022,2,20,18,26,臺中市,東區,0,1,0,6,3,5,50,14,9,1,4,4,5,7,4,4,5,5,5,2,13,23,2,8,1,1,C03,7,9,1,10,2,11,,23,23,1,22,9,C03,120.691456,24.144248,2
2022,2,20,18,26,臺中市,南屯區,0,2,0,6,3,5,40,14,9,1,4,4,5,7,4,4,9,5,5,2,17,6,2,9,4,1,F01,7,15,8,20,2,15,,6,6,1,22,8,F01,120.643531,24.138085,2
2022,2,20,18,29,臺中市,西屯區,0,1,0,8,1,5,50,4,2,1,4,4,5,7,2,1,8,3,4,1,12,10,3,10,1,1,B03,7,11,1,8,2,6,,10,10,1,22,8,B03,120.636197,24.169354,2
2022,2,20,18,30,臺中市,沙鹿區,0,0,0,6,,,50,,,,,,,,,,,,,,,23,,,,,C03,,,1,,2,,,23,23,1,21,,C03,120.57551,24.226206,3
2022,2,20,18,30,臺中市,梧棲區,0,1,0,6,3,5,40,4,1,1,4,4,5,7,3,1,10,5,5,2,16,9,3,10,1,1,B03,7,6,1,8,2,2,,9,9,1,22,8,B03,120.534556,24.250419,2
2022,2,20,18,33,臺中市,烏日區,0,0,0,6,,,80,,,,,,,,,,,,,,,7,,,,,B03,,,1,,2,,,7,7,1,22,,B03,120.620709,24.116006,3
2022,2,20,18,36,臺中市,南屯區,0,2,0,6,1,5,50,4,1,1,4,4,5,7,2,1,10,5,5,2,3,23,2,9,1,1,C03,7,9,1,10,2,11,,23,23,1,22,8,C03,120.646456,24.12953,2
2022,2,20,18,36,臺中市,霧峰區,0,1,0,6,3,5,50,3,2,1,4,4,5,7,4,4,5,5,4,1,16,9,3,10,1,1,C03,7,6,1,10,2,13,,9,9,1,22,8,C03,120.699105,24.068096,2
2022,2,20,18,40,臺中市,西區,0,0,0,6,,,50,,,,,,,,,,,,,,,16,,,,,B03,,,1,,1,,,16,16,1,4,,B03,120.658876,24.140132,3
2022,2,20,18,42,臺中市,北區,0,0,0,6,,,50,,,,,,,,,,,,,,,17,,,,,B03,,,1,,2,,,17,17,1,22,,B03,120.672086,24.158801,3
2022,2,20,18,45,臺中市,西屯區,0,0,0,6,,,50,,,,,,,,,,,,,,,23,,,,,B03,,,1,,1,,,23,23,1,22,,B03,120.635937,24.171224,3
2022,2,20,18,45,臺中市,沙鹿區,0,0,0,6,,,40,,,,,,,,,,,,,,,12,,,,,B02,,,1,,2,,,12,12,1,22,,B02,120.581121,24.201807,3
2022,2,20,18,50,臺中市,東區,0,0,0,6,,,50,,,,,,,,,,,,,,,23,,,,,C03,,,1,,2,,,23,23,1,5,,C03,120.694441,24.14838,3
2022,2,20,19,2,臺中市,北區,0,2,0,6,3,5,40,14,9,1,4,4,5,7,4,4,10,5,5,1,13,16,2,8,3,4,C03,7,9,3,18,2,11,,16,16,1,22,9,C03,120.679298,24.165404,2