年,月,日,時,分,縣市,區,死,受傷,2-30,天候,光線,道路類別,速限,道路型態,事故位置,路面鋪裝,路面狀態,路面缺陷,障礙物,視距,號誌種類,號誌動作,分向設施,快車道或一般車道間,快慢車道間,路面邊線,事故類型及型態,主要肇因,受傷程度,主要傷處,保護裝備,行動電話,當事者區分,車輛用途,當事者行動狀態,駕駛資格情形,駕駛執照種類,飲酒情形,車輛撞擊部位最初,車輛撞擊部位其他,肇事因素個別,肇事因素主要,肇事逃逸,職業,旅次目的,車種,GPS緯度,GPS經度,事故類別
2022,2,21,20,11,臺中市,大里區,0,0,0,8,3,5,30,14,9,1,5,4,5,7,4,4,10,5,5,2,16,18,,,,,B03,,,1,,2,,,18,18,1,5,,B03,120.68912,24.108523,3
2022,2,21,20,13,臺中市,梧棲區,0,0,0,6,,,50,,,,,,,,,,,,,,,16,,,,,B03,,,1,,1,,,16,16,1,19,,B03,120.546737,24.245975,3
2022,2,21,20,16,臺中市,南屯區,0,1,0,6,3,5,50,3,1,1,4,4,3,7,4,4,10,5,5,2,16,6,3,10,1,1,C03,7,5,1,10,2,12,,6,6,1,5,4,C03,120.610209,24.138634,2
2022,2,21,20,23,臺中市,北區,0,0,0,6,,,50,,,,,,,,,,,,,,,23,,,,,B03,,,1,,2,,,23,23,1,22,,B03,120.668198,24.17028,3
2022,2,21,20,25,臺中市,南區,0,0,0,6,3,5,50,14,7,1,4,4,5,7,4,4,1,2,4,2,13,23,3,10,1,1,B11,7,9,1,8,2,1,,23,23,1,5,8,B11,120.671034,24.119158,3
2022,2,21,20,28,臺中市,東區,0,0,0,6,,,50,,,,,,,,,,,,,,,6,,,,,B03,,,1,8,2,,,6,6,1,21,,B03,120.708696,24.142723,3
2022,2,21,20,29,臺中市,潭子區,0,0,0,6,,,60,,,,,,,,,,,,,,,23,,,,,B03,,,1,,2,,,23,23,1,22,,B03,120.702369,24.191591,3
2022,2,21,20,30,臺中市,南屯區,0,0,0,6,,,50,,,,,,,,,,,,,,,23,,,,,B03,,,1,,2,,,23,23,1,22,,B03,120.609298,24.13856,3
2022,2,21,20,33,臺中市,龍井區,0,1,0,6,3,5,40,14,9,1,4,4,5,7,4,4,10,5,5,2,16,8,3,10,1,1,C03,7,5,1,10,2,11,,8,8,1,21,8,C03,120.580532,24.181552,2
2022,2,21,20,40,臺中市,烏日區,0,1,0,6,3,5,60,4,1,1,4,4,5,7,1,1,10,5,5,2,19,23,2,9,1,1,C03,7,9,1,10,2,14,,23,23,1,18,9,C03,120.645931,24.058745,2
2022,2,21,20,43,臺中市,大甲區,0,1,0,6,3,5,50,14,8,1,4,4,5,7,4,4,9,4,4,1,17,23,2,1,1,1,C03,7,9,1,8,2,11,,23,23,1,9,1,C03,120.64541,24.40838,2
2022,2,21,20,49,臺中市,南屯區,0,0,0,6,3,5,50,14,9,1,4,4,5,7,4,4,5,4,5,2,14,12,3,10,1,1,B03,7,2,1,8,2,3,,12,12,1,22,8,B03,120.648613,24.137078,3
2022,2,21,20,50,臺中市,大里區,0,0,0,6,3,5,50,14,9,1,4,4,5,7,4,4,5,5,5,2,14,12,,,,,B03,,,1,,2,,,12,12,1,5,,B03,120.676738,24.105165,3
2022,2,21,21,0,臺中市,南屯區,0,0,0,6,,,40,,,,,,,,,,,,,,,23,,,,,B12,,,1,,1,,,23,23,1,5,,B12,120.624034,24.151963,3
2022,2,21,21,8,臺中市,南屯區,0,0,0,6,,,50,,,,,,,,,,,,,,,16,,,,,B12,,,1,,1,,,16,16,1,22,,B12,120.648301,24.132069,3
2022,2,21,21,14,臺中市,潭子區,0,0,0,6,,,40,,,,,,,,,,,,,,,23,,,,,B03,,,1,,2,,,23,23,1,22,,B03,120.719574,24.213966,3
2022,2,21,21,15,臺中市,清水區,0,1,0,6,3,5,90,14,7,1,4,4,5,7,4,4,1,4,4,1,18,23,2,3,1,1,A11,7,9,1,3,2,1,5,23,23,1,5,1,A11,120.542668,24.265083,2
2022,2,21,21,20,臺中市,北屯區,0,1,0,6,3,5,50,3,1,1,4,4,5,7,4,4,5,5,4,2,13,23,2,9,1,1,C03,7,9,1,10,2,11,,23,23,1,22,8,C03,120.679525,24.176603,2
2022,2,21,21,24,臺中市,西屯區,0,0,0,6,,,30,,,,,,,,,,,,,,,44,,,,,B03,,,1,,1,,,44,44,1,22,,B03,120.651786,24.174881,3
2022,2,21,21,25,臺中市,沙鹿區,0,0,0,6,3,5,40,4,1,1,5,4,5,7,1,1,4,1,4,1,15,25,3,10,1,1,B11,7,6,1,8,2,7,,25,25,1,3,1,B11,120.560836,24.241137,3
2022,2,21,21,33,臺中市,東勢區,0,1,0,6,3,5,50,3,2,1,4,4,5,7,3,1,5,4,5,1,2,23,3,10,1,1,B03,7,5,1,7,2,1,,23,23,1,22,9,B03,120.840602,24.244846,2
2022,2,21,21,40,臺中市,南區,0,1,0,6,3,5,50,4,1,1,4,4,5,7,2,1,5,4,4,2,3,15,3,10,1,1,B03,7,5,1,8,2,1,,15,15,1,5,5,B03,120.683564,24.133208,2
2022,2,21,22,2,臺中市,南區,0,2,0,6,3,5,30,4,1,1,4,4,5,7,4,4,10,5,5,2,15,6,2,9,1,1,C03,7,9,1,10,2,12,,6,6,1,5,8,C03,120.682848,24.130741,2
2022,2,21,22,26,臺中市,后里區,0,1,0,6,3,5,50,14,9,1,4,4,5,6,4,4,9,5,5,1,11,43,,,,,,,,,,9,,,43,43,1,,,,120.72558,24.309053,2
2022,2,21,22,40,臺中市,西屯區,0,0,0,6,,,50,,,,,,,,,,,,,,,40,,,,,B03,,,1,,2,,,40,40,1,22,,B03,120.623124,24.174772,3
2022,2,21,22,48,臺中市,大雅區,0,0,0,6,,,30,,,,,,,,,,,,,,,23,,,,,B03,,,1,,2,,,23,23,1,22,,B03,120.671322,24.236709,3
2022,2,21,23,0,臺中市,北區,0,1,0,6,3,5,50,3,1,1,4,4,5,7,1,1,5,4,5,2,16,6,3,10,3,4,B03,7,5,6,18,11,8,,6,6,1,21,8,B03,120.676636,24.167014,2
2022,2,21,23,9,臺中市,南屯區,0,0,0,6,,,50,,,,,,,,,,,,,,,16,,,,,B03,,,1,,1,,,16,16,1,5,,B03,120.634578,24.146228,3
2022,2,21,23,20,臺中市,大里區,0,0,0,8,,,50,,,,,,,,,,,,,,,23,,,,,B03,,,1,,2,,,23,23,1,22,,B03,120.688078,24.10096,3
2022,2,21,23,37,臺中市,南區,0,1,0,6,3,5,40,14,8,1,4,4,5,7,4,4,5,5,4,2,17,23,2,9,1,1,C03,7,9,1,10,2,12,,23,23,1,22,8,C03,120.678513,24.133127,2
2022,2,22,2,0,臺中市,大里區,0,1,0,6,3,5,50,14,9,1,4,4,5,7,4,4,5,4,5,1,16,10,3,10,1,1,B03,7,11,1,8,2,4,,10,10,1,22,8,B03,120.687346,24.09839,2
2022,2,22,4,20,臺中市,西屯區,0,1,0,6,3,5,80,14,9,1,4,4,5,7,4,4,1,4,5,1,18,43,2,9,1,1,B03,7,9,6,18,6,8,,43,43,1,22,8,B03,120.659688,24.200833,2
2022,2,22,5,50,臺中市,龍井區,0,0,0,6,,,50,,,,,,,,,,,,,,,42,,,,,B03,,,1,,1,,,42,42,1,22,,B03,120.586532,24.181552,3
2022,2,22,6,0,臺中市,大肚區,0,0,0,6,,,30,,,,,,,,,,,,,,,23,,,,,B12,,,1,,2,,,23,23,1,2,,B12,120.543848,24.144047,3
2022,2,22,6,10,臺中市,北區,0,0,0,8,,,40,,,,,,,,,,,,,,,23,,,,,F03,,,8,,1,,,23,23,1,21,,F03,120.68283,24.158917,3
2022,2,22,6,50,臺中市,北屯區,0,1,0,6,1,5,50,4,1,1,4,4,5,7,3,1,10,5,5,2,16,6,2,9,1,1,F03,7,5,8,20,2,16,,6,6,1,22,8,F03,120.690746,24.163,2
2022,2,22,6,58,臺中市,沙鹿區,0,1,0,6,1,5,50,4,1,1,4,4,5,7,1,1,10,5,5,2,16,42,3,10,1,1,C03,7,9,1,10,2,12,,42,42,1,21,9,C03,120.566909,24.229288,2
2022,2,22,7,0,臺中市,南屯區,0,1,0,6,1,5,50,3,1,1,4,4,5,7,1,1,5,4,5,2,16,10,3,10,1,1,B03,7,11,1,8,2,6,,10,10,1,22,8,B03,120.612735,24.154131,2
2022,2,22,7,2,臺中市,太平區,0,0,0,8,,,50,,,,,,,,,,,,,,,23,,,,,C03,,,3,,2,,,23,23,1,19,,C03,120.7142,24.141354,3
2022,2,22,7,5,臺中市,后里區,0,1,0,6,1,5,40,4,2,1,4,4,5,7,1,1,1,4,4,2,13,25,2,9,1,1,C03,7,9,1,10,2,11,,25,25,1,22,8,C03,120.718437,24.314619,2
2022,2,22,7,10,臺中市,南區,0,0,0,6,,,50,,,,,,,,,,,,,,,23,,,,,B03,,,1,,2,,,23,23,1,22,,B03,120.656736,24.11387,3
2022,2,22,7,14,臺中市,豐原區,0,1,0,6,1,5,50,4,1,1,4,4,5,7,1,1,10,5,5,2,17,44,3,10,1,1,B03,7,1,1,8,2,4,,44,44,1,22,8,B03,120.726561,24.25574,2
2022,2,22,7,15,臺中市,太平區,0,1,0,6,1,5,50,5,1,1,4,4,5,7,1,1,10,5,5,2,20,23,2,8,1,1,C03,7,9,1,10,2,12,,23,23,1,21,8,C03,120.722274,24.112752,2
2022,2,22,7,17,臺中市,大甲區,0,1,0,6,1,5,50,14,9,1,4,4,5,7,4,4,5,4,4,1,12,7,2,9,1,1,C03,7,7,1,10,2,13,,7,7,1,22,2,C03,120.633588,24.356341,2
2022,2,22,7,19,臺中市,烏日區,0,1,0,6,1,5,40,14,8,1,4,4,5,7,4,4,9,5,4,1,16,10,3,10,1,1,B03,7,11,1,3,2,8,,10,10,1,22,8,B03,120.657145,24.095702,2
2022,2,22,7,28,臺中市,大肚區,0,0,0,6,,,60,,,,,,,,,,,,,,,23,,,,,B03,,,1,,11,,,23,23,1,21,,B03,120.582311,24.171476,3
2022,2,22,7,30,臺中市,南屯區,0,1,0,6,1,5,50,3,1,1,4,4,5,7,4,4,5,5,5,2,16,6,3,10,1,1,B03,7,6,1,8,2,1,,6,6,1,22,8,B03,120.611474,24.14745,2
2022,2,22,7,30,臺中市,大里區,0,0,0,8,1,5,80,14,7,1,5,4,5,7,4,4,1,3,5,1,13,16,,,,,B03,,,1,,2,,,16,16,1,5,,B03,120.690826,24.100951,3
2022,2,22,7,34,臺中市,東區,0,1,0,6,1,5,50,14,9,1,4,4,5,7,4,4,5,5,5,2,16,26,3,10,1,1,B03,7,11,1,8,2,7,,26,26,1,22,8,B03,120.70985,24.147125,2
2022,2,22,7,35,臺中市,霧峰區,0,1,0,6,1,5,50,4,1,1,4,4,5,7,1,1,10,5,5,2,16,6,3,10,1,1,B03,7,5,1,8,2,8,,6,6,1,12,8,B03,120.672807,24.044876,2
2022,2,22,7,35,臺中市,豐原區,0,0,0,6,,,50,,,,,,,,,,,,,,,17,,,,,B12,,,1,,2,,,17,17,1,22,,B12,120.732222,24.257872,3
2022,2,22,7,36,臺中市,清水區,0,0,0,6,1,5,50,14,13,1,4,4,5,7,4,4,1,4,4,1,14,12,3,10,1,1,B03,7,2,1,8,2,3,,12,12,1,5,1,B03,120.575202,24.278148,3
2022,2,22,7,37,臺中市,沙鹿區,0,1,0,6,1,5,50,3,1,1,4,4,5,7,2,1,10,5,5,2,17,7,3,10,1,1,B03,7,8,1,8,2,15,,7,7,1,4,1,B03,120.580643,24.21453,2
2022,2,22,7,40,臺中市,清水區,0,0,0,6,,,50,,,,,,,,,,,,,,,6,,,,,B12,,,1,,2,,,6,6,1,22,,B12,120.576876,24.268919,3
2022,2,22,7,40,臺中市,大甲區,0,0,0,6,1,5,50,14,9,1,3,4,5,6,4,4,5,4,5,1,13,16,3,10,3,1,B03,7,1,1,8,2,1,,16,16,1,21,1,B03,120.623301,24.352968,3
2022,2,22,7,42,臺中市,南區,0,1,0,6,1,5,40,4,2,1,4,4,5,7,1,1,1,4,4,2,12,23,2,8,1,1,F03,7,9,8,20,2,16,,23,23,1,22,8,F03,120.681105,24.128002,2
2022,2,22,7,44,臺中市,神岡區,0,0,0,6,,,50,,,,,,,,,,,,,,,23,,,,,C03,,,1,,1,,,23,23,1,12,,C03,120.687313,24.240761,3
2022,2,22,7,45,臺中市,大肚區,0,1,0,6,1,5,50,5,1,1,4,4,5,7,1,1,10,5,5,2,16,25,3,10,1,1,B03,7,5,1,8,2,5,,25,25,1,2,1,B03,120.54856,24.14229,2
2022,2,22,7,46,臺中市,豐原區,0,0,0,6,,,50,,,,,,,,,,,,,,,23,,,,,B03,,,1,,2,,,23,23,1,21,,B03,120.714844,24.257016,4
2022,2,22,7,47,臺中市,大雅區,0,1,0,6,1,5,50,14,8,1,4,4,5,7,4,4,9,4,4,1,17,7,2,9,1,1,C03,7,8,1,10,2,12,,7,7,1,22,9,C03,120.658765,24.220358,2
2022,2,22,7,47,臺中市,大肚區,0,1,0,6,1,5,30,3,2,1,4,4,5,7,4,4,10,5,5,2,16,8,2,9,1,1,F03,7,5,8,20,2,16,,8,8,1,2,1,F03,120.536713,24.165544,2
2022,2,22,7,48,臺中市,烏日區,0,1,0,6,1,5,30,13,9,1,4,4,5,7,4,4,10,5,5,1,11,23,2,9,1,1,C03,7,9,1,10,2,11,,23,23,1,21,8,C03,120.658483,24.056468,2
2022,2,22,7,49,臺中市,烏日區,0,1,0,6,1,5,30,3,1,1,4,4,5,7,4,4,10,5,5,2,16,6,3,10,1,1,B03,7,5,1,8,2,1,,6,6,1,22,8,B03,120.607308,24.120571,2
2022,2,22,7,50,臺中市,南區,0,1,0,6,1,5,50,4,1,1,4,4,5,7,4,4,10,5,5,2,13,23,3,10,1,1,C03,7,9,1,10,2,11,,23,23,1,22,8,C03,120.648483,24.122923,2
2022,2,22,7,50,臺中市,南屯區,0,1,0,6,1,5,50,14,7,1,4,4,5,7,4,4,5,4,4,2,17,42,2,8,1,1,C03,7,9,1,10,2,14,,42,42,1,22,8,C03,120.610887,24.145395,2
2022,2,22,7,52,臺中市,大里區,0,0,0,6,,,40,,,,,,,,,,,,,,,23,,,,,C03,,,1,,2,,,23,23,1,22,,C03,120.668201,24.098635,3
2022,2,22,7,53,臺中市,西屯區,0,1,0,6,2,5,50,14,9,1,4,4,5,7,4,4,9,4,5,2,17,7,3,10,1,1,C03,7,8,1,10,2,12,,7,7,1,22,8,C03,120.60955,24.191524,2
2022,2,22,7,55,臺中市,南屯區,0,0,0,6,,,50,,,,,,,,,,,,,,,7,,,,,B02,,,1,,1,,,7,7,1,22,,B02,120.646819,24.144783,3
2022,2,22,7,55,臺中市,北屯區,0,1,0,6,1,5,50,14,7,1,4,4,5,7,4,4,5,5,4,2,18,23,2,9,1,1,C03,7,9,1,10,2,15,,23,23,1,21,8,C03,120.697567,24.188361,2
2022,2,22,7,55,臺中市,霧峰區,0,1,0,6,1,5,30,14,9,1,4,4,5,7,4,4,10,5,5,1,29,23,2,9,1,1,C03,7,9,1,10,2,12,,23,23,1,12,8,C03,120.684515,24.06866,2
2022,2,22,7,55,臺中市,后里區,0,0,0,6,,,50,,,,,,,,,,,,,,,25,,,,,B03,,,1,,2,,,25,25,1,9,,B03,120.709839,24.305232,3
2022,2,22,7,56,臺中市,太平區,0,1,0,6,1,5,50,4,1,1,4,4,5,7,4,4,10,5,5,2,15,6,2,9,1,1,C03,7,9,6,10,2,12,,6,6,1,21,8,C03,120.716968,24.116678,2
2022,2,22,7,56,臺中市,神岡區,0,1,0,6,1,5,50,3,1,1,4,4,5,7,1,1,10,5,5,2,16,6,3,10,3,4,B03,7,5,1,8,2,2,,6,6,1,22,9,B03,120.684046,24.245008,2
2022,2,22,7,59,臺中市,神岡區,0,0,0,6,,,40,,,,,,,,,,,,,,,40,,,,,B03,,,1,,1,,,40,40,1,22,,B03,120.699301,24.236012,3
2022,2,22,8,0,臺中市,神岡區,0,1,0,6,1,5,60,14,8,1,4,4,5,7,4,4,1,4,4,1,17,7,3,10,1,1,B03,7,7,1,8,2,3,,7,7,1,12,8,B03,120.69697,24.234101,2
2022,2,22,8,0,臺中市,豐原區,0,1,0,6,1,5,30,3,1,1,4,4,5,7,4,4,10,5,5,2,16,6,3,10,3,4,B03,7,5,1,8,2,5,,6,6,1,22,8,B03,120.72293,24.277222,2
2022,2,22,8,3,臺中市,豐原區,0,0,0,6,,,50,,,,,,,,,,,,,,,6,,,,,B03,,,1,,2,,,6,6,1,22,,B03,120.711538,24.239733,3
2022,2,22,8,5,臺中市,西屯區,0,1,0,8,1,5,40,14,7,1,5,4,5,7,4,4,5,4,4,2,13,44,3,10,1,1,B12,7,8,1,8,2,7,,44,44,1,22,8,B12,120.65682,24.16141,2
2022,2,22,8,6,臺中市,南區,0,0,0,6,,,50,,,,,,,,,,,,,,,6,,,,,B03,,,1,,2,,,6,6,1,22,,B03,120.648505,24.11451,3
2022,2,22,8,7,臺中市,北屯區,0,1,0,6,1,5,50,14,9,1,4,4,5,7,4,4,1,4,5,2,12,19,3,10,1,1,B03,7,1,1,8,2,4,,19,19,1,21,8,B03,120.681933,24.174943,2
2022,2,22,8,11,臺中市,大肚區,0,0,0,6,,,30,,,,,,,,,,,,,,,6,,,,,B12,,,1,,2,,,6,6,1,2,,B12,120.552687,24.13848,3
2022,2,22,8,12,臺中市,北屯區,0,0,0,6,,,50,,,,,,,,,,,,,,,42,,,,,B03,,,1,,1,,,42,42,1,21,,B03,120.686095,24.201456,3
2022,2,22,8,17,臺中市,南區,0,1,0,6,1,5,50,3,1,1,4,4,5,7,4,4,10,5,5,2,17,10,3,10,1,1,B03,7,11,1,8,2,2,,10,10,1,22,8,B03,120.645941,24.112152,2
2022,2,22,8,18,臺中市,龍井區,0,0,0,6,,,40,,,,,,,,,,,,,,,23,,,,,C03,,,1,,11,,,23,23,1,21,,C03,120.586398,24.18808,3
2022,2,22,8,20,臺中市,南屯區,0,0,0,6,,,50,,,,,,,,,,,,,,,23,,,,,B03,,,1,,2,,,23,23,1,22,,B03,120.649094,24.148852,3
2022,2,22,8,21,臺中市,豐原區,0,0,0,,,,50,,,,,,,,,,,,,,,17,,,,,B03,,,1,,9,,,17,17,1,22,,B03,120.712205,24.240983,3
2022,2,22,8,22,臺中市,東區,0,0,0,6,,,50,,,,,,,,,,,,,,,16,,,,,B03,,,1,,2,,,16,16,1,22,,B03,120.700518,24.147158,3
2022,2,22,8,23,臺中市,西屯區,0,0,0,6,,,50,,,,,,,,,,,,,,,23,,,,,B03,,,1,,1,,,23,23,1,22,,B03,120.643593,24.171921,3
2022,2,22,8,27,臺中市,沙鹿區,0,1,0,6,1,5,30,4,1,1,4,4,5,7,3,1,1,2,5,1,15,6,3,10,1,1,B03,7,9,1,8,2,5,,6,6,1,19,8,B03,120.569013,24.253505,2
2022,2,22,8,29,臺中市,南屯區,0,0,0,6,,,50,,,,,,,,,,,,,,,16,,,,,B12,,,1,,1,,,16,16,1,9,,B12,120.62299,24.14515,3
2022,2,22,8,30,臺中市,西區,0,1,0,6,1,5,50,5,1,1,4,4,5,7,1,1,10,5,5,2,18,23,2,9,1,1,C03,7,9,1,10,2,14,,23,23,1,21,8,C03,120.662595,24.132143,2
2022,2,22,8,32,臺中市,太平區,0,1,0,6,1,5,50,14,22,1,4,4,5,7,4,4,10,5,5,2,18,23,,,,,,,,,,,,,,,,,,,120.715955,24.149227,2
2022,2,22,8,37,臺中市,西區,0,2,0,6,1,5,50,14,9,1,4,4,5,7,4,4,5,5,5,2,16,10,2,9,1,1,C03,7,11,1,10,2,11,,10,10,1,2,9,C03,120.669012,24.152516,2
2022,2,22,8,38,臺中市,豐原區,0,2,0,6,1,5,50,3,1,1,4,4,5,7,4,4,5,5,4,2,12,17,2,6,1,1,C03,7,5,1,10,2,14,11,17,17,1,19,7,C03,120.718741,24.256612,2
2022,2,22,8,40,臺中市,太平區,0,1,0,6,1,5,50,5,1,1,4,4,5,7,2,1,10,5,5,2,16,9,3,10,1,1,B03,7,6,1,8,2,2,,9,9,1,21,8,B03,120.724564,24.149605,2
2022,2,22,8,40,臺中市,龍井區,0,0,0,6,,,30,,,,,,,,,,,,,,,42,,,,,C03,,,1,,2,,,42,42,1,21,,C03,120.523828,24.206099,4
2022,2,22,8,50,臺中市,東區,0,0,0,6,1,5,50,14,9,1,4,4,5,7,4,4,9,4,5,2,12,23,3,10,1,1,B03,7,9,1,8,2,2,,23,23,1,22,8,B03,120.696523,24.125804,3
2022,2,22,8,56,臺中市,外埔區,0,0,0,6,1,5,50,14,9,1,4,4,5,6,4,4,9,5,5,1,14,12,,,,,A11,,,1,,2,,,12,12,1,10,,A11,120.644439,24.334351,3
2022,2,22,9,5,臺中市,南區,0,1,0,6,1,5,40,14,8,1,4,4,5,7,4,4,1,4,4,2,18,42,2,9,1,1,C03,7,9,1,10,2,15,,42,42,1,22,8,C03,120.661414,24.109534,2
2022,2,22,9,8,臺中市,南屯區,0,0,0,6,,,60,,,,,,,,,,,,,,,23,,,,,B03,,,1,,2,,,23,23,1,4,,B03,120.623241,24.137107,3
2022,2,22,9,9,臺中市,外埔區,0,0,0,6,,,40,,,,,,,,,,,,,,,19,,,,,B03,,,1,,2,,,19,19,1,22,,B03,120.637293,24.341628,3
2022,2,22,9,10,臺中市,西區,0,1,0,6,1,5,50,4,2,1,4,4,5,7,1,1,5,2,5,2,13,42,2,9,1,1,C03,7,9,1,10,2,12,11,42,42,1,5,8,C03,120.653153,24.153342,2
2022,2,22,9,19,臺中市,北屯區,0,0,0,6,1,5,50,14,9,1,4,4,5,7,4,4,1,4,5,2,13,7,3,10,1,1,B03,7,8,1,8,7,8,,7,7,1,5,8,B03,120.6844,24.1722,3
2022,2,22,9,22,臺中市,烏日區,0,0,0,,,,50,,,,,,,,,,,,,,,12,,,,,B03,,,1,,2,,,12,12,1,21,,B03,120.64269,24.111573,3
2022,2,22,9,30,臺中市,霧峰區,0,1,0,6,1,5,30,3,1,1,4,4,5,7,4,4,10,5,5,2,16,6,2,8,1,1,C03,7,5,1,10,2,11,,6,6,1,12,8,C03,120.695538,24.041503,2
2022,2,22,9,35,臺中市,大里區,0,0,0,6,,,40,,,,,,,,,,,,,,,16,,,,,B03,,,1,,2,,,16,16,1,22,,B03,120.690704,24.098029,3
2022,2,22,9,45,臺中市,南屯區,0,1,0,6,1,5,50,4,1,1,4,4,5,7,4,4,5,5,5,2,15,6,3,10,1,1,B03,7,9,1,8,2,6,,6,6,1,22,8,B03,120.639922,24.138802,2
2022,2,22,9,57,臺中市,西屯區,0,1,0,6,1,5,50,14,9,1,4,4,5,7,4,4,1,4,5,2,13,16,2,9,1,1,C03,7,9,1,10,2,11,,16,16,1,22,8,C03,120.651707,24.165824,2
2022,2,22,10,6,臺中市,潭子區,0,1,0,6,1,5,50,3,1,1,4,4,5,7,4,4,9,5,5,1,13,23,2,9,1,1,C03,7,4,1,10,2,11,,23,23,1,22,8,C03,120.713262,24.205388,2
2022,2,22,10,11,臺中市,西屯區,0,0,0,6,,,50,,,,,,,,,,,,,,,23,,,,,B03,,,1,,1,,,23,23,1,22,,B03,120.636239,24.17103,3
2022,2,22,10,16,臺中市,東區,0,1,0,6,1,5,50,14,11,1,4,4,5,7,4,4,9,5,5,2,16,6,3,10,1,1,C03,7,5,1,10,2,11,,6,6,1,22,8,C03,120.707015,24.148896,2
2022,2,22,10,16,臺中市,大甲區,0,0,0,6,,,50,,,,,,,,,,,,,,,6,,,,,B03,,,1,,1,,,6,6,1,22,,B03,120.622493,24.346158,3
2022,2,22,10,17,臺中市,北屯區,0,0,0,6,,,50,,,,,,,,,,,,,,,26,,,,,B12,,,1,,2,,,26,26,1,21,,B12,120.689,24.173793,3
2022,2,22,10,20,臺中市,大肚區,0,0,0,6,,,50,,,,,,,,,,,,,,,25,,,,,B03,,,1,,2,,,25,25,1,2,,B03,120.543087,24.162863,3
2022,2,22,10,21,臺中市,西區,0,1,0,6,1,5,50,14,9,1,4,4,5,7,1,1,5,5,5,2,13,23,2,9,1,1,C03,7,9,1,10,1,11,,23,23,1,5,8,C03,120.676092,24.132763,2
2022,2,22,10,25,臺中市,大里區,0,0,0,6,,,30,,,,,,,,,,,,,,,42,,,,,A12,,,1,,2,,,42,42,1,5,,A12,120.688535,24.100763,3
2022,2,22,10,30,臺中市,神岡區,0,1,0,6,1,5,30,14,9,1,4,4,5,7,4,4,10,5,5,1,17,16,3,10,1,1,B12,7,9,1,8,2,5,,16,16,1,12,8,B12,120.703716,24.265166,2
2022,2,22,10,31,臺中市,龍井區,0,0,0,6,,,50,,,,,,,,,,,,,,,23,,,,,B02,,,1,,11,,,23,23,1,21,,B02,120.581485,24.175183,3
2022,2,22,10,38,臺中市,南區,0,2,0,6,1,5,50,14,9,1,4,4,5,7,4,4,9,5,5,2,12,7,2,9,1,1,C03,7,10,1,10,2,12,,7,7,1,22,8,C03,120.656311,24.124305,2
2022,2,22,10,40,臺中市,西屯區,0,1,0,6,1,5,40,14,8,1,4,4,5,7,4,4,1,4,3,2,13,16,2,8,1,1,C03,7,9,1,10,2,11,,16,16,1,22,8,C03,120.606765,24.183899,2
2022,2,22,10,42,臺中市,大肚區,0,1,0,6,1,5,30,4,1,1,4,4,5,7,4,4,10,5,5,2,15,6,2,9,1,1,C03,7,9,1,10,2,11,,6,6,1,2,1,C03,120.56976,24.114674,2
2022,2,22,10,46,臺中市,東區,0,1,0,6,1,5,40,4,1,1,4,4,5,7,4,4,10,5,5,2,15,6,2,9,1,1,C03,7,9,1,10,2,12,,6,6,1,22,8,C03,120.703819,24.146905,2
2022,2,22,10,47,臺中市,北區,0,1,0,6,1,5,50,14,9,1,4,4,5,7,1,1,1,4,5,2,9,42,3,10,1,1,A02,7,15,1,6,2,15,,42,42,1,22,8,A02,120.67192,24.171681,2
2022,2,22,10,48,臺中市,大雅區,0,1,0,6,1,5,30,5,1,1,4,4,5,7,4,4,10,4,5,1,17,6,3,10,1,1,B02,7,6,1,8,2,8,,6,6,1,22,9,B02,120.638885,24.230347,2
2022,2,22,11,0,臺中市,西區,0,1,0,6,1,5,50,3,2,1,4,4,5,7,4,4,5,4,4,2,18,23,2,9,1,1,C03,7,9,1,10,2,12,,23,23,1,5,8,C03,120.665276,24.149579,2
2022,2,22,11,5,臺中市,霧峰區,0,1,0,6,1,5,50,4,1,1,4,4,5,7,1,1,10,5,5,2,15,25,2,9,1,1,C03,7,9,1,10,2,11,,25,25,1,12,8,C03,120.697192,24.05954,2
2022,2,22,11,8,臺中市,西屯區,0,0,0,6,,,50,,,,,,,,,,,,,,,23,,,,,B03,,,1,,1,,,23,23,1,22,,B03,120.657434,24.168217,3
2022,2,22,11,15,臺中市,南區,0,1,0,6,1,5,50,4,9,1,4,4,5,7,4,4,10,5,5,2,12,44,3,10,1,1,C03,7,5,1,10,2,14,,44,44,1,22,8,C03,120.663394,24.119716,2
2022,2,22,11,22,臺中市,梧棲區,0,1,0,6,1,5,50,4,1,1,4,4,5,7,1,1,10,5,5,2,16,23,3,10,1,1,B12,7,9,1,8,2,1,,23,23,1,3,8,B12,120.538681,24.249161,2
2022,2,22,11,23,臺中市,豐原區,0,1,0,6,1,5,50,14,7,1,4,4,5,7,4,4,4,5,4,2,18,42,2,9,1,1,C04,7,9,1,10,2,11,,42,42,1,4,5,C04,120.718833,24.250422,2
2022,2,22,11,30,臺中市,沙鹿區,0,0,0,6,,,50,,,,,,,,,,,,,,,7,,,,,B02,,,1,,2,,,7,7,1,9,,B02,120.560598,24.24034,3
2022,2,22,11,33,臺中市,南屯區,0,0,0,,,,40,,,,,,,,,,,,,,,7,,,,,D02,,,1,,2,,,7,7,1,22,,D02,120.622891,24.145577,3