年,月,日,時,分,縣市,區,死,受傷,2-30,天候,光線,道路類別,速限,道路型態,事故位置,路面鋪裝,路面狀態,路面缺陷,障礙物,視距,號誌種類,號誌動作,分向設施,快車道或一般車道間,快慢車道間,路面邊線,事故類型及型態,主要肇因,受傷程度,主要傷處,保護裝備,行動電話,當事者區分,車輛用途,當事者行動狀態,駕駛資格情形,駕駛執照種類,飲酒情形,車輛撞擊部位最初,車輛撞擊部位其他,肇事因素個別,肇事因素主要,肇事逃逸,職業,旅次目的,車種,GPS緯度,GPS經度,事故類別
2022,2,22,11,40,臺中市,南屯區,0,0,0,6,,,40,,,,,,,,,,,,,,,12,,,,,B12,,,1,,1,,,12,12,1,4,,B12,120.615728,24.148714,3
2022,2,22,11,48,臺中市,大雅區,0,0,0,8,,,30,,,,,,,,,,,,,,,23,,,,,A11,,,1,,2,,,23,23,1,22,,A11,120.628029,24.240426,3
2022,2,22,11,48,臺中市,沙鹿區,0,1,0,6,1,5,40,4,2,1,4,4,5,7,1,1,10,5,5,2,17,40,3,10,1,1,B03,7,15,1,7,2,4,,40,40,1,21,8,B03,120.570926,24.216411,2
2022,2,22,11,52,臺中市,烏日區,0,2,0,6,1,5,60,4,2,1,4,4,5,7,1,1,1,3,3,1,13,23,2,3,1,1,B03,7,9,1,8,2,1,,23,23,1,21,8,B03,120.647073,24.0731,2
2022,2,22,11,55,臺中市,大甲區,0,0,0,6,,,50,,,,,,,,,,,,,,,16,,,,,C03,,,1,,1,,,16,16,1,5,,C03,120.6242,24.34673,3
2022,2,22,12,0,臺中市,神岡區,0,0,0,8,,,50,,,,,,,,,,,,,,,17,,,,,B03,,,1,,2,,,17,17,1,22,,B03,120.709725,24.259126,3
2022,2,22,12,3,臺中市,南區,0,1,0,6,1,5,50,5,1,1,4,4,5,7,4,4,10,5,5,2,17,43,2,9,1,1,C03,7,6,1,10,2,15,,43,43,1,22,8,C03,120.667299,24.123699,2
2022,2,22,12,4,臺中市,豐原區,0,0,0,6,,,50,,,,,,,,,,,,,,,12,,,,,B03,,,1,,2,,,12,12,1,21,,B03,120.705752,24.252577,3
2022,2,22,12,10,臺中市,大安區,0,1,0,6,1,5,50,3,1,1,4,4,5,7,1,1,5,5,5,2,16,25,2,9,1,1,C03,7,5,1,10,2,12,,25,25,1,9,8,C03,120.604768,24.359201,2
2022,2,22,12,17,臺中市,豐原區,0,1,0,6,1,5,40,14,9,1,4,4,5,7,1,1,5,4,5,1,18,42,2,9,3,4,C03,7,9,1,10,2,15,,42,42,1,22,8,C03,120.711653,24.240008,2
2022,2,22,12,26,臺中市,龍井區,0,1,0,6,1,5,60,4,1,1,4,4,5,7,1,1,1,4,5,1,16,8,2,9,1,1,B12,7,5,1,8,2,7,,8,8,1,21,8,B12,120.52207,24.21642,2
2022,2,22,12,27,臺中市,南屯區,0,0,0,6,,,50,,,,,,,,,,,,,,,23,,,,,B03,,,1,,1,,,23,23,1,22,,B03,120.636772,24.153488,3
2022,2,22,12,39,臺中市,太平區,0,1,0,6,1,5,50,14,9,1,4,4,5,7,4,4,5,4,5,1,17,19,3,10,1,1,B03,7,1,1,8,2,8,,19,19,1,21,8,B03,120.715532,24.127022,2
2022,2,22,12,39,臺中市,豐原區,0,1,0,6,1,5,50,14,7,1,4,4,5,7,4,4,5,5,4,2,29,23,2,9,3,4,C03,7,9,1,10,2,12,,23,23,1,22,8,C03,120.713508,24.247722,2
2022,2,22,12,51,臺中市,太平區,0,0,0,6,,,40,,,,,,,,,,,,,,,12,,,,,B12,,,1,,2,,,12,12,1,10,,B12,120.710811,24.159009,3
2022,2,22,13,10,臺中市,南屯區,0,1,0,6,1,5,50,4,2,1,4,4,5,7,1,1,5,4,4,2,16,9,3,10,1,1,B03,7,6,1,8,2,2,,9,9,1,22,8,B03,120.646629,24.140096,2
2022,2,22,13,10,臺中市,烏日區,0,0,0,6,,,70,,,,,,,,,,,,,,,7,,,,,A02,,,1,,2,,,7,7,1,21,,A02,120.592439,24.113425,4
2022,2,22,13,22,臺中市,南屯區,0,0,0,6,,,30,,,,,,,,,,,,,,,1,,,,,C03,,,1,,1,,,1,1,1,4,,C03,120.65062,24.14716,3
2022,2,22,13,23,臺中市,西屯區,0,1,0,7,1,5,40,14,8,1,5,4,5,7,4,4,1,4,3,2,12,43,3,10,1,1,B03,7,6,1,8,2,2,,43,43,1,22,8,B03,120.616861,24.182535,2
2022,2,22,13,24,臺中市,豐原區,0,1,0,6,1,5,50,4,1,1,4,4,5,7,4,4,5,5,4,2,15,6,3,10,1,1,B03,7,9,1,8,2,5,1,6,6,1,21,8,B03,120.734754,24.24731,2
2022,2,22,13,38,臺中市,西屯區,0,0,0,8,,,30,,,,,,,,,,,,,,,17,,,,,B03,,,1,,1,,,17,17,1,22,,B03,120.640566,24.160316,3
2022,2,22,13,40,臺中市,豐原區,0,0,0,6,,,50,,,,,,,,,,,,,,,18,,,,,B03,,,1,,2,,,18,18,1,21,,B03,120.730611,24.252091,3
2022,2,22,13,41,臺中市,北屯區,0,1,0,6,1,5,50,4,1,1,4,4,4,7,1,1,10,5,5,2,12,6,2,9,1,1,C03,7,9,1,10,2,14,,23,6,1,21,8,C03,120.702355,24.182213,2
2022,2,22,13,56,臺中市,烏日區,0,0,0,,,,50,,,,,,,,,,,,,,,18,,,,,B03,,,1,,2,,,18,18,1,22,,B03,120.63789,24.108411,3
2022,2,22,13,59,臺中市,西區,0,1,0,7,1,5,50,4,1,1,4,4,5,7,4,4,10,5,5,2,16,6,2,8,1,1,C03,7,5,1,10,2,11,,6,6,1,4,8,C03,120.67364,24.150956,2
2022,2,22,13,59,臺中市,大甲區,0,1,0,6,1,5,40,3,1,1,4,4,5,7,1,1,10,5,5,2,17,42,2,9,1,1,C03,7,9,1,10,2,11,,42,42,1,5,8,C03,120.61489,24.33373,2
2022,2,22,14,0,臺中市,西屯區,0,1,0,8,1,5,30,14,9,1,5,4,5,7,4,4,5,4,5,2,11,5,2,9,1,1,C03,7,9,1,10,2,14,,5,5,1,22,8,C03,120.614436,24.168851,2
2022,2,22,14,4,臺中市,豐原區,0,1,0,6,1,5,30,11,9,1,4,4,5,7,4,4,10,5,5,2,17,17,2,8,1,1,C03,7,9,1,8,2,12,,17,17,1,4,1,C03,120.708444,24.2406,2
2022,2,22,14,8,臺中市,北屯區,0,0,0,6,,,50,,,,,,,,,,,,,,,6,,,,,B03,,,1,,2,,,6,6,1,21,,B03,120.686835,24.180183,3
2022,2,22,14,12,臺中市,西屯區,0,0,0,6,,,50,,,,,,,,,,,,,,,23,,,,,B12,,,1,,1,,,23,23,1,22,,B12,120.656991,24.201674,3
2022,2,22,14,16,臺中市,西區,0,2,0,7,1,5,40,14,7,1,4,4,5,7,4,4,5,5,4,2,12,35,3,10,1,1,A11,7,13,1,7,2,15,,35,35,1,5,8,A11,120.655235,24.15185,2
2022,2,22,14,18,臺中市,大里區,0,0,0,6,,,50,,,,,,,,,,,,,,,42,,,,,B03,,,1,,2,,,42,42,1,22,,B03,120.68965,24.11567,3
2022,2,22,14,28,臺中市,豐原區,0,1,0,6,1,5,50,4,1,1,4,4,5,7,1,1,10,5,5,2,17,42,3,10,1,1,B03,7,6,1,8,2,15,,42,42,1,22,8,B03,120.736116,24.260981,2
2022,2,22,14,29,臺中市,東區,0,1,0,7,1,5,30,13,9,1,4,4,5,7,4,4,10,5,5,2,8,12,3,10,1,1,B12,7,2,1,8,2,3,,12,12,1,22,8,B12,120.687752,24.129264,2
2022,2,22,14,35,臺中市,沙鹿區,0,1,0,6,1,5,30,11,9,1,4,4,5,1,4,4,10,5,5,2,16,23,3,10,1,1,B12,7,9,1,8,2,4,,23,23,1,21,9,B12,120.558254,24.221187,2
2022,2,22,14,43,臺中市,和平區,0,0,0,6,1,2,40,11,9,1,4,4,5,7,4,4,10,5,5,1,11,17,3,10,1,1,B03,7,5,1,8,2,4,,17,17,1,22,9,B03,121.275536,24.296677,3
2022,2,22,14,46,臺中市,太平區,0,1,0,6,1,5,50,14,22,1,4,4,5,7,4,4,10,5,5,2,17,19,3,10,1,1,B03,7,1,1,8,2,7,,19,19,1,21,8,B03,120.733266,24.154223,2
2022,2,22,14,47,臺中市,西區,0,0,0,6,,,50,,,,,,,,,,,,,,,17,,,,,B03,,,1,,1,,,17,17,1,5,,B03,120.673807,24.151091,3
2022,2,22,14,50,臺中市,霧峰區,0,0,0,6,,,40,,,,,,,,,,,,,,,26,,,,,B03,,,1,,2,,,26,26,1,12,,B03,120.662836,24.062108,3
2022,2,22,15,2,臺中市,東區,0,1,0,6,1,5,50,3,1,1,4,4,5,7,1,1,10,5,5,2,17,19,3,10,1,1,C03,7,1,3,18,2,15,,19,19,1,5,8,C03,120.7015,24.138087,2
2022,2,22,15,18,臺中市,后里區,0,0,0,8,,,50,,,,,,,,,,,,,,,12,,,,,B03,,,1,,2,,,12,12,1,20,,B03,120.719619,24.30932,3
2022,2,22,15,19,臺中市,南區,0,1,0,6,1,5,50,14,9,1,4,4,5,7,4,4,1,4,5,2,18,23,2,9,1,1,C03,7,9,1,10,2,14,,23,23,1,21,8,C03,120.679404,24.123518,2
2022,2,22,15,19,臺中市,太平區,0,0,0,6,,,30,,,,,,,,,,,,,,,23,,,,,B12,,,1,,2,,,23,23,1,3,,B12,120.716302,24.146862,3
2022,2,22,15,28,臺中市,南屯區,0,1,0,6,1,5,50,14,9,1,4,4,5,7,4,4,9,4,5,2,16,26,3,10,1,1,B03,7,11,1,8,2,4,,26,26,1,20,2,B03,120.632281,24.158427,2
2022,2,22,15,30,臺中市,南屯區,0,0,0,6,,,50,,,,,,,,,,,,,,,23,,,,,B03,,,1,,1,,,23,23,1,22,,B03,120.633611,24.122777,3
2022,2,22,15,34,臺中市,太平區,0,0,0,6,,,80,,,,,,,,,,,,,,,7,,,,,A11,,,1,,2,,,7,7,1,21,,A11,120.717098,24.155678,3
2022,2,22,15,36,臺中市,西屯區,0,2,0,6,1,5,30,3,2,1,4,4,5,7,4,4,5,4,4,2,16,6,2,9,3,4,C03,7,6,1,10,2,11,,6,6,1,22,8,C03,120.646019,24.172839,2
2022,2,22,15,40,臺中市,梧棲區,0,1,0,6,1,5,50,4,1,1,4,4,5,7,2,1,10,5,5,2,13,6,2,9,1,1,C03,7,5,1,10,2,13,,6,6,1,5,8,C03,120.545059,24.226991,2
2022,2,22,15,41,臺中市,西屯區,0,1,0,6,1,5,40,14,8,1,4,4,5,7,4,4,1,4,1,1,13,23,3,10,1,1,C03,7,9,1,10,2,11,,23,23,1,1,9,C03,120.641071,24.167903,2
2022,2,22,15,42,臺中市,大甲區,0,0,0,8,,,70,,,,,,,,,,,,,,,42,,,,,B03,,,1,,2,,,42,42,1,21,,B03,120.63931,24.36332,3
2022,2,22,15,44,臺中市,大里區,0,0,0,6,,,50,,,,,,,,,,,,,,,23,,,,,B12,,,1,,2,,,23,23,1,22,,B12,120.685511,24.095409,3
2022,2,22,15,48,臺中市,東區,0,1,0,6,1,5,50,14,8,1,4,4,5,7,4,4,5,5,4,2,12,7,3,10,1,1,B03,7,8,6,8,2,5,,7,7,1,5,8,B03,120.698594,24.13901,2
2022,2,22,15,50,臺中市,潭子區,0,1,0,6,1,5,50,14,9,1,4,4,5,7,4,4,5,4,5,1,16,6,3,10,1,1,B03,7,5,1,8,2,1,,6,6,1,22,8,B03,120.702668,24.215719,2
2022,2,22,15,51,臺中市,太平區,0,0,0,6,,,50,,,,,,,,,,,,,,,23,,,,,B12,,,1,,2,,,23,23,1,21,,B12,120.715954,24.134554,3
2022,2,22,16,5,臺中市,南屯區,0,2,0,6,1,5,50,4,2,1,4,4,5,7,4,4,5,5,4,2,16,6,3,10,1,1,B12,7,6,1,8,2,5,,6,6,1,22,8,B12,120.632923,24.138669,2
2022,2,22,16,18,臺中市,南區,0,0,0,6,,,50,,,,,,,,,,,,,,,23,,,,,B03,,,1,8,2,,,23,23,1,21,,B03,120.659602,24.11923,3
2022,2,22,16,18,臺中市,太平區,0,0,0,8,,,30,,,,,,,,,,,,,,,23,,,,,B03,,,1,,2,,,23,23,1,19,,B03,120.718895,24.119079,3
2022,2,22,16,20,臺中市,烏日區,0,0,0,6,,,60,,,,,,,,,,,,,,,23,,,,,B03,,,1,,2,,,23,23,1,21,,B03,120.647273,24.062792,3
2022,2,22,16,23,臺中市,南屯區,0,0,0,,,,50,,,,,,,,,,,,,,,7,,,,,B12,,,1,,1,,,7,7,1,22,,B12,120.601968,24.159674,3
2022,2,22,16,25,臺中市,東區,0,0,0,6,,,50,,,,,,,,,,,,,,,23,,,,,B03,,,1,,2,,,23,23,1,5,,B03,120.692964,24.147912,3
2022,2,22,16,33,臺中市,沙鹿區,0,1,0,6,1,5,40,3,8,1,4,4,5,7,4,4,1,3,1,1,16,9,3,10,1,1,B03,7,6,6,18,2,8,,9,9,1,22,8,B03,120.580081,24.219697,2
2022,2,22,16,36,臺中市,豐原區,0,1,0,7,1,5,30,3,1,1,4,4,5,7,4,4,10,5,5,2,18,42,2,9,3,4,C03,7,9,1,10,2,14,,42,42,1,22,8,C03,120.716141,24.248549,2
2022,2,22,16,40,臺中市,烏日區,0,0,0,8,,,50,,,,,,,,,,,,,,,23,,,,,C03,,,1,,2,,,23,23,1,21,,C03,120.646727,24.056284,3
2022,2,22,16,52,臺中市,西屯區,0,0,0,6,,,30,,,,,,,,,,,,,,,42,,,,,B03,,,1,,2,,,42,42,1,22,,B03,120.616525,24.190381,3
2022,2,22,16,54,臺中市,南區,0,1,0,8,1,5,50,4,2,1,5,4,5,7,2,1,1,4,5,2,17,42,2,9,1,4,C03,7,9,1,10,2,14,,42,42,1,21,8,C03,120.66907,24.128542,2
2022,2,22,16,54,臺中市,豐原區,0,0,0,6,,,50,,,,,,,,,,,,,,,23,,,,,B03,,,1,,1,,,23,23,1,21,,B03,120.707341,24.250191,4
2022,2,22,16,59,臺中市,太平區,0,1,0,7,1,5,50,14,13,1,4,4,5,7,4,4,5,5,5,1,16,1,2,1,1,1,C03,7,4,1,10,2,11,,1,1,1,3,8,C03,120.71292,24.124162,2
2022,2,22,17,2,臺中市,豐原區,0,2,0,6,1,5,50,4,1,1,4,4,5,7,1,1,10,5,5,2,17,23,2,9,1,1,C03,7,9,1,10,2,13,,23,23,1,22,8,C03,120.704186,24.231571,2
2022,2,22,17,3,臺中市,南區,0,1,0,6,1,5,50,14,8,1,4,4,5,7,4,4,5,5,4,2,12,23,2,8,1,1,C03,7,9,1,10,2,11,,23,23,1,21,8,C03,120.675286,24.125138,2
2022,2,22,17,4,臺中市,龍井區,0,1,0,8,1,5,30,4,1,1,5,4,5,7,3,1,10,5,5,2,16,6,3,10,1,1,B03,7,6,1,5,2,1,,6,6,1,12,8,B03,120.53285,24.194229,2
2022,2,22,17,12,臺中市,神岡區,0,1,0,7,1,5,30,3,1,1,4,4,5,7,4,4,10,5,5,2,16,23,3,10,1,1,B03,7,5,1,8,2,4,,23,23,1,22,9,B03,120.697428,24.258288,2
2022,2,22,17,14,臺中市,沙鹿區,0,2,0,8,1,5,50,14,8,1,5,4,5,7,4,4,1,3,4,2,17,3,2,9,1,1,C03,7,15,1,10,2,11,,3,3,1,3,9,C03,120.558906,24.233992,2
2022,2,22,17,15,臺中市,大甲區,0,1,0,6,2,5,50,4,1,1,4,4,5,7,4,4,10,5,5,2,13,16,2,1,1,1,C03,7,9,1,10,2,11,,16,16,1,19,8,C03,120.625882,24.347051,2
2022,2,22,17,16,臺中市,南區,0,0,0,8,,,50,,,,,,,,,,,,,,,17,,,,,B03,,,1,,2,,,17,17,1,20,,B03,120.658744,24.113973,3
2022,2,22,17,17,臺中市,潭子區,0,0,0,6,,,80,,,,,,,,,,,,,,,7,,,,,B03,,,1,,2,,,7,7,1,22,,B03,120.721261,24.195086,3
2022,2,22,17,25,臺中市,沙鹿區,0,2,0,6,3,5,50,3,1,1,4,4,5,7,1,1,1,3,4,1,13,16,3,10,1,1,B03,7,5,1,8,2,1,7,16,16,1,10,1,B03,120.586322,24.250119,2
2022,2,22,17,25,臺中市,神岡區,0,1,0,8,1,5,50,11,9,1,5,4,5,7,4,4,5,5,5,1,13,16,2,7,1,1,C03,7,9,1,10,2,11,,16,16,1,22,9,C03,120.695308,24.252205,2
2022,2,22,17,29,臺中市,東區,0,1,0,8,1,5,40,4,1,1,5,4,5,7,2,1,5,4,4,2,13,23,2,7,1,4,C03,7,9,1,10,2,11,,23,23,1,21,8,C03,120.69242,24.14278,2
2022,2,22,17,31,臺中市,豐原區,0,0,0,8,,,50,,,,,,,,,,,,,,,12,,,,,B03,,,1,,2,,,12,12,1,4,,B03,120.70855,24.251952,3
2022,2,22,17,34,臺中市,烏日區,0,0,0,8,,,40,,,,,,,,,,,,,,,1,,,,,B03,,,1,,2,,,1,1,1,22,,B03,120.650943,24.091319,3
2022,2,22,17,37,臺中市,北屯區,0,0,0,8,,,50,,,,,,,,,,,,,,,25,,,,,B03,,,1,,2,,,25,25,1,21,,B03,120.657675,24.18842,3
2022,2,22,17,45,臺中市,西屯區,0,2,0,8,1,5,50,4,1,1,5,4,5,7,1,1,5,4,4,2,16,6,3,10,3,4,B03,7,5,1,8,5,1,,6,6,1,22,8,B03,120.636283,24.16907,2
2022,2,22,17,46,臺中市,東區,0,1,0,7,2,5,50,4,1,1,4,4,5,7,1,1,10,5,5,2,16,6,3,10,1,1,B02,7,5,1,4,2,2,,6,6,1,21,8,B02,120.700722,24.127289,2
2022,2,22,17,49,臺中市,南屯區,0,0,0,,,,80,,,,,,,,,,,,,,,23,,,,,B12,,,1,,1,,,23,23,1,22,,B12,120.623033,24.140267,3
2022,2,22,17,50,臺中市,烏日區,0,2,0,6,2,5,40,4,2,1,4,4,5,7,1,1,10,5,5,2,13,23,2,9,1,1,C03,7,9,1,10,2,11,,23,23,1,21,8,C03,120.613754,24.106751,2
2022,2,22,17,51,臺中市,西區,0,1,0,7,3,5,50,14,9,1,4,4,5,7,4,4,10,5,5,2,17,40,3,10,1,1,B03,7,13,1,8,2,4,,40,40,1,5,8,B03,120.656407,24.141207,2
2022,2,22,17,54,臺中市,南屯區,0,1,0,7,2,5,50,14,8,1,4,4,5,7,4,4,1,4,4,2,12,19,3,10,1,1,B03,7,1,1,8,2,8,,19,19,1,4,3,B03,120.63025,24.14486,2
2022,2,22,17,59,臺中市,大雅區,0,1,0,6,4,5,50,3,1,1,4,4,5,7,4,4,5,5,5,1,16,6,3,10,1,1,B03,7,6,1,8,2,5,,6,6,1,22,9,B03,120.649178,24.224981,2
2022,2,22,17,59,臺中市,豐原區,0,1,0,8,3,5,50,14,9,1,5,4,5,7,4,4,5,4,5,1,27,44,2,9,1,1,C03,7,9,1,10,2,12,,44,44,1,21,8,C03,120.724309,24.224482,2
2022,2,22,18,0,臺中市,南屯區,0,0,0,6,,,50,,,,,,,,,,,,,,,23,,,,,A02,,,1,,1,,,23,23,1,22,,A02,120.636897,24.151667,3
2022,2,22,18,0,臺中市,南屯區,0,0,0,6,,,50,,,,,,,,,,,,,,,23,,,,,B03,,,1,,1,,,23,23,1,22,,B03,120.6375,24.153055,3
2022,2,22,18,0,臺中市,烏日區,0,1,0,8,3,5,80,10,7,1,5,4,5,7,4,4,1,4,1,1,13,23,2,9,1,1,C02,7,9,1,9,2,11,,23,23,1,18,8,C02,120.612133,24.101714,2
2022,2,22,18,2,臺中市,西屯區,0,1,0,6,2,5,50,14,9,1,4,4,5,7,4,4,1,3,5,2,13,16,3,10,1,1,C03,7,9,1,10,1,11,,16,16,1,22,8,C03,120.657091,24.192135,2
2022,2,22,18,4,臺中市,西區,0,0,0,6,,,50,,,,,,,,,,,,,,,23,,,,,B03,,,1,,1,,,23,23,1,21,,B03,120.657102,24.136027,3
2022,2,22,18,7,臺中市,大里區,0,0,0,8,3,5,50,14,9,1,4,4,5,7,4,4,10,5,5,1,11,19,3,10,3,4,B03,7,1,6,18,7,8,,19,19,1,21,9,B03,120.703865,24.097792,3
2022,2,22,18,11,臺中市,西屯區,0,1,0,7,3,5,40,14,8,1,5,4,5,7,4,4,1,5,4,2,13,23,2,9,1,1,C03,7,9,1,10,2,11,,23,23,1,22,8,C03,120.660625,24.17352,2
2022,2,22,18,19,臺中市,北區,0,2,0,6,3,5,50,14,9,1,4,4,5,7,4,4,5,5,5,2,3,23,2,9,1,1,C03,7,9,1,10,2,11,,23,23,1,22,9,C03,120.682531,24.144596,2
2022,2,22,18,20,臺中市,西區,0,1,0,8,1,5,50,5,2,1,5,4,5,7,1,1,5,4,4,1,16,6,2,9,1,1,C03,7,5,1,10,2,13,,6,6,1,21,8,C03,120.671822,24.142166,2
2022,2,22,18,26,臺中市,南區,0,2,0,6,3,5,50,14,9,1,4,4,5,7,4,4,5,4,5,2,12,23,2,9,1,4,C03,7,9,1,10,2,12,,23,23,1,21,8,C03,120.663577,24.125147,2
2022,2,22,18,26,臺中市,南屯區,0,2,0,7,2,5,50,14,8,1,4,4,4,7,4,4,1,4,5,2,13,16,2,7,1,1,C03,7,9,1,10,2,11,13,16,16,1,4,1,C03,120.63025,24.14486,2
2022,2,22,18,26,臺中市,北屯區,0,0,0,6,,,50,,,,,,,,,,,,,,,16,,,,,B02,,,1,,1,,,16,16,1,5,,B02,120.679018,24.173061,3
2022,2,22,18,30,臺中市,大雅區,0,1,0,6,3,5,50,4,1,1,4,4,5,7,1,1,5,5,5,1,3,23,3,10,1,1,B03,7,5,1,8,2,1,,23,23,1,22,9,B03,120.656459,24.22074,2
2022,2,22,18,31,臺中市,南屯區,0,3,0,6,3,5,50,4,1,1,4,4,5,7,1,1,10,5,5,2,17,27,3,10,1,1,C03,7,7,1,10,2,15,,27,27,1,5,8,C03,120.63392,24.142978,2
2022,2,22,18,35,臺中市,龍井區,0,0,0,8,,,30,,,,,,,,,,,,,,,19,,,,,B03,,,1,,2,,,19,19,1,12,,B03,120.542866,24.191035,3
2022,2,22,18,36,臺中市,豐原區,0,1,0,6,3,5,40,14,8,1,4,4,5,7,4,4,5,4,4,2,17,23,2,9,1,1,C03,7,9,1,10,2,11,,23,23,1,22,8,C03,120.730888,24.248898,2
2022,2,22,18,38,臺中市,南屯區,0,0,0,6,,,50,,,,,,,,,,,,,,,23,,,,,B03,,,1,,2,,,23,23,1,22,,B03,120.608989,24.136766,3
2022,2,22,18,40,臺中市,南區,0,1,0,8,3,5,50,14,7,1,5,3,5,7,4,4,9,4,4,2,29,67,,,,,,,,,,,,,67,67,1,,,,120.666537,24.113381,2
2022,2,22,18,40,臺中市,南屯區,0,0,0,,,,50,,,,,,,,,,,,,,,12,,,,,B03,,,1,,1,,,12,12,1,22,,B03,120.647073,24.136022,3
2022,2,22,18,49,臺中市,龍井區,0,1,0,6,3,5,50,4,1,1,4,4,5,7,4,4,10,5,5,2,17,42,2,9,1,1,C03,7,9,1,10,2,11,,42,42,1,22,8,C03,120.582827,24.178663,2
2022,2,22,18,51,臺中市,東區,0,1,0,7,2,5,50,4,1,1,4,4,5,7,2,1,10,5,5,2,15,25,3,10,1,1,B02,7,9,3,18,2,5,,25,25,1,21,8,B02,120.689144,24.136986,2
2022,2,22,18,52,臺中市,西屯區,0,2,0,7,3,5,50,14,9,1,5,4,5,7,4,4,5,5,5,2,17,44,2,9,1,1,C03,7,9,1,10,2,14,,44,44,1,22,8,C03,120.642163,24.171133,2
2022,2,22,18,56,臺中市,西屯區,0,2,0,7,2,5,50,4,1,1,5,4,5,7,4,4,5,5,5,2,16,6,2,9,3,4,C03,7,5,1,10,2,12,,6,6,1,22,8,C03,120.642616,24.180032,2
2022,2,22,19,0,臺中市,沙鹿區,0,1,0,8,3,5,50,11,7,1,5,4,5,7,4,4,4,4,4,2,11,26,2,9,1,1,C03,7,9,1,10,2,15,,26,26,1,21,9,C03,120.590709,24.244383,2
2022,2,22,19,2,臺中市,東區,0,1,0,7,3,5,50,5,1,1,5,4,5,7,2,1,10,5,5,2,3,25,3,10,1,1,B03,7,9,1,8,2,4,,25,25,1,21,8,B03,120.69251,24.151715,2
2022,2,22,19,2,臺中市,西屯區,0,1,0,7,3,5,50,14,7,1,4,4,5,7,4,4,5,4,4,1,12,7,3,10,1,1,B03,7,8,1,8,2,2,,7,7,1,1,9,B03,120.626722,24.184248,2
2022,2,22,19,5,臺中市,烏日區,0,1,0,8,1,5,50,8,16,2,5,4,5,7,4,4,1,4,1,1,13,16,3,10,1,1,B03,7,9,1,8,2,3,,16,16,1,21,8,B03,120.644806,24.11213,2
2022,2,22,19,7,臺中市,西屯區,0,0,0,8,,,50,,,,,,,,,,,,,,,23,,,,,B03,,,1,,1,,,23,23,1,22,,B03,120.614834,24.187234,3
2022,2,22,19,7,臺中市,大甲區,0,1,0,7,3,5,50,4,1,1,5,4,5,7,4,4,10,5,5,2,15,6,3,10,1,1,B03,7,9,1,8,2,2,,6,6,1,19,8,B03,120.620916,24.352676,2
2022,2,22,19,13,臺中市,豐原區,0,1,0,6,3,5,40,14,8,1,4,4,5,7,4,4,4,4,4,2,16,26,3,10,1,1,C03,7,1,1,10,2,11,,26,26,1,22,8,C03,120.733149,24.255124,2
2022,2,22,19,28,臺中市,太平區,0,0,0,6,,,50,,,,,,,,,,,,,,,67,,,,,,,,,,,,,67,67,1,,,,120.7166,24.158502,3
2022,2,22,19,31,臺中市,東區,0,1,0,7,2,5,50,3,1,1,4,4,5,7,2,1,10,5,5,2,13,16,2,9,1,1,B03,7,5,1,8,2,1,,16,16,1,21,8,B03,120.690338,24.125036,2
2022,2,22,19,31,臺中市,霧峰區,0,1,0,8,3,5,50,14,7,1,5,4,5,7,4,4,5,5,4,1,13,16,2,9,1,1,C03,7,9,1,9,2,11,,16,16,1,18,9,C03,120.699613,24.070305,2
2022,2,22,19,34,臺中市,西屯區,0,2,0,6,3,5,50,14,9,1,4,4,5,7,1,1,5,4,5,2,13,23,2,9,3,4,C03,7,9,1,10,2,11,,23,23,1,22,8,C03,120.606656,24.193256,2
2022,2,22,19,36,臺中市,潭子區,0,0,0,8,,,50,,,,,,,,,,,,,,,12,,,,,B03,,,1,,2,,,12,12,1,22,,B03,120.72183,24.202083,3
2022,2,22,19,38,臺中市,大肚區,0,2,0,7,3,5,50,3,2,1,4,4,5,7,4,4,5,5,5,1,17,40,2,7,1,1,B02,7,13,1,8,2,4,,40,40,1,22,7,B02,120.579497,24.170345,2
2022,2,22,19,42,臺中市,西區,0,0,0,8,,,50,,,,,,,,,,,,,,,12,,,,,B03,,,1,,10,,,12,12,1,5,,B03,120.663648,24.147954,3
2022,2,22,19,43,臺中市,梧棲區,0,1,0,7,3,5,50,14,9,1,5,4,5,7,4,4,5,5,5,1,16,10,3,10,1,1,B03,7,11,1,8,2,4,,10,10,1,5,8,B03,120.537757,24.246629,2
2022,2,22,19,44,臺中市,北屯區,0,2,0,7,3,5,50,14,9,1,4,4,5,7,4,4,5,4,5,2,16,19,2,9,1,1,C03,7,1,1,10,2,14,,19,19,1,19,8,C03,120.712465,24.172802,2
2022,2,22,19,48,臺中市,西屯區,0,2,0,8,3,5,50,14,9,1,4,4,5,7,4,4,5,4,5,2,16,10,3,10,1,1,B03,7,11,1,8,2,4,,10,10,1,22,5,B03,120.616169,24.18899,2
2022,2,22,19,52,臺中市,梧棲區,0,2,0,8,3,5,50,14,9,1,5,4,5,7,4,4,10,5,5,1,16,8,2,8,2,1,F03,7,5,8,20,2,16,,8,8,1,9,1,F03,120.528765,24.236961,2
2022,2,22,19,53,臺中市,北區,0,1,0,6,3,5,50,5,2,1,4,4,5,7,2,1,10,5,5,2,19,23,2,9,1,1,C03,7,6,1,10,2,11,,23,23,1,22,9,C03,120.67646,24.158551,2