年,月,日,時,分,縣市,區,死,受傷,2-30,天候,光線,道路類別,速限,道路型態,事故位置,路面鋪裝,路面狀態,路面缺陷,障礙物,視距,號誌種類,號誌動作,分向設施,快車道或一般車道間,快慢車道間,路面邊線,事故類型及型態,主要肇因,受傷程度,主要傷處,保護裝備,行動電話,當事者區分,車輛用途,當事者行動狀態,駕駛資格情形,駕駛執照種類,飲酒情形,車輛撞擊部位最初,車輛撞擊部位其他,肇事因素個別,肇事因素主要,肇事逃逸,職業,旅次目的,車種,GPS緯度,GPS經度,事故類別
2022,2,22,20,0,臺中市,龍井區,0,0,0,8,,,50,,,,,,,,,,,,,,,23,,,,,C03,,,1,,2,,,23,23,1,12,,C03,120.525381,24.213078,3
2022,2,22,20,5,臺中市,清水區,0,1,0,8,3,5,50,14,9,1,5,4,5,7,4,4,5,4,4,1,13,23,2,9,1,1,C03,7,9,1,10,2,11,,23,23,1,5,5,C03,120.574046,24.26849,2
2022,2,22,20,8,臺中市,西屯區,0,0,0,8,,,50,,,,,,,,,,,,,,,10,,,,,B12,,,1,,2,,,10,10,1,22,,B12,120.624251,24.178112,3
2022,2,22,20,13,臺中市,沙鹿區,0,0,0,6,3,5,50,14,9,1,4,4,5,7,4,4,4,4,5,2,11,26,3,10,1,1,B03,7,9,1,8,2,7,,26,26,1,22,8,B03,120.568505,24.240958,3
2022,2,22,20,23,臺中市,南區,0,0,0,,,,50,,,,,,,,,,,,,,,12,,,,,B03,,,1,,2,,,12,12,1,21,,B03,120.678914,24.128878,3
2022,2,22,20,34,臺中市,梧棲區,0,0,0,8,,,30,,,,,,,,,,,,,,,12,,,,,B03,,,1,,2,,,12,12,1,9,,B03,120.541606,24.241387,3
2022,2,22,20,45,臺中市,西屯區,0,1,0,4,3,5,0,14,20,2,5,4,5,7,4,4,1,4,1,1,9,26,3,10,1,1,C03,7,9,1,10,2,12,,26,26,1,1,9,C03,120.615946,24.182604,2
2022,2,22,20,52,臺中市,梧棲區,0,1,0,8,1,5,50,3,2,1,5,4,5,7,3,1,5,5,5,1,27,23,2,9,1,1,C03,7,9,1,10,2,11,,23,23,1,9,1,C03,120.522144,24.237237,2
2022,2,22,21,4,臺中市,神岡區,0,1,0,8,3,5,50,14,9,1,4,4,5,7,4,4,5,5,4,2,17,26,3,10,1,1,B03,7,15,1,8,2,2,,26,26,1,22,8,B03,120.6801,24.251695,2
2022,2,22,21,5,臺中市,南屯區,0,0,0,7,3,5,50,4,2,1,4,4,5,7,1,1,5,5,5,2,13,23,,,,,B03,,,1,,1,,,23,23,1,22,,B03,120.65458,24.14012,3
2022,2,22,21,20,臺中市,南區,0,0,0,6,,,50,,,,,,,,,,,,,,,16,,,,,B03,,,1,,2,,,16,16,1,22,,B03,120.665832,24.119171,3
2022,2,22,21,20,臺中市,大里區,0,1,0,8,3,5,30,14,9,1,5,4,5,7,4,4,5,5,5,1,14,12,3,10,1,1,B03,7,2,1,2,2,3,,12,12,1,22,8,B03,120.710228,24.088639,2
2022,2,22,21,20,臺中市,烏日區,0,1,0,8,3,5,50,4,2,1,5,4,5,7,1,1,4,5,1,1,13,6,2,9,1,1,C03,7,9,1,10,2,11,,44,6,1,21,8,C03,120.625741,24.110485,2
2022,2,22,21,20,臺中市,清水區,0,0,0,6,,,60,,,,,,,,,,,,,,,61,,,,,,,,,,,,,61,61,1,,,,120.544373,24.2786,3
2022,2,22,21,28,臺中市,南屯區,0,0,0,8,,,50,,,,,,,,,,,,,,,18,,,,,B03,,,1,,2,,,18,18,1,22,,B03,120.648593,24.154562,3
2022,2,22,21,42,臺中市,大肚區,0,2,0,7,3,5,50,5,1,1,4,4,5,7,2,1,10,5,5,2,17,9,2,9,1,4,C03,7,6,1,10,2,11,,9,9,1,22,8,C03,120.572288,24.155565,2
2022,2,22,22,27,臺中市,大甲區,0,0,0,6,,,50,,,,,,,,,,,,,,,40,,,,,B03,,,1,,2,,,40,40,1,21,,B03,120.619138,24.340419,3
2022,2,22,22,38,臺中市,北屯區,0,2,0,8,1,5,50,4,1,1,5,4,5,7,1,1,10,5,5,2,16,6,2,9,1,1,C03,7,5,1,10,2,11,14,6,6,1,5,8,C03,120.692705,24.1683,2
2022,2,22,23,7,臺中市,大里區,0,1,0,6,3,5,50,14,7,1,4,4,5,7,4,4,5,4,5,1,16,10,3,10,1,1,B03,7,11,1,8,2,4,,10,10,1,22,7,B03,120.687069,24.098317,2
2022,2,22,23,10,臺中市,東區,0,0,0,,,,50,,,,,,,,,,,,,,,12,,,,,C03,,,1,,1,,,44,44,1,22,,C03,120.693505,24.148763,3
2022,2,23,0,9,臺中市,西區,0,1,0,6,3,5,50,4,1,1,4,4,5,7,4,4,10,5,5,2,16,19,3,10,1,1,B01,7,1,1,4,2,1,,19,19,1,22,9,B01,120.661768,24.154714,2
2022,2,23,0,10,臺中市,中區,0,0,0,,,,50,,,,,,,,,,,,,,,23,,,,,C03,,,1,,9,,,23,23,2,16,,C03,120.678858,24.142908,3
2022,2,23,0,18,臺中市,神岡區,0,0,0,6,,,0,,,,,,,,,,,,,,,12,,,,,B03,,,1,,1,,,12,12,1,22,,B03,120.654,24.258682,3
2022,2,23,1,18,臺中市,西屯區,0,0,0,8,,,50,,,,,,,,,,,,,,,23,,,,,B11,,,1,,2,,,23,23,1,5,,B11,120.645135,24.177685,3
2022,2,23,2,2,臺中市,大里區,0,1,0,7,3,5,50,14,9,1,5,4,5,7,4,4,3,4,5,1,20,42,2,1,1,1,B03,7,6,1,8,2,1,,42,42,1,22,7,B03,120.681389,24.103251,2
2022,2,23,5,11,臺中市,北區,0,0,0,6,,,50,,,,,,,,,,,,,,,23,,,,,B03,,,1,,2,,,23,23,1,21,,B03,120.69456,24.158097,3
2022,2,23,6,17,臺中市,神岡區,0,1,0,6,2,5,50,15,9,1,4,4,5,7,4,4,5,5,5,1,11,6,3,10,1,1,B12,7,5,1,8,2,8,,6,6,1,22,8,B12,120.65492,24.279838,2
2022,2,23,6,57,臺中市,南區,0,1,0,6,1,5,50,4,9,1,4,4,5,7,1,1,10,5,5,2,29,43,2,9,1,1,C03,7,9,1,10,2,15,,43,43,1,22,8,C03,120.653495,24.122737,2
2022,2,23,6,59,臺中市,大雅區,0,1,0,6,1,5,50,4,1,1,4,4,5,7,1,1,1,4,5,1,15,25,3,10,1,1,B03,7,9,1,8,2,5,,25,25,1,22,9,B03,120.645263,24.225553,2
2022,2,23,7,8,臺中市,烏日區,0,0,0,6,,,50,,,,,,,,,,,,,,,23,,,,,B03,,,1,,2,,,23,23,1,22,,B03,120.621549,24.106352,3
2022,2,23,7,10,臺中市,沙鹿區,0,0,0,6,,,50,,,,,,,,,,,,,,,7,,,,,B12,,,1,,2,,,7,7,1,22,,B12,120.570891,24.215595,3
2022,2,23,7,22,臺中市,西區,0,2,0,6,2,5,50,3,2,1,4,4,5,7,4,4,5,5,5,2,17,6,3,10,1,1,B03,7,11,1,8,2,1,,6,6,1,5,8,B03,120.676126,24.135716,2
2022,2,23,7,22,臺中市,南區,0,1,0,6,1,5,40,14,7,1,4,4,5,7,4,4,9,5,4,2,16,8,2,9,1,1,C03,7,5,1,10,2,14,,8,8,1,22,8,C03,120.683652,24.126512,2
2022,2,23,7,24,臺中市,東區,0,1,0,6,1,5,50,3,1,1,4,4,5,6,4,4,5,5,5,2,16,6,3,10,1,1,C03,7,5,1,10,2,11,,6,6,1,22,8,C03,120.687353,24.12889,2
2022,2,23,7,25,臺中市,大甲區,0,1,0,6,1,5,60,3,1,1,4,4,5,7,4,4,5,5,5,2,16,6,3,10,1,1,B03,7,5,1,8,2,5,,6,6,1,20,1,B03,120.615486,24.349384,2
2022,2,23,7,26,臺中市,大肚區,0,2,0,6,1,5,60,4,2,1,4,4,5,7,2,1,10,5,5,2,16,8,2,8,1,1,C03,7,5,1,10,2,14,,8,8,1,2,1,C03,120.542371,24.169199,2
2022,2,23,7,26,臺中市,梧棲區,0,1,0,6,1,5,50,4,2,1,4,4,5,7,1,1,5,2,4,2,12,42,3,10,1,1,B03,7,9,1,8,2,2,,42,42,1,5,8,B03,120.545823,24.244696,2
2022,2,23,7,27,臺中市,西區,0,0,0,6,,,50,,,,,,,,,,,,,,,16,,,,,B03,,,1,,1,,,16,16,1,5,,B03,120.659523,24.157514,4
2022,2,23,7,30,臺中市,大里區,0,0,0,6,,,40,,,,,,,,,,,,,,,6,,,,,B03,,,1,,2,,,6,6,1,4,,B03,120.690367,24.092771,3
2022,2,23,7,30,臺中市,清水區,0,1,0,6,1,5,50,14,9,1,4,4,5,7,4,4,9,4,5,1,12,42,2,9,1,1,C03,7,9,1,10,2,12,,42,42,1,5,5,C03,120.56549,24.273745,2
2022,2,23,7,35,臺中市,西屯區,0,1,0,6,1,5,50,14,7,1,4,4,5,7,4,4,4,3,4,2,16,19,3,10,1,1,B03,7,1,1,8,1,4,,19,19,1,22,8,B03,120.592727,24.179619,2
2022,2,23,7,35,臺中市,大里區,0,1,0,6,1,5,50,4,1,1,4,4,5,7,1,1,10,5,5,2,3,6,3,10,1,1,B03,7,5,1,7,2,8,,6,6,1,12,8,B03,120.70189,24.08599,2
2022,2,23,7,35,臺中市,大里區,0,1,0,8,1,5,50,5,1,1,4,4,5,7,1,1,10,5,5,2,13,23,3,10,1,1,A05,7,6,1,1,2,5,,23,23,1,10,4,A05,120.690205,24.11317,2
2022,2,23,7,38,臺中市,神岡區,0,2,0,8,1,5,30,14,9,1,4,4,5,7,4,4,10,5,5,1,3,23,2,9,1,1,C03,7,9,3,18,2,11,,23,23,1,22,9,C03,120.652969,24.275052,2
2022,2,23,7,39,臺中市,南屯區,0,1,0,6,1,5,30,3,1,1,4,4,5,7,4,4,5,5,5,2,16,44,3,10,1,1,B03,7,6,1,8,2,5,,44,44,1,22,8,B03,120.618522,24.154719,2
2022,2,23,7,39,臺中市,龍井區,0,0,0,6,,,90,,,,,,,,,,,,,,,23,,,,,A41,,,1,,2,,,23,23,1,10,,A41,120.517121,24.205356,3
2022,2,23,7,40,臺中市,東區,0,0,0,6,1,5,50,14,7,1,4,4,5,7,4,4,5,4,4,2,13,23,3,10,1,1,B03,7,9,1,8,2,1,,23,23,1,22,8,B03,120.702932,24.138936,3
2022,2,23,7,40,臺中市,大里區,0,0,0,6,,,50,,,,,,,,,,,,,,,6,,,,,B03,,,1,,2,,,6,6,1,4,,B03,120.705148,24.087849,3
2022,2,23,7,41,臺中市,梧棲區,0,0,0,6,,,70,,,,,,,,,,,,,,,23,,,,,B03,,,1,,2,,,23,23,1,5,,B03,120.545971,24.244648,3
2022,2,23,7,43,臺中市,潭子區,0,1,0,6,1,5,50,3,9,1,4,4,5,7,1,1,5,2,5,2,13,16,3,10,1,1,B03,7,9,1,8,2,1,,16,16,1,22,8,B03,120.721921,24.195715,2
2022,2,23,7,43,臺中市,南屯區,0,0,0,6,,,50,,,,,,,,,,,,,,,16,,,,,C03,,,1,,1,,,16,16,1,22,,C03,120.638506,24.135348,3
2022,2,23,7,43,臺中市,沙鹿區,0,1,0,6,1,5,40,5,1,1,4,4,5,7,1,1,10,5,5,2,17,6,3,10,1,1,C03,7,15,1,10,2,11,,6,6,1,2,1,C03,120.571944,24.233888,2
2022,2,23,7,43,臺中市,后里區,0,0,0,6,1,5,50,14,8,1,4,4,5,7,4,4,5,5,4,2,14,12,3,10,1,1,B03,7,2,1,8,2,7,,12,12,1,21,8,B03,120.714035,24.304616,3
2022,2,23,7,45,臺中市,南區,0,3,0,8,1,5,50,4,1,1,4,4,5,7,4,4,10,5,5,2,16,6,2,9,1,1,C03,7,5,1,10,2,11,,6,6,1,22,8,C03,120.68105,24.134249,2
2022,2,23,7,45,臺中市,大甲區,0,1,0,6,1,5,70,14,8,1,4,4,5,7,4,4,1,4,4,1,16,7,3,10,1,1,B03,7,8,1,8,2,2,,7,7,1,23,1,B03,120.64627,24.372976,2
2022,2,23,7,45,臺中市,神岡區,0,1,0,6,1,5,40,14,8,1,4,4,5,7,4,4,9,4,4,2,17,16,2,9,1,1,C03,7,9,1,10,2,11,,16,16,1,12,8,C03,120.655108,24.257601,2
2022,2,23,7,47,臺中市,豐原區,0,1,0,6,1,5,50,5,9,1,4,4,5,7,1,1,5,5,5,1,13,23,2,7,1,1,C03,7,9,1,10,2,11,,23,23,1,22,8,C03,120.721345,24.249118,2
2022,2,23,7,48,臺中市,豐原區,0,1,0,6,1,5,50,3,1,1,4,4,5,7,2,1,10,5,5,2,16,6,3,10,3,4,C03,7,6,1,10,2,12,,6,6,1,22,8,C03,120.720724,24.26183,2
2022,2,23,7,49,臺中市,東區,0,2,0,6,1,5,50,14,7,1,4,4,5,7,4,4,5,5,5,2,16,8,2,9,1,1,C03,7,5,1,10,2,14,,8,8,1,22,8,C03,120.693172,24.140482,2
2022,2,23,7,50,臺中市,西區,0,1,0,6,1,5,50,5,1,1,4,4,5,7,1,1,10,5,5,2,18,25,3,10,1,1,B03,7,5,1,8,9,15,,25,25,1,21,8,B03,120.6684,24.153074,2
2022,2,23,7,55,臺中市,霧峰區,0,1,0,6,1,5,40,11,9,1,4,3,5,7,4,4,9,4,5,1,18,42,2,7,1,1,C03,7,9,1,10,2,12,,42,42,1,12,8,C03,120.723494,24.04811,2
2022,2,23,7,59,臺中市,西屯區,0,1,0,6,1,5,50,14,9,1,4,4,5,7,4,4,9,5,4,2,16,10,3,10,1,1,B12,7,11,1,8,2,4,,10,10,1,22,8,B12,120.650996,24.206254,2
2022,2,23,7,59,臺中市,神岡區,0,0,0,6,,,50,,,,,,,,,,,,,,,19,,,,,B12,,,1,,2,,,19,19,1,22,,B12,120.686956,24.246846,3
2022,2,23,8,5,臺中市,北區,0,0,0,6,,,50,,,,,,,,,,,,,,,6,,,,,B03,,,1,,2,,,6,6,1,22,,B03,120.679306,24.16708,3
2022,2,23,8,5,臺中市,神岡區,0,0,0,8,,,50,,,,,,,,,,,,,,,1,,,,,C03,,,1,,2,,,1,1,1,12,,C03,120.699469,24.250913,3
2022,2,23,8,8,臺中市,西屯區,0,1,0,6,1,5,50,4,1,1,4,4,5,7,1,1,4,3,5,2,16,6,3,10,1,1,B12,7,5,1,8,2,2,,6,6,1,22,8,B12,120.623264,24.176927,2
2022,2,23,8,10,臺中市,神岡區,0,0,0,8,,,40,,,,,,,,,,,,,,,12,,,,,B03,,,1,,1,,,12,12,1,22,,B03,120.65618,24.258738,3
2022,2,23,8,12,臺中市,西區,0,1,0,6,1,5,50,4,1,1,4,4,5,7,4,4,7,4,5,2,16,26,3,10,1,1,B03,7,5,1,8,2,8,,26,26,1,21,8,B03,120.675905,24.135905,2
2022,2,23,8,13,臺中市,龍井區,0,0,0,6,,,50,,,,,,,,,,,,,,,23,,,,,B03,,,1,,2,,,23,23,1,21,,B03,120.589293,24.178651,3
2022,2,23,8,14,臺中市,沙鹿區,0,0,0,6,,,40,,,,,,,,,,,,,,,7,,,,,B03,,,1,,2,,,7,7,1,21,,B03,120.580714,24.216478,3
2022,2,23,8,17,臺中市,西屯區,0,1,0,6,1,5,40,14,12,1,4,4,5,7,4,4,5,4,4,2,17,40,2,9,1,1,C03,7,9,1,10,2,12,,44,40,1,22,8,C03,120.642401,24.196713,2
2022,2,23,8,20,臺中市,大雅區,0,1,0,8,1,5,50,3,1,1,4,4,5,7,4,4,5,4,5,1,13,23,2,8,1,1,C03,7,9,1,10,2,11,,23,23,1,22,9,C03,120.670897,24.223266,2
2022,2,23,8,20,臺中市,北區,0,0,0,6,1,5,50,4,1,1,4,4,5,7,4,4,10,5,5,2,15,6,,,,,C03,,,1,,2,,,6,6,1,22,,C03,120.693534,24.155597,3
2022,2,23,8,20,臺中市,大里區,0,1,0,6,1,5,50,14,9,1,4,4,5,7,4,4,5,5,5,2,12,42,2,9,1,1,C03,7,9,1,10,2,14,,44,42,1,22,1,C03,120.700313,24.10217,2
2022,2,23,8,24,臺中市,潭子區,0,0,0,6,1,5,80,14,7,1,4,4,5,7,4,4,1,3,5,1,13,16,3,10,1,1,B03,7,9,1,8,2,1,,16,16,1,22,8,B03,120.718848,24.196983,3
2022,2,23,8,25,臺中市,大肚區,0,1,0,6,1,5,50,14,8,1,4,4,5,7,4,4,1,4,4,1,17,19,3,10,1,1,B03,7,1,1,8,2,15,,19,19,1,2,8,B03,120.561614,24.124992,2
2022,2,23,8,29,臺中市,大里區,0,0,0,6,,,80,,,,,,,,,,,,,,,16,,,,,B03,,,1,,2,,,16,16,1,5,,B03,120.700235,24.11692,3
2022,2,23,8,30,臺中市,南屯區,0,0,0,,,,50,,,,,,,,,,,,,,,7,,,,,B03,,,1,,1,,,7,7,1,4,,B03,120.648227,24.123252,3
2022,2,23,8,40,臺中市,西屯區,0,2,0,6,1,5,40,14,8,1,4,4,5,7,4,4,1,5,1,2,9,23,2,9,1,1,C03,7,9,1,10,2,11,,23,23,1,22,8,C03,120.595934,24.183038,2
2022,2,23,8,51,臺中市,北區,0,0,0,,,,50,,,,,,,,,,,,,,,43,,,,,B03,,,1,,2,,,43,43,1,5,,B03,120.67192,24.171681,3
2022,2,23,8,55,臺中市,太平區,0,0,0,6,,,50,,,,,,,,,,,,,,,40,,,,,B12,,,1,,2,,,40,40,1,5,,B12,120.712299,24.156316,3
2022,2,23,8,55,臺中市,豐原區,0,1,0,8,1,5,40,5,2,1,4,4,5,7,1,1,1,2,4,2,18,23,2,9,1,1,C03,7,9,1,10,2,12,,23,23,1,21,8,C03,120.716637,24.243936,2
2022,2,23,8,58,臺中市,北區,0,1,0,6,1,5,50,5,1,1,4,4,5,7,1,1,10,5,5,2,16,26,3,10,1,1,B12,7,6,1,8,2,2,,26,26,1,22,8,B12,120.686252,24.15482,2
2022,2,23,8,59,臺中市,沙鹿區,0,1,0,6,1,5,40,3,1,1,4,4,5,7,1,1,10,5,5,2,16,6,3,10,1,1,C03,7,6,1,10,2,12,,6,6,1,22,2,C03,120.580081,24.219697,2
2022,2,23,9,2,臺中市,南區,0,1,0,6,1,5,50,3,1,1,4,4,5,7,4,4,1,4,4,2,12,7,3,10,1,1,B03,7,7,1,8,2,4,,7,7,1,22,8,B03,120.666933,24.127748,2
2022,2,23,9,9,臺中市,西區,0,1,0,6,1,5,50,14,9,1,4,4,5,7,4,4,5,5,5,2,16,42,3,10,1,1,C03,7,6,1,10,2,12,,42,42,1,21,8,C03,120.661354,24.158113,2
2022,2,23,9,10,臺中市,北區,0,0,0,,,,50,,,,,,,,,,,,,,,23,,,,,B03,,,1,,11,,,23,23,1,22,,B03,120.681434,24.151129,3
2022,2,23,9,11,臺中市,西區,0,1,0,6,1,5,50,4,1,1,4,4,5,7,1,1,10,5,5,2,16,42,3,10,1,1,B03,7,6,1,8,2,5,,42,42,1,21,8,B03,120.667738,24.130959,2
2022,2,23,9,12,臺中市,東區,0,1,0,6,1,5,50,14,9,1,4,4,5,7,1,1,5,5,5,2,16,42,2,9,1,1,C03,7,15,1,10,2,14,,42,42,1,20,8,C03,120.701349,24.125551,2
2022,2,23,9,13,臺中市,烏日區,0,2,0,6,1,5,50,14,9,1,4,4,5,7,4,4,5,5,5,2,5,23,3,10,1,1,B03,7,9,1,8,2,2,,23,23,1,21,8,B03,120.595038,24.10926,2
2022,2,23,9,15,臺中市,東區,0,1,0,6,1,5,50,3,1,1,4,4,5,7,4,4,1,5,5,2,17,42,3,10,1,1,B01,7,6,1,4,2,15,,42,42,1,22,8,B01,120.69008,24.128172,2
2022,2,23,9,22,臺中市,西區,0,0,0,6,,,40,,,,,,,,,,,,,,,7,,,,,B03,,,1,8,1,,,7,7,1,5,,B03,120.659727,24.157289,3
2022,2,23,9,22,臺中市,豐原區,0,0,0,6,,,50,,,,,,,,,,,,,,,16,,,,,B03,,,1,,2,,,16,16,1,4,,B03,120.720283,24.264758,3
2022,2,23,9,25,臺中市,西區,0,0,0,6,,,50,,,,,,,,,,,,,,,16,,,,,B03,,,1,,1,,,16,16,1,21,,B03,120.657064,24.134824,3
2022,2,23,9,26,臺中市,太平區,0,1,0,6,1,5,50,3,1,1,4,4,5,7,4,4,5,5,5,2,9,60,2,9,4,5,H01,8,16,8,20,10,16,,60,60,1,21,8,H01,120.724725,24.157652,2
2022,2,23,9,27,臺中市,中區,0,0,0,6,,,50,,,,,,,,,,,,,,,12,,,,,B03,,,1,,2,,,12,12,1,5,,B03,120.680732,24.138669,3
2022,2,23,9,37,臺中市,大里區,0,0,0,6,,,50,,,,,,,,,,,,,,,23,,,,,B03,,,1,,2,,,23,23,1,22,,B03,120.700121,24.102331,3
2022,2,23,9,43,臺中市,大里區,0,0,0,8,,,50,,,,,,,,,,,,,,,16,,,,,B12,,,1,,2,,,16,16,1,22,,B12,120.695786,24.104256,3
2022,2,23,9,44,臺中市,沙鹿區,0,0,0,6,,,60,,,,,,,,,,,,,,,25,,,,,B03,,,1,,2,,,25,25,1,4,,B03,120.603611,24.248611,3
2022,2,23,9,48,臺中市,大雅區,0,0,0,6,,,30,,,,,,,,,,,,,,,17,,,,,B12,,,1,,1,,,17,17,1,22,,B12,120.645589,24.227786,3
2022,2,23,9,48,臺中市,西區,0,0,0,6,,,50,,,,,,,,,,,,,,,23,,,,,B03,,,1,,2,,,23,23,1,21,,B03,120.655135,24.150315,3
2022,2,23,9,50,臺中市,清水區,0,2,0,6,1,5,50,14,9,1,4,4,5,7,4,4,5,5,5,1,14,12,2,9,1,1,B03,7,2,1,8,2,3,,12,12,1,22,8,B03,120.568848,24.274205,2
2022,2,23,9,54,臺中市,西屯區,0,0,0,6,,,50,,,,,,,,,,,,,,,10,,,,,B12,,,1,,2,,,10,10,1,22,,B12,120.639444,24.171318,3
2022,2,23,10,2,臺中市,烏日區,0,2,0,6,1,5,50,5,1,1,4,4,5,7,2,1,1,2,5,1,12,23,2,9,1,1,C03,7,9,1,10,2,11,12,23,23,1,22,8,C03,120.648655,24.09343,2
2022,2,23,10,6,臺中市,西屯區,0,0,0,6,,,30,,,,,,,,,,,,,,,12,,,,,B12,,,1,,2,,,12,12,1,22,,B12,120.664492,24.207156,3
2022,2,23,10,9,臺中市,沙鹿區,0,1,0,6,1,5,50,4,1,1,4,4,5,7,2,1,10,5,5,2,16,25,3,10,1,1,B02,7,5,1,8,2,6,,25,25,1,8,8,B02,120.55236,24.215485,2
2022,2,23,10,15,臺中市,霧峰區,0,1,0,6,1,5,50,3,1,1,4,4,5,7,4,4,10,5,5,2,16,6,3,10,1,1,B03,7,6,1,8,2,4,,6,6,1,18,2,B03,120.714538,24.075814,2
2022,2,23,10,17,臺中市,南屯區,0,0,0,6,,,50,,,,,,,,,,,,,,,23,,,,,B03,,,1,,2,,,23,23,2,22,,B03,120.635425,24.149956,3
2022,2,23,10,20,臺中市,神岡區,0,0,0,6,,,30,,,,,,,,,,,,,,,12,,,,,B03,,,1,,2,,,12,12,1,22,,B03,120.674175,24.252641,3
2022,2,23,10,30,臺中市,龍井區,0,0,0,6,,,30,,,,,,,,,,,,,,,42,,,,,B12,,,1,,11,,,42,42,1,10,,B12,120.577745,24.179793,3
2022,2,23,10,30,臺中市,大甲區,0,1,0,6,1,5,50,4,1,1,4,4,5,7,1,1,5,5,5,2,3,17,3,10,1,1,B03,7,5,1,8,2,8,,17,17,1,21,8,B03,120.627443,24.346715,2
2022,2,23,10,35,臺中市,北屯區,0,2,0,6,1,5,50,14,9,1,4,4,5,7,4,4,1,4,5,2,17,42,2,8,1,1,C03,7,12,1,10,2,14,,42,42,1,4,8,C03,120.6718,24.174,2
2022,2,23,10,36,臺中市,北區,0,0,0,6,,,50,,,,,,,,,,,,,,,12,,,,,B03,,,1,,2,,,12,12,1,5,,B03,120.691047,24.155863,3
2022,2,23,10,37,臺中市,潭子區,0,0,0,6,1,5,40,14,16,1,4,4,5,7,4,4,10,5,5,1,13,16,3,10,1,1,B03,7,9,1,8,1,8,,16,16,1,22,8,B03,120.699386,24.201035,3
2022,2,23,10,42,臺中市,西區,0,0,0,6,,,50,,,,,,,,,,,,,,,23,,,,,B11,,,1,8,2,,,23,23,1,5,,B11,120.669807,24.1479,3
2022,2,23,10,43,臺中市,北區,0,0,0,6,,,40,,,,,,,,,,,,,,,23,,,,,A02,,,1,,1,,,23,23,1,10,,A02,120.683595,24.153801,3
2022,2,23,10,47,臺中市,南屯區,0,1,0,6,1,5,50,4,4,1,4,4,5,7,1,1,5,2,5,2,18,42,2,9,1,1,C03,7,9,5,10,2,15,,42,42,1,22,8,C03,120.653008,24.150077,2
2022,2,23,10,52,臺中市,霧峰區,0,1,0,6,1,5,50,14,7,1,4,4,5,7,4,4,9,4,4,1,16,19,3,10,1,1,B03,7,1,1,8,2,4,,19,19,1,12,8,B03,120.699407,24.069237,2
2022,2,23,10,56,臺中市,南區,0,0,0,6,,,50,,,,,,,,,,,,,,,9,,,,,B03,,,1,,2,,,9,9,1,22,,B03,120.658582,24.118093,3
2022,2,23,11,3,臺中市,北區,0,1,0,6,1,5,50,4,1,1,4,4,5,7,1,1,10,5,5,2,16,6,3,10,1,1,B03,7,5,1,8,2,2,,6,6,1,22,8,B03,120.682687,24.167028,2
2022,2,23,11,8,臺中市,后里區,0,1,0,6,1,5,50,4,1,1,4,4,5,7,1,1,10,5,5,2,16,23,2,9,1,1,C03,7,1,1,10,2,11,,23,23,1,20,8,C03,120.702713,24.308157,2
2022,2,23,11,10,臺中市,梧棲區,0,0,0,6,,,30,,,,,,,,,,,,,,,37,,,,,B12,,,1,,2,,,37,37,1,10,,B12,120.52882,24.256467,3
2022,2,23,11,25,臺中市,外埔區,0,2,0,6,1,5,50,3,2,1,4,4,5,7,4,4,5,5,5,1,17,6,3,10,1,1,B03,7,5,1,8,9,15,,6,6,1,21,8,B03,120.713456,24.334708,2
2022,2,23,11,30,臺中市,龍井區,0,0,0,6,,,30,,,,,,,,,,,,,,,6,,,,,B12,,,1,,2,,,6,6,1,12,,B12,120.533983,24.214563,3
2022,2,23,11,36,臺中市,龍井區,0,0,0,6,,,50,,,,,,,,,,,,,,,23,,,,,B11,,,1,,11,,,23,23,1,21,,B11,120.58742,24.181231,3
2022,2,23,11,37,臺中市,北屯區,0,0,0,6,1,5,50,14,8,1,4,4,5,7,4,4,4,3,4,2,12,23,,,,,B03,7,9,1,8,1,7,,23,23,1,21,8,B03,120.740458,24.179336,3
2022,2,23,11,39,臺中市,梧棲區,0,0,0,6,,,60,,,,,,,,,,,,,,,16,,,,,B12,,,1,,2,,,16,16,1,5,,B12,120.534615,24.246471,3
2022,2,23,11,40,臺中市,大里區,0,1,0,6,1,5,50,4,1,1,4,4,5,7,1,1,10,5,5,2,17,19,3,10,1,1,A11,7,1,1,3,2,15,,19,19,1,21,3,A11,120.666556,24.096673,2
2022,2,23,11,47,臺中市,南區,0,0,0,6,,,30,,,,,,,,,,,,,,,12,,,,,B12,,,1,8,2,,,12,12,1,21,,B12,120.681537,24.134771,3
2022,2,23,11,49,臺中市,南屯區,0,0,0,6,,,1,,,,,,,,,,,,,,,19,,,,,B03,,,1,,1,,,19,19,1,4,,B03,120.615551,24.151374,3
2022,2,23,11,59,臺中市,西屯區,0,0,0,6,,,50,,,,,,,,,,,,,,,16,,,,,B03,,,1,,1,,,16,16,1,22,,B03,120.644387,24.194611,3
2022,2,23,11,59,臺中市,大里區,0,1,0,6,1,5,40,14,9,1,4,4,5,7,4,4,10,5,5,2,16,6,3,10,1,1,B03,7,5,1,8,2,1,,6,6,1,22,8,B03,120.703071,24.104155,2
2022,2,23,12,0,臺中市,梧棲區,0,0,0,6,,,50,,,,,,,,,,,,,,,6,,,,,B03,,,1,,2,,,6,6,1,3,,B03,120.543718,24.245515,3
2022,2,23,12,0,臺中市,大甲區,0,0,0,6,,,50,,,,,,,,,,,,,,,12,,,,,B12,,,1,,1,,,12,12,1,9,,B12,120.661714,24.401249,3