年,月,日,時,分,縣市,區,死,受傷,2-30,天候,光線,道路類別,速限,道路型態,事故位置,路面鋪裝,路面狀態,路面缺陷,障礙物,視距,號誌種類,號誌動作,分向設施,快車道或一般車道間,快慢車道間,路面邊線,事故類型及型態,主要肇因,受傷程度,主要傷處,保護裝備,行動電話,當事者區分,車輛用途,當事者行動狀態,駕駛資格情形,駕駛執照種類,飲酒情形,車輛撞擊部位最初,車輛撞擊部位其他,肇事因素個別,肇事因素主要,肇事逃逸,職業,旅次目的,車種,GPS緯度,GPS經度,事故類別
2022,2,24,12,16,臺中市,東區,0,1,0,8,1,5,30,4,1,1,5,4,5,7,4,4,10,5,5,2,15,6,2,9,1,1,C03,7,9,1,10,2,12,,6,6,1,22,8,C03,120.693023,24.143608,2
2022,2,24,12,17,臺中市,南屯區,0,0,0,,,,50,,,,,,,,,,,,,,,12,,,,,C03,,,1,,2,,,12,12,1,22,,C03,120.636474,24.148638,3
2022,2,24,12,20,臺中市,霧峰區,0,0,0,8,,,50,,,,,,,,,,,,,,,23,,,,,B12,,,1,,2,,,23,23,1,6,,B12,120.686332,24.04986,3
2022,2,24,12,23,臺中市,石岡區,0,1,0,8,1,5,70,4,1,1,5,4,5,7,4,4,10,5,5,2,16,6,3,10,1,1,B12,7,6,1,8,2,6,,6,6,1,22,9,B12,120.801518,24.268508,2
2022,2,24,12,29,臺中市,豐原區,0,0,0,8,,,50,,,,,,,,,,,,,,,23,,,,,A12,,,1,,2,,,23,23,1,22,,A12,120.708556,24.24568,3
2022,2,24,12,40,臺中市,西屯區,0,0,0,6,,,50,,,,,,,,,,,,,,,23,,,,,C03,,,1,,1,,,23,23,1,22,,C03,120.622461,24.186108,3
2022,2,24,12,41,臺中市,大甲區,0,0,0,8,,,50,,,,,,,,,,,,,,,18,,,,,B03,,,1,,2,,,18,18,1,21,,B03,120.619018,24.345828,3
2022,2,24,12,44,臺中市,北區,0,0,0,8,,,40,,,,,,,,,,,,,,,17,,,,,B03,,,1,,2,,,17,17,1,5,,B03,120.677758,24.151272,3
2022,2,24,12,50,臺中市,新社區,0,0,0,8,,,40,,,,,,,,,,,,,,,23,,,,,B03,,,1,,2,,,23,23,1,22,,B03,120.794208,24.205631,3
2022,2,24,12,54,臺中市,清水區,0,1,0,8,1,5,30,14,9,1,5,4,5,7,4,4,5,5,5,1,18,43,2,9,1,1,C03,7,9,1,10,2,14,,43,43,1,5,1,C03,120.556682,24.260686,2
2022,2,24,13,20,臺中市,西屯區,0,0,0,8,,,50,,,,,,,,,,,,,,,23,,,,,B03,,,1,,1,,,23,23,1,22,,B03,120.644605,24.202698,3
2022,2,24,13,20,臺中市,大里區,0,0,0,8,,,50,,,,,,,,,,,,,,,17,,,,,B03,,,1,,2,,,17,17,1,22,,B03,120.697536,24.083714,3
2022,2,24,13,20,臺中市,大里區,0,2,0,8,1,5,50,5,1,1,5,4,5,7,1,1,10,5,5,2,16,6,2,7,1,1,B12,7,5,1,8,5,8,,6,6,1,22,5,B12,120.671726,24.10808,2
2022,2,24,13,24,臺中市,清水區,0,0,0,8,1,5,60,14,9,1,5,4,5,7,1,1,1,4,5,1,12,7,3,10,1,1,A41,7,8,1,1,2,5,,7,7,1,10,1,A41,120.54624,24.277619,3
2022,2,24,13,30,臺中市,烏日區,0,1,0,8,1,5,30,3,2,1,5,4,5,7,4,4,7,4,5,2,18,42,2,9,1,1,C03,7,6,1,10,2,14,,42,42,1,21,8,C03,120.586621,24.13809,2
2022,2,24,13,34,臺中市,北區,0,1,0,8,1,5,50,14,9,1,5,4,5,7,4,4,5,4,5,2,17,8,3,10,1,1,B03,7,5,1,8,2,8,,8,8,1,22,9,B03,120.687945,24.150008,2
2022,2,24,13,35,臺中市,霧峰區,0,1,0,8,1,5,50,3,1,1,5,4,5,7,4,4,10,5,5,2,13,23,3,10,1,1,B03,7,9,1,8,2,1,,23,23,1,2,8,B03,120.697065,24.05545,2
2022,2,24,13,40,臺中市,沙鹿區,0,1,0,8,1,5,50,4,1,1,5,4,5,7,2,1,10,5,5,2,3,15,3,10,1,1,B12,7,5,1,8,2,8,,15,15,1,3,5,B12,120.559327,24.236398,2
2022,2,24,13,45,臺中市,北屯區,0,2,0,8,1,5,50,4,1,1,5,4,5,7,4,4,10,5,5,2,13,23,2,8,1,1,C03,7,1,1,10,2,11,,23,23,1,5,8,C03,120.68626,24.183644,2
2022,2,24,13,45,臺中市,霧峰區,0,1,0,8,1,5,50,4,1,1,5,4,5,7,4,4,10,5,5,2,16,6,3,10,1,1,B03,7,5,1,8,2,5,,6,6,1,20,8,B03,120.695763,24.061029,2
2022,2,24,13,53,臺中市,烏日區,0,1,0,8,1,5,50,14,7,1,5,4,5,7,4,4,5,4,4,2,17,26,3,10,1,1,B03,7,9,1,8,2,5,,26,26,1,19,8,B03,120.639036,24.104675,2
2022,2,24,13,58,臺中市,大里區,0,1,0,8,1,5,40,14,9,1,5,4,5,7,4,4,10,5,5,2,17,23,2,9,1,1,F01,7,6,8,20,2,16,,23,23,1,22,8,F01,120.689841,24.102988,2
2022,2,24,14,0,臺中市,中區,0,1,0,8,1,5,50,4,1,1,5,4,5,7,1,1,10,5,5,2,16,25,3,10,1,1,B02,7,5,1,8,2,6,,25,25,1,4,3,B02,120.675973,24.141397,2
2022,2,24,14,0,臺中市,沙鹿區,0,0,0,8,,,50,,,,,,,,,,,,,,,6,,,,,C03,,,1,,2,,,6,6,1,18,,C03,120.562707,24.24322,3
2022,2,24,14,1,臺中市,西屯區,0,1,0,8,1,5,50,14,9,1,5,4,5,7,4,4,1,4,5,2,26,23,2,9,1,1,B03,7,9,1,8,2,8,,23,23,1,4,8,B03,120.648463,24.196396,2
2022,2,24,14,1,臺中市,大里區,0,0,0,8,,,50,,,,,,,,,,,,,,,18,,,,,B12,,,1,,2,,,18,18,1,22,,B12,120.688701,24.106554,3
2022,2,24,14,8,臺中市,東區,0,1,0,8,1,5,50,4,8,1,5,4,5,7,1,1,9,4,4,2,12,23,3,10,1,1,C03,7,9,1,10,2,14,,23,23,1,5,1,C03,120.705588,24.137638,2
2022,2,24,14,10,臺中市,西屯區,0,0,0,8,,,50,,,,,,,,,,,,,,,30,,,,,B12,,,1,,1,,,30,30,1,22,,B12,120.66141,24.201348,3
2022,2,24,14,30,臺中市,東區,0,2,0,8,1,5,50,15,9,1,5,4,5,7,4,4,5,2,5,2,16,26,2,8,1,1,C03,7,7,1,10,2,14,,26,26,1,21,8,C03,120.694818,24.148165,2
2022,2,24,14,35,臺中市,后里區,0,0,0,8,,,50,,,,,,,,,,,,,,,23,,,,,B03,,,1,,2,,,23,23,1,22,,B03,120.694425,24.317702,3
2022,2,24,14,43,臺中市,南屯區,0,2,0,8,1,5,50,4,1,1,5,4,5,7,2,1,10,5,5,2,12,42,2,8,1,1,C03,7,9,1,10,2,11,,42,42,1,22,8,C03,120.643826,24.146854,2
2022,2,24,14,45,臺中市,豐原區,0,0,0,8,,,60,,,,,,,,,,,,,,,16,,,,,B03,,,1,,2,,,16,16,1,4,,B03,120.737336,24.251772,3
2022,2,24,14,51,臺中市,北屯區,0,0,0,6,1,5,50,14,8,1,5,4,5,7,4,4,4,3,4,2,16,23,,,,,B12,7,8,1,7,1,6,,23,23,1,21,8,B12,120.685951,24.173288,3
2022,2,24,14,55,臺中市,豐原區,0,0,0,8,,,50,,,,,,,,,,,,,,,17,,,,,B12,,,1,,2,,,17,17,1,5,,B12,120.728166,24.27506,3
2022,2,24,15,1,臺中市,烏日區,0,0,0,8,1,5,40,3,9,1,5,4,5,7,1,1,5,4,4,1,14,12,3,10,1,1,B12,7,2,1,7,2,3,,12,12,1,22,8,B12,120.647992,24.092956,3
2022,2,24,15,5,臺中市,大甲區,0,0,0,8,,,70,,,,,,,,,,,,,,,23,,,,,B03,,,1,,2,,,23,23,1,21,,B03,120.648455,24.395666,3
2022,2,24,15,20,臺中市,南屯區,0,0,0,8,,,50,,,,,,,,,,,,,,,23,,,,,B03,,,1,,1,,,23,23,1,22,,B03,120.640739,24.148775,3
2022,2,24,15,20,臺中市,大里區,0,0,0,8,,,30,,,,,,,,,,,,,,,6,,,,,C03,,,1,,2,,,6,6,1,21,,C03,120.691429,24.089584,3
2022,2,24,15,23,臺中市,南屯區,0,0,0,8,,,50,,,,,,,,,,,,,,,16,,,,,B03,,,1,8,1,,,16,16,1,12,,B03,120.632393,24.126776,3
2022,2,24,15,23,臺中市,西屯區,0,0,0,8,,,50,,,,,,,,,,,,,,,42,,,,,B03,,,1,,1,,,42,42,1,22,,B03,120.647025,24.176526,3
2022,2,24,15,24,臺中市,北區,0,2,0,8,1,5,50,5,1,1,5,4,5,7,1,1,10,5,5,2,13,16,2,9,3,4,C03,7,9,1,10,2,11,,16,16,1,5,8,C03,120.676191,24.158299,2
2022,2,24,15,28,臺中市,潭子區,0,1,0,8,1,5,50,4,1,1,5,4,5,7,1,1,10,5,5,2,17,6,3,10,1,1,B03,7,6,1,8,2,6,,6,6,1,22,8,B03,120.706415,24.200845,2
2022,2,24,15,30,臺中市,西屯區,0,0,0,,,,40,,,,,,,,,,,,,,,23,,,,,B03,,,1,,2,,,23,23,1,22,,B03,120.634967,24.171707,3
2022,2,24,15,35,臺中市,大里區,0,1,0,8,1,5,50,4,1,1,5,4,5,7,1,1,10,5,5,2,16,25,2,9,1,1,C03,7,9,1,10,2,12,,25,25,1,22,8,C03,120.708506,24.085183,2
2022,2,24,15,40,臺中市,龍井區,0,4,0,8,1,5,70,4,1,1,5,4,5,7,2,1,10,4,1,1,13,23,3,10,1,1,B03,7,9,1,8,2,1,,23,23,1,5,5,B03,120.540945,24.21335,2
2022,2,24,15,41,臺中市,清水區,0,0,0,8,1,5,70,14,7,1,5,4,5,7,1,1,1,2,4,1,13,23,3,10,1,1,B03,7,9,1,8,2,1,,23,23,1,5,1,B03,120.588228,24.293045,3
2022,2,24,15,44,臺中市,太平區,0,0,0,8,,,30,,,,,,,,,,,,,,,12,,,,,B03,,,1,,2,,,12,12,1,21,,B03,120.75272,24.122853,3
2022,2,24,16,0,臺中市,中區,0,0,0,8,,,50,,,,,,,,,,,,,,,16,,,,,B03,,,1,,1,,,16,16,1,4,,B03,120.677652,24.14412,3
2022,2,24,16,0,臺中市,豐原區,0,1,0,8,1,5,50,4,1,1,5,4,5,7,1,1,10,5,5,2,15,25,2,9,1,1,C03,7,9,1,10,2,14,,25,25,1,21,8,C03,120.722421,24.238259,2
2022,2,24,16,7,臺中市,西屯區,0,0,0,8,,,30,,,,,,,,,,,,,,,23,,,,,C03,,,1,,1,,,23,23,1,22,,C03,120.647013,24.176558,3
2022,2,24,16,17,臺中市,北屯區,0,0,0,8,,,40,,,,,,,,,,,,,,,16,,,,,B03,,,1,,1,,,16,16,1,5,,B03,120.719397,24.163306,3
2022,2,24,16,28,臺中市,西屯區,0,0,0,8,,,40,,,,,,,,,,,,,,,23,,,,,B03,,,1,,1,,,23,23,1,22,,B03,120.64769,24.173938,3
2022,2,24,16,30,臺中市,西區,0,1,0,8,1,5,50,4,1,1,5,4,5,7,4,4,10,5,5,2,16,8,2,9,1,1,C03,7,5,3,18,2,14,,8,8,1,4,5,C03,120.667253,24.142062,2
2022,2,24,16,30,臺中市,南屯區,0,0,0,8,,,80,,,,,,,,,,,,,,,16,,,,,B12,,,1,,1,,,16,16,1,22,,B12,120.622777,24.145833,3
2022,2,24,16,30,臺中市,霧峰區,0,1,0,8,1,5,30,3,1,1,5,4,5,3,4,4,10,5,5,2,16,8,3,10,1,1,B02,7,5,1,8,2,1,,8,8,1,22,8,B02,120.71397,24.078366,2
2022,2,24,16,32,臺中市,南區,0,2,0,8,1,5,30,14,9,1,5,4,5,7,4,4,10,5,5,2,2,23,2,9,1,1,C03,7,9,1,10,2,11,,23,23,1,21,8,C03,120.651727,24.114447,2
2022,2,24,16,37,臺中市,梧棲區,0,1,0,8,1,5,50,14,9,1,5,4,5,7,4,4,8,3,5,1,16,19,2,9,1,1,C03,7,1,1,10,2,14,,19,19,1,21,8,C03,120.521146,24.234717,2
2022,2,24,16,38,臺中市,南屯區,0,0,0,,,,40,,,,,,,,,,,,,,,17,,,,,B03,,,1,,2,,,17,17,1,12,,B03,120.638391,24.151464,3
2022,2,24,16,40,臺中市,太平區,0,0,0,8,,,50,,,,,,,,,,,,,,,43,,,,,,,,,,,,,43,43,1,,,,120.705772,24.159806,3
2022,2,24,16,40,臺中市,東區,0,0,0,8,,,50,,,,,,,,,,,,,,,43,,,,,,,,,,,,,43,43,1,,,,120.708001,24.140834,3
2022,2,24,16,42,臺中市,北屯區,0,3,0,8,1,5,50,14,9,1,5,4,5,7,4,4,1,4,5,2,13,16,2,9,1,1,C03,7,9,1,10,2,11,,16,16,1,21,8,C03,120.692809,24.162887,2
2022,2,24,16,45,臺中市,南區,0,0,0,8,,,1,,,,,,,,,,,,,,,19,,,,,B03,,,1,,2,,,19,19,1,22,,B03,120.66206,24.128799,3
2022,2,24,16,45,臺中市,石岡區,0,1,0,8,1,5,70,4,1,1,5,4,5,7,1,1,10,5,5,2,17,6,3,10,1,1,B12,7,5,1,8,2,2,,6,6,1,21,8,B12,120.801702,24.268487,2
2022,2,24,17,0,臺中市,烏日區,0,1,0,8,1,5,60,4,1,1,5,4,5,7,2,1,10,5,5,2,16,8,3,10,1,1,B03,7,5,1,8,2,2,,8,8,1,21,8,B03,120.65163,24.104941,2
2022,2,24,17,0,臺中市,豐原區,0,2,0,8,1,5,50,5,1,1,5,4,5,7,1,1,5,5,5,2,16,19,2,8,1,1,C03,7,1,3,18,2,14,,19,19,1,22,9,C03,120.717303,24.246181,2
2022,2,24,17,1,臺中市,大里區,0,0,0,8,,,80,,,,,,,,,,,,,,,16,,,,,B11,,,1,,2,,,16,16,1,22,,B11,120.693241,24.104346,3
2022,2,24,17,4,臺中市,西屯區,0,0,0,8,,,50,,,,,,,,,,,,,,,7,,,,,B03,,,1,,1,,,7,7,1,22,,B03,120.642899,24.169975,3
2022,2,24,17,5,臺中市,大甲區,0,3,0,8,1,5,50,4,1,1,5,4,5,7,1,1,10,5,5,1,12,23,2,9,1,1,C03,7,9,2,18,2,11,,23,23,1,16,2,C03,120.632452,24.340338,2
2022,2,24,17,14,臺中市,南屯區,0,0,0,,,,40,,,,,,,,,,,,,,,23,,,,,C03,,,1,,1,,,23,23,1,22,,C03,120.613474,24.148853,3
2022,2,24,17,17,臺中市,烏日區,0,1,0,8,1,5,50,4,1,1,5,4,5,7,1,1,10,5,5,2,16,9,3,10,1,1,B03,7,6,1,8,2,2,,9,9,1,21,8,B03,120.644424,24.056154,2
2022,2,24,17,18,臺中市,烏日區,0,1,0,8,2,5,40,14,9,1,5,4,5,7,4,4,5,5,5,1,13,16,2,7,1,1,F03,7,9,8,20,2,16,,16,16,1,9,1,F03,120.647839,24.05367,2
2022,2,24,17,19,臺中市,西屯區,0,1,0,8,1,5,50,3,1,1,5,4,5,7,1,1,1,2,5,2,16,42,2,9,3,4,B03,7,15,1,8,2,3,,42,42,1,22,8,B03,120.614128,24.183538,2
2022,2,24,17,20,臺中市,東區,0,0,0,7,1,5,50,5,1,1,5,4,5,7,1,1,5,5,5,2,16,6,3,10,1,1,B03,7,5,1,8,2,8,,6,6,1,21,8,B03,120.708289,24.135828,3
2022,2,24,17,20,臺中市,龍井區,0,0,0,,,,50,,,,,,,,,,,,,,,43,,,,,B12,,,1,,9,,,43,43,1,6,,B12,120.54991,24.208696,3
2022,2,24,17,24,臺中市,北區,0,0,0,8,,,50,,,,,,,,,,,,,,,23,,,,,B03,,,1,,2,,,23,23,1,22,,B03,120.6789,24.173145,3
2022,2,24,17,25,臺中市,南區,0,0,0,8,,,30,,,,,,,,,,,,,,,23,,,,,B03,,,1,,2,,,23,23,1,21,,B03,120.669282,24.122948,3
2022,2,24,17,30,臺中市,西屯區,0,1,0,8,1,5,40,3,2,1,5,4,5,7,4,4,8,3,5,1,17,6,3,10,1,1,C03,7,5,1,10,2,11,,6,6,1,22,8,C03,120.649372,24.168431,2
2022,2,24,17,35,臺中市,神岡區,0,1,0,7,1,5,50,3,1,1,5,4,5,7,4,4,9,5,5,1,16,6,2,9,1,1,C03,7,5,1,10,2,11,,6,6,1,22,8,C03,120.699345,24.250155,2
2022,2,24,17,40,臺中市,烏日區,0,0,0,,,,50,,,,,,,,,,,,,,,4,,,,,C03,,,1,,2,,,4,4,1,19,,C03,120.643591,24.081599,3
2022,2,24,17,41,臺中市,北區,0,1,0,8,1,5,50,3,1,1,5,4,5,7,4,4,9,5,5,2,16,6,3,10,1,1,C03,7,5,1,10,2,12,,6,6,1,22,8,C03,120.676646,24.16097,2
2022,2,24,17,41,臺中市,北區,0,1,0,8,1,5,50,4,1,1,5,4,5,7,1,1,10,5,5,2,13,16,2,9,3,4,C03,7,9,1,10,2,11,,16,16,1,5,8,C03,120.685395,24.152786,2
2022,2,24,17,41,臺中市,清水區,0,1,0,8,3,5,40,14,8,1,5,4,5,7,3,1,1,4,3,1,18,43,2,8,1,1,C03,7,9,1,10,2,14,,43,43,1,4,1,C03,120.55111,24.293366,2
2022,2,24,17,42,臺中市,北區,0,0,0,8,,,50,,,,,,,,,,,,,,,23,,,,,B03,,,1,,1,,,23,23,1,22,,B03,120.674402,24.171548,3
2022,2,24,17,45,臺中市,西屯區,0,1,0,8,1,5,50,3,1,1,5,4,5,7,1,1,9,4,5,2,16,25,3,10,1,1,B03,7,6,1,8,2,4,,25,25,1,12,8,B03,120.617577,24.18833,2
2022,2,24,17,45,臺中市,大甲區,0,0,0,,,,50,,,,,,,,,,,,,,,23,,,,,C03,,,1,,2,,,23,23,1,22,,C03,120.620955,24.352158,3
2022,2,24,17,46,臺中市,大里區,0,1,0,8,1,5,50,4,1,1,5,4,5,7,1,1,10,5,5,2,16,8,3,10,1,1,B03,7,5,1,8,2,6,,8,8,1,22,8,B03,120.7012,24.100166,2
2022,2,24,17,48,臺中市,東區,0,1,0,8,1,5,50,3,1,1,5,4,5,7,4,4,10,5,5,2,16,6,3,10,1,1,B03,7,5,1,8,2,7,,6,6,1,5,8,B03,120.700999,24.135767,2
2022,2,24,17,52,臺中市,龍井區,0,1,0,8,3,5,30,4,1,1,5,4,5,7,4,4,10,5,5,2,15,23,3,10,1,1,B03,7,9,1,8,2,1,,23,23,1,5,8,B03,120.524717,24.203487,2
2022,2,24,17,54,臺中市,東區,0,1,0,8,3,5,50,4,1,1,5,4,5,7,1,1,10,5,5,2,13,23,3,10,1,1,C04,7,15,1,10,2,11,,23,23,1,22,8,C04,120.687749,24.131982,2
2022,2,24,17,54,臺中市,太平區,0,1,0,8,2,5,30,3,1,1,5,4,5,7,4,4,10,5,5,2,16,6,3,10,1,1,B03,7,5,1,8,2,8,,6,6,1,19,5,B03,120.717169,24.133509,2
2022,2,24,17,57,臺中市,西屯區,0,0,0,8,,,50,,,,,,,,,,,,,,,23,,,,,B03,,,1,,11,,,23,23,1,22,,B03,120.646841,24.165074,3
2022,2,24,17,58,臺中市,西屯區,0,0,0,8,,,40,,,,,,,,,,,,,,,16,,,,,C03,,,1,,1,,,16,16,1,22,,C03,120.654851,24.159681,3
2022,2,24,17,58,臺中市,豐原區,0,1,0,8,1,5,50,4,9,1,5,4,5,7,2,1,5,5,5,2,17,16,2,5,3,4,C03,7,14,1,10,2,13,,38,16,1,22,8,C03,120.714556,24.245096,2
2022,2,24,18,3,臺中市,清水區,0,1,0,8,3,5,30,14,9,1,5,4,5,7,4,4,10,5,5,2,10,23,2,9,1,1,C03,7,9,1,10,2,11,,23,23,1,5,5,C03,120.57622,24.276551,2
2022,2,24,18,4,臺中市,大甲區,0,3,0,8,1,5,50,14,9,1,5,4,5,7,4,4,5,4,5,2,12,19,2,3,1,1,B03,7,1,1,8,2,8,,19,19,1,22,8,B03,120.656734,24.394459,2
2022,2,24,18,6,臺中市,南屯區,0,0,0,8,,,50,,,,,,,,,,,,,,,42,,,,,B03,,,1,,1,,,42,42,1,22,,B03,120.640336,24.147639,3
2022,2,24,18,8,臺中市,梧棲區,0,2,0,8,4,5,50,14,9,1,5,4,5,7,4,4,1,4,5,2,14,12,3,10,1,1,A12,7,2,1,7,2,7,,12,12,1,12,8,A12,120.540839,24.257547,2
2022,2,24,18,12,臺中市,南屯區,0,1,0,8,3,5,50,14,9,1,5,4,5,7,4,4,5,5,5,2,16,23,3,10,1,1,B03,7,9,1,8,2,5,,23,23,1,22,9,B03,120.633172,24.14971,2
2022,2,24,18,17,臺中市,北區,0,0,0,,,,50,,,,,,,,,,,,,,,43,,,,,B03,,,2,,1,,,43,43,1,5,,B03,120.684393,24.162899,3
2022,2,24,18,17,臺中市,西屯區,0,1,0,8,3,5,50,14,9,1,5,4,5,7,4,4,1,4,5,2,13,16,2,9,1,1,C03,7,9,1,10,2,11,,16,16,1,22,8,C03,120.658915,24.201055,2
2022,2,24,18,18,臺中市,南區,0,1,0,8,3,5,50,4,1,1,5,4,5,7,1,1,10,5,5,2,16,6,3,10,1,1,B03,7,6,1,8,2,5,,6,6,1,21,8,B03,120.668511,24.129407,2
2022,2,24,18,19,臺中市,南屯區,0,0,0,,,,50,,,,,,,,,,,,,,,16,,,,,C03,,,1,10,2,,,16,16,1,12,,C03,120.646009,24.1534,3
2022,2,24,18,21,臺中市,南屯區,0,0,0,8,3,5,50,4,2,1,5,4,5,7,1,1,1,4,4,2,16,26,,,,,B03,,,1,,1,,,26,26,1,22,,B03,120.623486,24.1497,3
2022,2,24,18,21,臺中市,西屯區,0,1,0,8,3,5,40,14,8,1,5,4,5,7,4,4,1,4,1,2,12,44,3,10,3,4,B02,7,9,1,8,2,5,,44,44,1,22,8,B02,120.614899,24.18315,2
2022,2,24,18,23,臺中市,大里區,0,1,0,8,3,5,50,4,2,1,5,4,5,7,1,1,5,4,5,1,17,40,3,10,1,1,B03,7,13,3,18,2,4,,40,40,1,22,8,B03,120.686177,24.110384,2
2022,2,24,18,25,臺中市,清水區,0,0,0,8,3,5,70,14,7,1,5,4,5,7,1,1,1,4,3,1,14,12,3,10,1,1,A41,7,2,1,1,2,3,,12,12,1,4,1,A41,120.577798,24.300576,3
2022,2,24,18,27,臺中市,西屯區,0,0,0,8,,,40,,,,,,,,,,,,,,,7,,,,,B03,,,1,,1,,,7,7,1,22,,B03,120.638786,24.159441,3
2022,2,24,18,32,臺中市,梧棲區,0,1,0,8,4,5,70,4,1,1,5,4,5,7,1,1,10,5,5,2,16,26,3,10,1,1,B03,7,6,1,8,2,6,,26,26,1,12,8,B03,120.536045,24.249973,2
2022,2,24,18,34,臺中市,西屯區,0,1,0,8,3,5,40,4,9,1,5,4,5,7,4,4,1,3,5,1,13,7,2,9,1,1,C03,7,8,1,10,2,11,,7,7,1,22,8,C03,120.646756,24.168936,2
2022,2,24,18,36,臺中市,太平區,0,0,0,8,,,80,,,,,,,,,,,,,,,23,,,,,B03,,,1,,1,,,23,23,1,4,,B03,120.714207,24.148542,3
2022,2,24,18,38,臺中市,大甲區,0,1,0,8,3,5,50,14,9,1,5,4,5,7,4,4,9,5,5,1,12,18,3,10,1,1,B03,7,3,1,8,2,8,,18,18,1,22,1,B03,120.616064,24.341416,2
2022,2,24,18,48,臺中市,外埔區,0,0,0,8,,,50,,,,,,,,,,,,,,,23,,,,,B03,,,1,,2,,,44,44,1,4,,B03,120.636761,24.343178,3
2022,2,24,18,48,臺中市,豐原區,0,1,0,8,3,5,50,4,1,1,5,4,5,7,2,1,5,5,5,2,16,6,3,10,1,1,B01,7,5,1,8,2,5,,6,6,1,10,4,B01,120.722381,24.254318,2
2022,2,24,19,0,臺中市,大里區,0,0,0,8,,,50,,,,,,,,,,,,,,,16,,,,,B03,,,1,,2,,,16,16,1,4,,B03,120.703392,24.101321,3
2022,2,24,19,8,臺中市,北屯區,0,1,0,8,3,5,50,4,1,1,5,4,5,7,1,1,10,5,5,2,16,6,3,10,1,1,B03,7,5,1,8,2,2,,6,6,1,22,8,B03,120.718535,24.170021,2
2022,2,24,19,12,臺中市,龍井區,0,1,0,7,3,5,30,3,1,1,5,4,5,7,4,4,10,5,5,2,16,6,2,9,1,1,C03,7,5,1,10,2,11,,6,6,1,22,8,C03,120.59277,24.18203,2
2022,2,24,19,12,臺中市,神岡區,0,1,0,8,3,5,50,3,2,1,5,4,5,7,1,1,9,4,4,2,16,26,2,9,1,1,C03,7,6,1,10,2,14,,26,26,1,22,8,C03,120.656488,24.250809,2
2022,2,24,19,14,臺中市,石岡區,0,0,0,8,,,30,,,,,,,,,,,,,,,12,,,,,B03,,,1,,2,,,12,12,1,21,,B03,120.78929,24.272989,3
2022,2,24,19,15,臺中市,大肚區,0,0,0,,,,40,,,,,,,,,,,,,,,17,,,,,B03,,,1,,2,,,17,17,1,22,,B03,120.57404,24.167303,3
2022,2,24,19,15,臺中市,烏日區,0,1,0,8,3,5,70,14,8,1,5,4,5,7,4,4,1,4,4,1,12,23,3,10,1,1,C03,7,9,3,18,9,12,,23,23,2,9,8,C03,120.600846,24.110558,2
2022,2,24,19,17,臺中市,北屯區,0,1,0,8,3,5,60,14,7,1,5,4,5,7,3,1,10,5,5,2,17,26,3,10,1,1,B03,7,11,1,8,2,15,,26,26,1,5,8,B03,120.722526,24.162177,2
2022,2,24,19,24,臺中市,東區,0,1,0,8,1,5,50,4,7,1,5,4,5,7,1,1,5,5,4,2,16,42,2,9,1,1,C03,7,5,1,10,2,12,,42,42,1,21,8,C03,120.702976,24.14455,2
2022,2,24,19,36,臺中市,大里區,0,2,0,8,3,5,50,4,2,1,5,4,5,7,3,1,5,4,4,1,3,23,2,9,3,4,C03,7,9,1,10,2,11,,23,23,1,22,8,C03,120.666131,24.111932,2
2022,2,24,19,38,臺中市,烏日區,0,0,0,8,,,30,,,,,,,,,,,,,,,23,,,,,B03,,,1,,2,,,23,23,1,22,,B03,120.605255,24.11693,3
2022,2,24,19,42,臺中市,龍井區,0,1,0,8,3,5,50,3,1,1,5,4,5,7,1,1,10,5,5,2,13,23,2,9,1,1,C03,7,14,1,10,2,13,,44,23,1,12,1,C03,120.54119,24.193382,2
2022,2,24,19,45,臺中市,西屯區,0,0,0,8,,,40,,,,,,,,,,,,,,,12,,,,,B03,,,1,,2,,,12,12,1,22,,B03,120.646037,24.191437,3
2022,2,24,19,46,臺中市,豐原區,0,1,0,8,3,5,50,14,7,1,5,4,5,7,4,4,9,4,4,2,13,16,2,7,1,1,C03,7,9,1,9,2,11,,16,16,1,9,8,C03,120.724731,24.243881,2
2022,2,24,19,47,臺中市,中區,0,1,0,8,3,5,50,4,1,1,5,4,5,7,2,2,10,5,5,2,17,26,3,10,1,1,B03,7,6,1,7,2,2,,26,26,1,5,6,B03,120.682211,24.140111,2
2022,2,24,19,50,臺中市,南屯區,0,3,0,8,3,5,50,14,9,1,5,4,5,7,4,4,5,4,4,2,16,26,2,9,1,1,C03,7,11,1,10,2,13,,26,26,1,22,8,C03,120.611005,24.138596,2
2022,2,24,20,27,臺中市,西區,0,3,0,8,3,5,50,4,1,1,5,4,5,7,1,1,10,5,5,2,12,9,2,9,1,1,C03,7,6,1,10,2,13,,9,9,1,22,9,C03,120.669792,24.143996,2
2022,2,24,20,36,臺中市,外埔區,0,1,0,8,3,5,70,4,2,1,5,4,5,7,1,1,1,1,5,1,15,42,2,3,1,1,F03,7,9,8,20,2,16,,42,42,1,21,8,F03,120.654183,24.320426,2