年,月,日,時,分,縣市,區,死,受傷,2-30,天候,光線,道路類別,速限,道路型態,事故位置,路面鋪裝,路面狀態,路面缺陷,障礙物,視距,號誌種類,號誌動作,分向設施,快車道或一般車道間,快慢車道間,路面邊線,事故類型及型態,主要肇因,受傷程度,主要傷處,保護裝備,行動電話,當事者區分,車輛用途,當事者行動狀態,駕駛資格情形,駕駛執照種類,飲酒情形,車輛撞擊部位最初,車輛撞擊部位其他,肇事因素個別,肇事因素主要,肇事逃逸,職業,旅次目的,車種,GPS緯度,GPS經度,事故類別
2022,2,24,20,37,臺中市,東區,0,1,0,8,3,5,40,14,8,1,5,4,5,7,4,4,9,5,4,2,17,23,2,8,1,1,C04,7,9,1,10,2,11,,23,23,1,5,8,C04,120.689408,24.133383,2
2022,2,24,20,38,臺中市,清水區,0,0,0,8,3,5,50,4,13,1,5,4,5,7,4,4,1,4,5,1,14,12,3,10,1,1,B03,7,2,1,8,2,3,,12,12,1,5,5,B03,120.567427,24.276773,3
2022,2,24,20,45,臺中市,太平區,0,1,0,8,3,5,50,14,7,1,5,4,5,7,4,4,5,4,4,2,17,26,3,10,1,1,C03,7,11,1,10,2,15,,26,26,1,22,8,C03,120.720502,24.118924,2
2022,2,24,21,1,臺中市,北區,0,1,0,8,3,5,50,4,1,1,5,4,5,7,4,4,10,5,5,2,16,6,3,10,1,1,B03,7,9,1,8,2,1,,14,6,1,22,8,B03,120.684311,24.163845,2
2022,2,24,21,1,臺中市,北區,0,0,0,6,,,50,,,,,,,,,,,,,,,19,,,,,B03,,,1,,2,,,19,19,1,22,,B03,120.678313,24.163112,3
2022,2,24,21,1,臺中市,西屯區,0,2,0,8,3,5,40,14,8,1,5,4,5,7,4,4,8,3,4,1,13,23,2,9,1,1,C03,7,9,1,10,2,11,,23,23,1,20,8,C03,120.638973,24.165692,2
2022,2,24,21,7,臺中市,北屯區,0,0,0,8,,,40,,,,,,,,,,,,,,,6,,,,,B03,,,1,,2,,,6,6,1,22,,B03,120.66728,24.185048,3
2022,2,24,21,8,臺中市,西區,0,0,0,8,,,50,,,,,,,,,,,,,,,26,,,,,B02,,,1,8,1,,,26,26,1,22,,B02,120.664298,24.150856,3
2022,2,24,21,15,臺中市,東區,0,0,0,,,,50,,,,,,,,,,,,,,,23,,,,,C03,,,1,,2,,,23,23,1,21,,C03,120.698001,24.132851,3
2022,2,24,21,35,臺中市,太平區,0,0,0,8,,,50,,,,,,,,,,,,,,,26,,,,,B03,,,1,,1,,,26,26,1,21,,B03,120.710261,24.15033,3
2022,2,24,21,35,臺中市,清水區,0,1,0,8,3,5,30,4,1,1,5,4,5,7,4,4,10,5,5,2,16,6,2,9,1,1,C03,7,6,1,10,2,11,,6,6,1,5,5,C03,120.550124,24.278104,2
2022,2,24,21,42,臺中市,沙鹿區,0,1,0,8,3,5,50,3,1,1,5,4,5,7,4,4,10,5,5,2,16,9,3,10,1,1,B12,7,6,1,8,2,5,,9,9,1,21,8,B12,120.566994,24.238847,2
2022,2,24,21,46,臺中市,梧棲區,0,0,0,8,,,70,,,,,,,,,,,,,,,23,,,,,B03,,,1,,2,,,23,23,1,19,,B03,120.558615,24.257003,4
2022,2,24,22,3,臺中市,沙鹿區,0,1,0,8,3,5,40,15,11,1,5,4,5,7,2,1,10,5,5,2,17,42,3,10,1,1,C03,7,1,1,10,2,11,,42,42,1,5,7,C03,120.575962,24.227192,2
2022,2,24,22,14,臺中市,北屯區,0,1,0,8,3,5,50,14,9,1,5,4,5,7,3,1,5,5,5,2,3,51,2,9,4,5,H01,8,16,8,20,10,16,,51,51,1,22,8,H01,120.682508,24.192003,2
2022,2,24,22,16,臺中市,西屯區,0,2,0,8,3,5,40,14,8,1,5,4,5,7,4,4,1,4,4,2,13,16,2,9,3,4,C03,7,9,1,10,2,11,,16,16,1,22,8,C03,120.615473,24.186513,2
2022,2,24,22,20,臺中市,大雅區,0,2,0,8,3,5,40,14,8,1,5,4,5,7,4,4,5,5,4,1,17,44,3,10,1,1,B03,7,8,1,8,2,15,,44,44,1,22,9,B03,120.644152,24.207154,2
2022,2,24,22,50,臺中市,南屯區,0,1,0,8,3,5,40,14,8,1,5,4,5,7,4,4,1,4,4,2,17,23,2,9,1,1,C03,7,9,3,18,2,14,,23,23,1,22,8,C03,120.642991,24.150973,2
2022,2,25,0,7,臺中市,西區,0,0,0,8,,,50,,,,,,,,,,,,,,,12,,,,,B03,,,1,,2,,,12,12,1,22,,B03,120.655889,24.15086,3
2022,2,25,1,28,臺中市,北區,0,0,0,8,,,30,,,,,,,,,,,,,,,23,,,,,B12,,,1,,2,,,23,23,1,10,,B12,120.696562,24.153745,3
2022,2,25,1,34,臺中市,北屯區,0,0,0,8,,,50,,,,,,,,,,,,,,,23,,,,,B03,,,1,,2,,,23,23,1,5,,B03,120.732761,24.175448,3
2022,2,25,1,45,臺中市,北區,0,0,0,8,,,50,,,,,,,,,,,,,,,42,,,,,B03,,,1,,9,,,42,42,1,22,,B03,120.675803,24.156408,3
2022,2,25,6,6,臺中市,東區,0,1,0,8,2,5,50,5,1,1,5,4,5,7,1,1,10,5,5,2,16,16,2,8,1,1,C03,7,9,1,10,2,11,,16,16,1,22,8,C03,120.696201,24.14275,2
2022,2,25,6,25,臺中市,潭子區,0,2,0,8,1,5,50,4,1,1,5,4,5,7,1,1,10,5,5,2,16,19,2,9,1,1,C03,7,1,1,10,2,14,,19,19,1,22,9,C03,120.718719,24.204122,2
2022,2,25,6,38,臺中市,大里區,0,1,0,8,1,5,30,3,1,1,5,4,5,7,4,4,5,5,5,1,16,6,2,7,1,1,C03,7,5,1,10,2,14,,6,6,1,20,8,C03,120.696534,24.090694,2
2022,2,25,6,45,臺中市,北區,0,1,0,8,1,5,50,4,1,1,5,4,5,7,1,1,10,5,5,2,12,25,3,10,1,1,B03,7,5,1,8,2,2,,25,25,1,22,8,B03,120.678313,24.163112,2
2022,2,25,6,45,臺中市,北屯區,0,0,0,8,,,40,,,,,,,,,,,,,,,12,,,,,B03,,,1,,1,,,12,12,1,22,,B03,120.719218,24.180002,3
2022,2,25,6,47,臺中市,神岡區,0,0,0,8,,,0,,,,,,,,,,,,,,,19,,,,,B03,,,6,,2,,,19,19,1,22,,B03,120.698914,24.248668,3
2022,2,25,6,56,臺中市,梧棲區,0,1,0,8,1,5,40,14,7,1,5,4,5,7,4,4,5,4,4,2,16,19,2,9,1,1,C03,7,1,1,10,2,14,,19,19,1,8,1,C03,120.531533,24.256735,2
2022,2,25,7,0,臺中市,大里區,1,0,0,8,1,5,40,14,8,1,5,4,5,7,4,4,1,4,1,1,26,42,1,9,1,4,C03,7,9,6,10,2,12,11,42,42,1,9,8,C03,120.655053,24.088286,1
2022,2,25,7,3,臺中市,沙鹿區,0,1,0,8,1,5,70,3,1,1,5,4,5,7,1,1,1,5,1,1,17,6,3,10,1,1,B12,7,6,1,7,2,5,,6,6,1,22,1,B12,120.603627,24.248445,2
2022,2,25,7,8,臺中市,大雅區,0,1,0,8,1,5,30,5,1,1,5,4,5,7,4,4,10,5,5,2,17,6,3,10,1,1,C03,7,9,1,10,2,11,,6,6,1,22,9,C03,120.635872,24.215506,2
2022,2,25,7,15,臺中市,大甲區,0,0,0,8,,,50,,,,,,,,,,,,,,,23,,,,,A02,,,1,,2,,,23,23,1,10,,A02,120.636546,24.346668,3
2022,2,25,7,17,臺中市,南屯區,0,0,0,8,1,5,50,14,9,1,5,4,5,7,4,4,1,4,5,2,13,45,3,10,1,1,A11,7,9,1,2,1,1,,45,45,1,10,4,A11,120.646405,24.153916,3
2022,2,25,7,20,臺中市,南屯區,0,0,0,8,1,5,30,14,9,1,5,4,5,7,4,4,10,5,5,2,14,12,3,10,1,1,C03,7,2,1,10,2,13,,12,12,1,22,8,C03,120.626722,24.117582,3
2022,2,25,7,22,臺中市,北區,0,2,0,8,1,5,40,4,4,1,5,4,5,7,1,1,1,5,5,2,13,16,2,9,1,1,C03,7,12,1,10,2,11,13,16,16,1,22,9,C03,120.672036,24.171498,2
2022,2,25,7,25,臺中市,大里區,0,0,0,8,,,60,,,,,,,,,,,,,,,26,,,,,B03,,,1,,2,,,26,26,1,22,,B03,120.671933,24.102217,3
2022,2,25,7,27,臺中市,龍井區,0,2,0,8,1,5,40,14,9,1,5,4,5,7,4,4,9,4,5,2,13,23,2,8,1,1,C03,7,9,1,10,2,11,,23,23,1,16,2,C03,120.585818,24.186323,2
2022,2,25,7,28,臺中市,霧峰區,0,1,0,8,1,5,30,4,1,1,5,4,5,7,4,4,10,5,5,1,15,6,3,10,1,1,B12,7,9,1,8,2,1,,6,6,1,4,8,B12,120.670882,24.029828,2
2022,2,25,7,30,臺中市,西區,0,0,0,8,,,50,,,,,,,,,,,,,,,17,,,,,A04,,,1,,2,,,17,17,1,10,,A04,120.667246,24.146617,3
2022,2,25,7,32,臺中市,東區,0,0,0,8,,,50,,,,,,,,,,,,,,,26,,,,,B03,,,1,,2,,,26,26,1,22,,B03,120.711878,24.144275,3
2022,2,25,7,33,臺中市,西屯區,0,1,0,8,1,5,30,15,9,1,5,4,5,7,4,4,10,5,5,2,16,43,2,9,3,4,C01,7,9,1,9,2,14,,43,43,1,22,8,C01,120.658921,24.206376,2
2022,2,25,7,34,臺中市,烏日區,0,1,0,8,1,5,50,5,1,1,5,4,5,7,1,3,10,5,5,2,16,8,3,10,1,1,B03,7,5,1,8,2,8,,8,8,1,21,1,B03,120.651123,24.05564,2
2022,2,25,7,43,臺中市,東區,0,1,0,8,1,5,50,3,1,1,5,4,5,7,4,4,10,5,5,2,16,6,3,10,1,1,B12,7,5,1,8,2,2,,6,6,1,22,8,B12,120.699377,24.145209,2
2022,2,25,7,44,臺中市,北區,0,0,0,8,,,50,,,,,,,,,,,,,,,2,,,,,B03,,,1,,1,,,2,2,1,5,,B03,120.682365,24.163041,3
2022,2,25,7,45,臺中市,大里區,0,1,0,8,1,5,50,3,1,1,5,4,5,7,4,4,9,5,5,2,16,11,3,10,1,1,B03,7,11,1,8,2,6,,11,11,1,22,8,B03,120.707543,24.097526,2
2022,2,25,7,48,臺中市,神岡區,0,2,0,8,1,5,30,3,1,1,5,4,5,3,4,4,10,5,5,2,17,42,2,9,3,4,C03,7,6,1,10,2,11,,42,42,1,22,9,C03,120.678403,24.258238,2
2022,2,25,7,52,臺中市,西區,0,1,0,8,1,5,40,3,1,1,5,4,5,7,4,4,1,4,1,2,13,23,3,10,1,1,B03,7,14,1,8,2,7,,44,23,1,4,9,B03,120.669353,24.151588,2
2022,2,25,7,55,臺中市,大里區,0,1,0,8,1,5,50,4,1,1,5,4,5,7,1,1,10,5,5,2,16,26,2,9,1,1,C03,7,5,1,10,2,11,,26,26,1,4,1,C03,120.698356,24.080595,2
2022,2,25,7,55,臺中市,大甲區,0,2,0,8,1,5,50,3,1,1,5,4,5,7,1,1,10,5,5,2,16,25,2,7,1,1,C03,7,9,1,10,2,11,,25,25,1,4,1,C03,120.627468,24.350683,2
2022,2,25,7,59,臺中市,中區,0,0,0,8,,,50,,,,,,,,,,,,,,,26,,,,,A04,,,1,,1,,,26,26,1,4,,A04,120.678176,24.141115,3
2022,2,25,8,0,臺中市,東區,0,1,0,8,1,5,50,14,7,1,5,4,5,7,4,4,9,5,4,2,16,11,3,10,1,1,B03,7,11,1,8,2,8,,11,11,1,21,8,B03,120.705423,24.13723,2
2022,2,25,8,0,臺中市,南區,0,0,0,,,,50,,,,,,,,,,,,,,,19,,,,,B03,,,1,,2,,,19,19,1,22,,B03,120.67004,24.112788,3
2022,2,25,8,1,臺中市,太平區,0,0,0,8,,,40,,,,,,,,,,,,,,,12,,,,,A41,,,1,,2,,,12,12,1,10,,A41,120.705126,24.125376,3
2022,2,25,8,4,臺中市,沙鹿區,0,1,0,8,1,5,50,15,8,1,5,4,5,7,4,4,1,4,1,1,16,7,3,10,1,1,B03,7,8,1,8,2,5,,7,7,1,4,8,B03,120.572807,24.231241,2
2022,2,25,8,6,臺中市,大甲區,0,1,0,8,1,5,50,4,1,1,5,4,5,7,1,1,10,5,5,2,15,25,2,8,1,1,C03,7,9,1,10,2,12,11,25,25,1,4,1,C03,120.655125,24.38088,2
2022,2,25,8,12,臺中市,大里區,0,0,0,8,,,50,,,,,,,,,,,,,,,16,,,,,B12,,,1,,2,,,16,16,1,4,,B12,120.69577,24.087915,3
2022,2,25,8,16,臺中市,西屯區,0,0,0,8,,,40,,,,,,,,,,,,,,,12,,,,,B12,,,1,,1,,,12,12,1,22,,B12,120.680536,24.201062,3
2022,2,25,8,18,臺中市,豐原區,0,0,0,8,,,50,,,,,,,,,,,,,,,23,,,,,B03,,,1,,2,,,23,23,1,22,,B03,120.736415,24.261055,3
2022,2,25,8,25,臺中市,大肚區,0,1,0,8,1,5,50,14,9,1,5,4,5,7,4,4,5,4,5,1,2,17,3,10,1,1,B03,7,9,1,8,2,2,,17,17,1,19,8,B03,120.54501,24.151791,2
2022,2,25,8,30,臺中市,西屯區,0,1,0,8,1,5,30,4,1,1,4,4,5,7,3,1,10,5,5,2,15,6,2,8,3,4,C03,7,9,1,10,2,12,,6,6,1,22,8,C03,120.616386,24.1712,2
2022,2,25,8,42,臺中市,東區,0,2,0,8,1,5,50,3,2,1,5,4,5,7,4,4,5,4,4,2,16,19,2,9,1,1,C03,7,1,1,10,2,14,,19,19,1,22,8,C03,120.701241,24.143799,2
2022,2,25,8,43,臺中市,大肚區,0,0,0,,,,70,,,,,,,,,,,,,,,25,,,,,C03,,,1,,2,,,25,25,1,21,,C03,120.548233,24.142511,3
2022,2,25,8,45,臺中市,豐原區,0,1,0,8,1,5,50,4,2,1,5,4,5,7,2,1,4,5,4,2,12,42,3,10,1,1,B03,7,9,1,8,2,2,,42,42,1,4,1,B03,120.729513,24.243797,2
2022,2,25,8,47,臺中市,北屯區,0,1,0,8,1,5,50,14,9,1,5,4,5,7,4,4,1,4,5,2,9,19,3,10,3,4,A02,7,1,1,2,2,15,,19,19,1,21,8,A02,120.70195,24.181351,2
2022,2,25,8,48,臺中市,西區,0,2,0,8,1,5,40,3,8,1,5,4,5,7,4,4,5,4,4,2,16,42,3,10,1,1,C03,7,6,1,10,2,13,,42,42,1,21,8,C03,120.665484,24.148111,2
2022,2,25,8,50,臺中市,西區,0,0,0,8,,,50,,,,,,,,,,,,,,,19,,,,,B03,,,1,,1,,,19,19,1,21,,B03,120.661725,24.144333,3
2022,2,25,8,50,臺中市,清水區,0,1,0,8,1,5,40,14,8,1,5,3,5,7,4,4,1,3,4,1,29,45,2,3,1,1,C03,7,12,1,10,2,14,,45,45,1,21,8,C03,120.537268,24.281149,2
2022,2,25,8,56,臺中市,清水區,0,1,0,8,1,5,50,3,1,1,5,4,5,7,4,4,4,5,5,2,16,6,3,10,1,1,B12,7,5,1,8,2,5,,6,6,1,21,8,B12,120.609993,24.307697,2
2022,2,25,8,57,臺中市,中區,0,1,0,8,1,5,50,14,8,1,5,4,5,7,4,4,5,4,4,2,16,10,3,10,1,1,B03,7,11,1,8,2,2,,10,10,1,4,5,B03,120.674986,24.142225,2
2022,2,25,8,57,臺中市,太平區,0,0,0,8,,,30,,,,,,,,,,,,,,,6,,,,,B12,,,1,,2,,,6,6,1,9,,B12,120.724811,24.1493,3
2022,2,25,8,58,臺中市,太平區,0,0,0,8,,,40,,,,,,,,,,,,,,,26,,,,,B01,,,1,,2,,,26,26,1,10,,B01,120.714533,24.123047,3
2022,2,25,9,0,臺中市,南區,0,1,0,8,1,5,50,4,1,1,5,4,5,7,1,1,10,5,5,2,16,1,3,10,1,1,C03,7,9,1,10,2,12,,1,1,1,21,8,C03,120.67361,24.130268,2
2022,2,25,9,2,臺中市,東區,0,0,0,8,,,40,,,,,,,,,,,,,,,23,,,,,B03,,,1,,2,,,23,23,1,22,,B03,120.705043,24.144086,3
2022,2,25,9,3,臺中市,烏日區,0,2,0,8,1,5,60,4,1,1,5,4,5,7,2,1,10,5,5,2,13,42,2,2,1,1,B03,7,14,1,8,2,6,,42,42,1,21,7,B03,120.62021,24.105538,2
2022,2,25,9,8,臺中市,烏日區,0,0,0,8,,,80,,,,,,,,,,,,,,,43,,,,,B03,,,1,,2,,,43,43,1,21,,B03,120.616521,24.107356,3
2022,2,25,9,12,臺中市,豐原區,0,0,0,8,,,40,,,,,,,,,,,,,,,17,,,,,B03,,,1,,2,,,17,17,1,22,,B03,120.731748,24.249352,3
2022,2,25,9,15,臺中市,大里區,0,1,0,8,1,5,50,3,1,1,5,4,5,7,1,1,8,4,4,2,18,26,2,9,1,1,C03,7,5,1,10,2,14,,26,26,1,22,8,C03,120.708361,24.098454,2
2022,2,25,9,19,臺中市,西區,0,1,0,8,1,5,50,5,1,1,5,4,5,7,1,1,10,5,5,2,16,42,2,8,1,1,C03,7,9,1,10,2,14,,42,42,1,21,8,C03,120.670488,24.151252,2
2022,2,25,9,20,臺中市,清水區,0,0,0,8,,,50,,,,,,,,,,,,,,,6,,,,,B03,,,1,,2,,,6,6,1,21,,B03,120.539897,24.267901,3
2022,2,25,9,20,臺中市,梧棲區,0,0,0,8,,,50,,,,,,,,,,,,,,,40,,,,,B03,,,1,,2,,,40,40,1,5,,B03,120.535482,24.26115,3
2022,2,25,9,21,臺中市,西屯區,0,0,0,8,,,40,,,,,,,,,,,,,,,18,,,,,B03,,,1,,1,,,18,18,1,12,,B03,120.615246,24.188165,3
2022,2,25,9,23,臺中市,北區,0,0,0,8,,,50,,,,,,,,,,,,,,,42,,,,,A12,,,1,,2,,,42,42,1,5,,A12,120.6827,24.146099,3
2022,2,25,9,29,臺中市,烏日區,0,0,0,,,,50,,,,,,,,,,,,,,,23,,,,,B03,,,1,,,,,23,23,1,21,,B03,120.618935,24.103232,3
2022,2,25,9,30,臺中市,大里區,0,0,0,8,,,50,,,,,,,,,,,,,,,38,,,,,B12,,,1,,,,,38,38,1,6,,B12,120.695437,24.078992,3
2022,2,25,9,30,臺中市,后里區,0,2,0,8,1,5,40,3,1,1,5,4,5,7,4,4,10,5,5,2,15,6,2,9,1,1,C03,7,9,3,18,2,12,,6,6,1,22,8,C03,120.70898,24.30559,2
2022,2,25,9,30,臺中市,大甲區,0,1,0,8,1,5,40,14,8,1,5,4,5,7,1,1,1,4,4,1,29,23,2,7,1,1,C03,7,9,1,10,2,11,,23,23,1,4,1,C03,120.651628,24.382725,2
2022,2,25,9,33,臺中市,北區,0,0,0,8,,,50,,,,,,,,,,,,,,,23,,,,,B12,,,1,,1,,,23,23,1,22,,B12,120.686103,24.154708,3
2022,2,25,9,33,臺中市,西屯區,0,1,0,8,1,5,40,14,9,1,5,4,5,7,4,4,3,4,5,2,16,19,3,10,1,1,B03,7,1,1,8,1,8,,19,19,1,4,8,B03,120.6403,24.165493,2
2022,2,25,9,33,臺中市,太平區,0,0,0,8,,,50,,,,,,,,,,,,,,,12,,,,,B12,,,1,,2,,,12,12,1,21,,B12,120.724196,24.108326,3
2022,2,25,9,34,臺中市,霧峰區,0,0,0,8,,,50,,,,,,,,,,,,,,,19,,,,,F01,,,8,,1,,,19,19,1,4,,F01,120.69741,24.061745,3
2022,2,25,9,37,臺中市,龍井區,0,0,0,8,,,40,,,,,,,,,,,,,,,23,,,,,B03,,,3,,2,,,23,23,1,21,,B03,120.590835,24.191228,3
2022,2,25,9,38,臺中市,清水區,0,0,0,8,,,30,,,,,,,,,,,,,,,12,,,,,B12,,,1,,2,,,12,12,1,10,,B12,120.54518,24.264009,3
2022,2,25,9,42,臺中市,大里區,0,2,0,8,1,5,50,3,2,1,5,4,5,7,1,1,5,4,4,1,16,6,2,8,3,4,C03,7,5,1,10,2,14,,6,6,1,22,8,C03,120.685929,24.089088,2
2022,2,25,9,43,臺中市,北區,0,0,0,8,,,50,,,,,,,,,,,,,,,19,,,,,C03,,,1,,2,,,19,19,1,5,,C03,120.680784,24.160119,3
2022,2,25,9,45,臺中市,大里區,0,2,0,8,1,5,50,4,1,1,5,4,5,7,1,1,9,4,5,2,16,8,2,9,1,1,C03,7,5,3,18,2,14,,8,8,1,22,8,C03,120.69006,24.108983,2
2022,2,25,9,45,臺中市,新社區,0,1,0,8,1,5,30,11,9,1,5,4,5,7,4,4,10,5,5,2,11,5,3,10,1,1,B12,7,9,1,8,2,8,,5,5,1,22,9,B12,120.87127,24.16282,2
2022,2,25,9,47,臺中市,大里區,0,0,0,8,,,50,,,,,,,,,,,,,,,12,,,,,B12,,,1,,2,,,12,12,1,22,,B12,120.682606,24.113067,3
2022,2,25,9,49,臺中市,西屯區,0,0,0,8,,,,,,,,,,,,,,,,,,66,,,,,,,,,,,,,66,66,1,,,,120.61385,24.17429,3
2022,2,25,9,57,臺中市,西區,0,0,0,8,,,50,,,,,,,,,,,,,,,42,,,,,B03,,,1,,1,,,42,42,1,4,,B03,120.670987,24.151567,3
2022,2,25,9,58,臺中市,西屯區,0,0,0,8,,,50,,,,,,,,,,,,,,,23,,,,,A31,,,1,,2,,,23,23,1,22,,A31,120.625846,24.1806,3
2022,2,25,10,4,臺中市,后里區,0,1,0,8,1,5,50,4,1,1,5,4,5,7,2,1,10,4,4,1,16,11,3,10,1,1,C03,7,11,1,10,2,13,,11,11,1,22,8,C03,120.717793,24.309618,2
2022,2,25,10,5,臺中市,大里區,0,1,0,8,1,5,50,14,9,1,5,4,5,7,4,4,5,4,4,1,16,17,3,10,3,4,B02,7,9,1,8,9,5,,17,17,2,20,8,B02,120.683849,24.115577,2
2022,2,25,10,5,臺中市,大甲區,0,0,0,,,,50,,,,,,,,,,,,,,,23,,,,,B12,,,1,,2,,,23,23,1,22,,B12,120.638839,24.362196,3
2022,2,25,10,7,臺中市,西區,0,1,0,8,1,5,30,4,1,1,5,4,5,7,4,4,10,5,5,2,15,6,2,5,1,1,C03,7,9,1,10,2,12,,6,6,1,21,8,C03,120.660906,24.151976,2
2022,2,25,10,17,臺中市,西區,0,1,0,8,1,8,40,3,4,1,5,4,5,7,1,1,3,2,4,2,12,16,2,8,1,1,C03,7,9,1,10,2,14,,16,16,1,21,8,C03,120.656987,24.136738,2
2022,2,25,10,22,臺中市,太平區,0,0,0,8,,,50,,,,,,,,,,,,,,,23,,,,,B02,,,1,,2,,,23,23,1,3,,B02,120.70718,24.118636,3
2022,2,25,10,27,臺中市,豐原區,0,2,0,8,1,5,50,14,7,1,5,4,5,7,4,4,5,4,4,2,16,19,2,9,3,4,C03,7,1,1,10,2,11,,19,19,1,22,8,C03,120.728607,24.254864,2
2022,2,25,10,31,臺中市,大里區,0,2,0,8,1,5,50,4,1,1,5,4,5,7,4,4,9,5,4,1,16,42,2,9,1,1,C03,7,15,1,10,2,11,,42,42,1,22,8,C03,120.688345,24.110195,2
2022,2,25,10,36,臺中市,中區,0,1,0,8,1,5,50,4,1,1,5,4,5,7,1,1,10,5,5,2,13,23,3,10,1,1,B03,7,9,1,8,2,1,,23,23,1,2,9,B03,120.680613,24.146958,2
2022,2,25,10,36,臺中市,南區,0,0,0,8,,,50,,,,,,,,,,,,,,,12,,,,,G06,,,8,,2,,,12,12,1,22,,G06,120.655948,24.113825,3
2022,2,25,10,36,臺中市,大甲區,0,1,0,8,1,5,50,4,1,1,5,4,5,7,4,4,10,5,5,2,15,6,2,7,1,1,C03,7,9,1,10,2,11,,6,6,1,4,1,C03,120.653758,24.406675,2
2022,2,25,10,38,臺中市,豐原區,0,0,0,8,,,50,,,,,,,,,,,,,,,42,,,,,B12,,,1,,2,,,42,42,1,22,,B12,120.727058,24.259467,3
2022,2,25,10,40,臺中市,潭子區,0,1,0,8,1,5,50,4,2,1,5,4,5,7,2,1,1,3,4,1,17,6,3,10,1,1,A02,7,5,1,6,2,6,,6,6,1,22,8,A02,120.705267,24.209873,2
2022,2,25,10,43,臺中市,太平區,0,0,0,8,,,30,,,,,,,,,,,,,,,44,,,,,B03,,,1,,1,,,44,44,1,21,,B03,120.712325,24.15738,3
2022,2,25,10,50,臺中市,大里區,0,0,0,8,,,60,,,,,,,,,,,,,,,12,,,,,B03,,,1,,2,,,12,12,1,22,,B03,120.678863,24.111504,3
2022,2,25,10,51,臺中市,北區,0,1,0,8,1,5,40,14,8,1,5,4,5,7,4,4,1,4,4,2,17,43,2,9,1,1,C03,7,9,1,10,2,14,,43,43,1,22,9,C03,120.685105,24.154098,2
2022,2,25,10,53,臺中市,清水區,0,1,0,8,1,5,50,4,2,1,5,4,5,7,1,1,4,3,5,1,12,23,3,10,1,1,B03,7,9,1,8,2,5,,23,23,1,21,8,B03,120.574497,24.269276,2
2022,2,25,10,56,臺中市,太平區,0,2,0,8,1,5,50,3,1,1,5,4,5,7,1,1,10,5,5,2,16,6,2,7,1,1,C03,7,5,1,10,2,12,,6,6,1,5,8,C03,120.702104,24.148114,2
2022,2,25,10,56,臺中市,豐原區,0,0,0,8,,,50,,,,,,,,,,,,,,,23,,,,,B03,,,1,,9,,,23,23,2,22,,B03,120.700503,24.248956,3
2022,2,25,10,57,臺中市,西區,0,0,0,8,,,50,,,,,,,,,,,,,,,12,,,,,B03,,,1,,1,,,12,12,1,4,,B03,120.670055,24.141379,3
2022,2,25,10,57,臺中市,豐原區,0,1,0,8,1,5,50,4,18,1,5,4,5,7,2,1,4,4,4,2,1,9,3,10,1,1,B03,7,6,1,8,2,1,,9,9,1,4,8,B03,120.714316,24.251727,2
2022,2,25,11,13,臺中市,豐原區,0,0,0,8,,,50,,,,,,,,,,,,,,,12,,,,,A11,,,1,,2,,,12,12,1,10,,A11,120.733924,24.259574,3
2022,2,25,11,16,臺中市,太平區,0,0,0,8,,,30,,,,,,,,,,,,,,,12,,,,,A11,,,1,,2,,,12,12,1,21,,A11,120.716546,24.139304,3
2022,2,25,11,16,臺中市,神岡區,0,0,0,8,1,5,40,14,9,1,5,4,5,7,4,4,9,5,5,1,11,17,,,,,B12,,,1,,1,,,44,17,1,22,,B12,120.67623,24.266205,3
2022,2,25,11,16,臺中市,豐原區,0,1,0,8,1,5,50,14,7,1,5,4,5,7,4,4,5,3,5,1,17,23,3,10,1,1,B03,7,9,1,8,2,5,,23,23,1,22,8,B03,120.721076,24.270223,2
2022,2,25,11,20,臺中市,龍井區,0,0,0,8,,,40,,,,,,,,,,,,,,,7,,,,,B03,,,1,,2,,,7,7,1,20,,B03,120.521797,24.216549,3
2022,2,25,11,20,臺中市,后里區,0,0,0,8,,,30,,,,,,,,,,,,,,,23,,,,,B03,,,1,,1,,,23,23,1,22,,B03,120.749197,24.322942,3
2022,2,25,11,30,臺中市,霧峰區,0,0,0,8,,,40,,,,,,,,,,,,,,,19,,,,,B03,,,1,,2,,,19,19,1,6,,B03,120.661896,24.069615,3
2022,2,25,11,35,臺中市,西區,0,1,0,8,1,5,50,3,1,1,5,4,5,7,1,1,10,5,5,2,16,44,3,10,1,1,B01,7,9,1,8,2,1,,23,23,1,4,5,B01,120.67131,24.142625,2
2022,2,25,11,35,臺中市,大里區,0,2,0,8,1,5,50,4,1,1,5,4,5,7,4,4,9,5,4,2,16,8,2,8,1,1,F03,7,5,8,20,2,16,,8,8,1,22,8,F03,120.681671,24.110411,2
2022,2,25,11,36,臺中市,豐原區,0,1,0,8,1,5,50,14,7,1,5,4,5,7,4,4,9,4,4,2,17,19,3,10,3,4,B03,7,1,1,8,2,2,,19,19,1,22,8,B03,120.712738,24.248341,2
2022,2,25,11,45,臺中市,太平區,0,0,0,8,,,30,,,,,,,,,,,,,,,23,,,,,B02,,,1,,1,,,23,23,1,10,,B02,120.718055,24.123888,3
2022,2,25,11,47,臺中市,南屯區,0,1,0,8,1,5,40,14,8,1,5,4,5,7,4,4,3,5,3,2,18,43,2,9,1,1,C03,7,9,1,10,2,14,,43,43,1,22,8,C03,120.597148,24.155523,2