年,月,日,時,分,縣市,區,死,受傷,2-30,天候,光線,道路類別,速限,道路型態,事故位置,路面鋪裝,路面狀態,路面缺陷,障礙物,視距,號誌種類,號誌動作,分向設施,快車道或一般車道間,快慢車道間,路面邊線,事故類型及型態,主要肇因,受傷程度,主要傷處,保護裝備,行動電話,當事者區分,車輛用途,當事者行動狀態,駕駛資格情形,駕駛執照種類,飲酒情形,車輛撞擊部位最初,車輛撞擊部位其他,肇事因素個別,肇事因素主要,肇事逃逸,職業,旅次目的,車種,GPS緯度,GPS經度,事故類別
2022,2,27,17,31,臺中市,后里區,0,2,0,8,1,5,50,3,1,1,5,4,5,7,3,1,4,1,4,1,15,6,2,3,1,1,B03,7,15,1,8,2,5,,6,6,1,22,8,B03,120.729388,24.330217,2
2022,2,27,17,39,臺中市,南區,0,0,0,8,,,50,,,,,,,,,,,,,,,23,,,,,B03,,,1,,2,,,23,23,1,22,,B03,120.66706,24.11957,3
2022,2,27,17,52,臺中市,大肚區,0,1,0,8,1,5,50,14,9,1,5,4,5,7,4,4,5,5,5,1,12,17,3,10,3,4,B03,7,4,1,8,2,2,,17,17,1,22,8,B03,120.579775,24.170716,2
2022,2,27,17,53,臺中市,西區,0,1,0,8,1,5,50,4,1,1,5,4,5,7,1,1,10,5,5,2,17,42,3,10,1,1,C03,7,15,1,10,2,15,,42,42,1,5,6,C03,120.682212,24.135899,2
2022,2,27,17,57,臺中市,清水區,0,0,0,8,,,50,,,,,,,,,,,,,,,23,,,,,C03,,,1,,1,,,23,23,1,21,,C03,120.586035,24.26962,3
2022,2,27,18,0,臺中市,神岡區,0,0,0,8,,,50,,,,,,,,,,,,,,,23,,,,,B03,,,1,,1,,,23,23,1,12,,B03,120.631491,24.241135,3
2022,2,27,18,10,臺中市,龍井區,0,2,0,8,1,5,30,4,1,1,5,4,5,7,3,1,10,5,5,2,15,4,2,8,1,1,C03,7,9,1,10,2,11,,4,4,1,12,8,C03,120.539016,24.192913,2
2022,2,27,18,13,臺中市,沙鹿區,0,1,0,8,3,5,50,14,9,1,5,4,5,7,4,4,5,5,5,1,11,26,3,10,1,1,C03,7,15,6,18,2,12,,26,26,1,9,7,C03,120.554722,24.225833,2
2022,2,27,18,17,臺中市,豐原區,0,0,0,8,,,50,,,,,,,,,,,,,,,23,,,,,B03,,,1,,2,,,23,23,1,22,,B03,120.709252,24.271152,3
2022,2,27,18,21,臺中市,梧棲區,0,0,0,8,,,40,,,,,,,,,,,,,,,6,,,,,B03,,,1,,2,,,6,6,1,11,,B03,120.526458,24.222586,3
2022,2,27,18,25,臺中市,南屯區,0,1,0,8,3,5,50,14,7,1,5,4,5,7,1,1,5,4,4,2,13,23,2,9,1,1,C03,7,9,1,10,2,11,,23,23,1,22,9,C03,120.607602,24.126739,2
2022,2,27,18,25,臺中市,豐原區,0,2,0,8,3,5,50,4,1,1,5,4,5,7,4,4,3,5,5,1,16,6,2,8,1,1,C03,7,5,1,10,2,12,,6,6,1,22,9,C03,120.721894,24.274485,2
2022,2,27,18,27,臺中市,西區,0,0,0,8,,,50,,,,,,,,,,,,,,,6,,,,,B03,,,1,,2,,,6,6,1,21,,B03,120.658486,24.150862,3
2022,2,27,18,28,臺中市,西屯區,0,0,0,8,,,50,,,,,,,,,,,,,,,7,,,,,B03,,,1,,1,,,7,7,1,21,,B03,120.639618,24.159835,3
2022,2,27,18,28,臺中市,大肚區,0,2,0,8,3,5,50,4,9,1,5,4,5,7,2,1,5,4,5,1,16,19,2,9,1,1,C03,7,1,1,10,2,14,,19,19,1,2,8,C03,120.544208,24.15414,2
2022,2,27,18,29,臺中市,西屯區,0,1,0,8,3,5,50,14,8,1,5,4,5,7,4,4,9,4,4,2,11,8,3,10,1,1,B03,7,5,1,8,2,2,,8,8,1,22,8,B03,120.643245,24.172108,2
2022,2,27,18,31,臺中市,霧峰區,0,0,0,8,,,40,,,,,,,,,,,,,,,7,,,,,B03,,,1,,2,,,7,7,1,22,,B03,120.663019,24.072322,3
2022,2,27,18,32,臺中市,東勢區,0,0,0,8,,,60,,,,,,,,,,,,,,,23,,,,,B03,,,1,,2,,,23,23,1,22,,B03,120.797683,24.290606,3
2022,2,27,18,35,臺中市,南屯區,0,1,0,8,3,5,50,4,9,1,5,4,5,7,2,1,1,4,5,2,16,6,3,10,1,4,C03,7,5,1,10,2,14,,6,6,1,22,8,C03,120.646802,24.146809,2
2022,2,27,18,36,臺中市,烏日區,0,0,0,8,,,70,,,,,,,,,,,,,,,23,,,,,B03,,,1,,2,,,23,23,1,5,,B03,120.598011,24.11139,3
2022,2,27,18,38,臺中市,北區,0,1,0,8,3,5,50,3,1,1,5,4,5,7,4,4,1,4,5,2,17,6,3,10,1,1,B03,7,6,1,8,2,5,,6,6,1,22,8,B03,120.669302,24.173388,2
2022,2,27,18,39,臺中市,和平區,0,0,0,,,,30,,,,,,,,,,,,,,,17,,,,,B12,,,1,,,,,17,17,1,22,,B12,121.001925,24.121047,3
2022,2,27,18,47,臺中市,太平區,0,2,0,8,3,5,50,3,2,1,5,4,5,7,1,1,9,4,5,1,16,25,2,9,1,1,C03,7,5,1,10,2,13,,25,25,1,4,8,C03,120.729128,24.103095,2
2022,2,27,18,47,臺中市,大甲區,0,0,0,8,,,30,,,,,,,,,,,,,,,6,,,,,B03,,,1,,1,,,6,6,1,4,,B03,120.652526,24.380256,3
2022,2,27,18,50,臺中市,烏日區,0,0,0,8,,,40,,,,,,,,,,,,,,,9,,,,,B12,,,1,,2,,,9,9,1,21,,B12,120.607517,24.111886,3
2022,2,27,18,52,臺中市,太平區,0,0,0,8,,,50,,,,,,,,,,,,,,,19,,,,,C03,,,1,,2,,,19,19,1,5,,C03,120.71255,24.157363,3
2022,2,27,18,53,臺中市,北區,0,0,0,8,,,50,,,,,,,,,,,,,,,23,,,,,B03,,,6,,1,,,23,23,1,21,,B03,120.677124,24.15462,3
2022,2,27,19,10,臺中市,霧峰區,0,0,0,8,,,50,,,,,,,,,,,,,,,19,,,,,B12,,,1,,2,,,19,19,1,22,,B12,120.697118,24.060617,3
2022,2,27,19,10,臺中市,烏日區,0,0,0,8,,,60,,,,,,,,,,,,,,,7,,,,,B01,,,1,,2,,,7,7,1,21,,B01,120.644582,24.10956,3
2022,2,27,19,11,臺中市,西屯區,0,1,0,8,3,5,50,14,9,1,5,4,5,7,4,4,3,5,4,2,16,19,3,10,3,4,B03,7,1,1,8,2,8,,19,19,1,22,8,B03,120.649365,24.16761,2
2022,2,27,19,14,臺中市,外埔區,0,2,0,8,3,5,40,4,1,1,5,4,5,7,1,1,9,5,4,1,15,25,2,9,1,1,C03,7,9,1,10,2,14,,25,25,1,21,1,C03,120.651853,24.331304,2
2022,2,27,19,18,臺中市,北區,0,0,0,8,,,50,,,,,,,,,,,,,,,12,,,,,B12,,,1,,11,,,12,12,1,22,,B12,120.681889,24.147584,3
2022,2,27,19,22,臺中市,西屯區,0,1,0,8,3,5,50,3,1,1,5,4,5,7,4,4,1,4,4,2,16,6,3,10,1,1,B03,7,6,1,8,2,6,,6,6,1,5,8,B03,120.6409,24.156451,2
2022,2,27,19,29,臺中市,豐原區,0,0,0,8,,,60,,,,,,,,,,,,,,,6,,,,,C03,,,1,,2,,,6,6,1,22,,C03,120.71025,24.23683,3
2022,2,27,19,31,臺中市,北區,0,1,0,8,3,5,50,3,1,1,5,4,5,7,4,4,10,5,5,2,18,23,2,9,1,1,C03,7,6,1,10,2,12,,23,23,1,22,8,C03,120.670435,24.158224,2
2022,2,27,19,33,臺中市,南區,0,0,0,8,,,50,,,,,,,,,,,,,,,7,,,,,B03,,,1,8,2,,,7,7,1,21,,B03,120.670091,24.11417,3
2022,2,27,19,42,臺中市,沙鹿區,0,2,0,8,3,5,50,14,8,1,5,4,5,7,4,4,1,4,4,2,12,42,3,10,1,1,B03,7,6,1,8,2,2,,42,42,1,4,8,B03,120.566421,24.229641,2
2022,2,27,19,42,臺中市,大甲區,0,1,0,8,3,5,50,14,7,1,5,4,5,7,4,4,9,5,4,2,16,19,3,10,1,1,B03,7,1,1,8,2,4,,19,19,1,4,8,B03,120.622926,24.34452,2
2022,2,27,19,44,臺中市,大甲區,0,2,0,8,3,5,40,3,8,1,5,4,5,7,1,1,1,3,4,1,13,23,2,1,1,1,C03,7,9,2,18,2,11,,23,23,1,17,8,C03,120.643101,24.412713,2
2022,2,27,19,50,臺中市,外埔區,0,2,0,8,3,5,50,3,2,1,5,4,5,7,4,4,5,4,4,1,12,9,3,10,1,1,B03,7,6,1,8,2,2,,9,9,1,22,8,B03,120.65722,24.328024,2
2022,2,27,19,58,臺中市,西區,0,2,0,8,3,5,50,4,1,1,5,4,5,7,1,1,1,5,5,2,12,6,3,10,3,4,B03,7,6,1,8,2,2,,6,6,1,21,8,B03,120.657264,24.15235,2
2022,2,27,20,18,臺中市,沙鹿區,0,1,0,8,3,5,50,4,7,1,5,4,5,7,1,1,1,5,4,2,13,23,2,8,1,1,C03,7,8,1,10,2,11,,23,23,1,8,5,C03,120.561619,24.243507,2
2022,2,27,20,36,臺中市,西屯區,0,0,0,8,,,40,,,,,,,,,,,,,,,23,,,,,B01,,,1,,2,,,23,23,1,22,,B01,120.624508,24.178424,3
2022,2,27,20,40,臺中市,西屯區,0,0,0,8,,,40,,,,,,,,,,,,,,,23,,,,,C03,,,1,,1,,,23,23,1,22,,C03,120.655315,24.159641,3
2022,2,27,20,46,臺中市,西屯區,0,0,0,8,,,50,,,,,,,,,,,,,,,6,,,,,C03,,,1,,1,,,6,6,1,12,,C03,120.643611,24.173768,3
2022,2,27,21,0,臺中市,太平區,0,0,0,8,,,50,,,,,,,,,,,,,,,12,,,,,B03,,,1,,2,,,12,12,1,5,,B03,120.72066,24.11927,3
2022,2,27,21,1,臺中市,大里區,0,0,0,8,,,40,,,,,,,,,,,,,,,42,,,,,C03,,,1,,2,,,42,42,1,22,,C03,120.667076,24.096543,3
2022,2,27,21,10,臺中市,太平區,0,0,0,8,,,50,,,,,,,,,,,,,,,23,,,,,B03,,,1,,2,,,23,23,1,21,,B03,120.712814,24.143216,3
2022,2,27,21,15,臺中市,西屯區,0,2,0,8,1,5,50,14,9,1,5,4,5,7,4,4,1,4,5,2,13,23,3,10,3,4,B03,7,9,1,8,1,1,,23,23,1,22,8,B03,120.634958,24.171778,2
2022,2,27,21,26,臺中市,南區,0,0,0,8,,,50,,,,,,,,,,,,,,,67,,,,,,,,,,,,,67,67,1,,,,120.64836,24.1145,3
2022,2,27,21,46,臺中市,西屯區,0,0,0,8,,,40,,,,,,,,,,,,,,,19,,,,,B03,,,1,,1,,,19,19,1,12,,B03,120.647573,24.166503,3
2022,2,27,21,57,臺中市,豐原區,0,0,0,8,,,50,,,,,,,,,,,,,,,42,,,,,B03,,,1,,2,,,42,42,1,22,,B03,120.718588,24.251603,3
2022,2,27,22,13,臺中市,大里區,0,0,0,8,3,5,30,11,9,4,5,4,5,7,4,4,10,5,5,2,14,12,,,,,B03,,,1,,9,,,12,12,1,5,,B03,120.705428,24.107686,3
2022,2,27,22,17,臺中市,烏日區,0,0,0,8,,,50,,,,,,,,,,,,,,,7,,,,,B03,,,1,,2,,,7,7,1,22,,B03,120.618835,24.115805,3
2022,2,27,22,23,臺中市,北區,0,0,0,8,3,5,50,11,7,1,5,4,5,7,4,4,8,3,4,2,12,23,,,,,B03,,,1,,2,,,23,23,1,22,,B03,120.683376,24.145976,3
2022,2,27,22,25,臺中市,北區,0,3,0,8,3,5,50,4,1,1,5,4,5,7,1,1,10,5,5,2,16,6,2,9,1,1,C03,7,5,1,10,2,14,,6,6,1,22,8,C03,120.669222,24.16515,2
2022,2,27,22,40,臺中市,龍井區,0,1,0,8,3,5,50,4,1,1,5,4,5,7,4,4,9,4,5,1,17,6,3,10,1,1,B12,7,5,1,8,2,5,,6,6,1,21,8,B12,120.585398,24.184183,2
2022,2,27,22,40,臺中市,清水區,0,3,0,8,3,5,30,4,1,1,5,4,5,7,4,4,10,5,5,2,15,6,2,9,1,1,C03,7,9,2,18,2,11,,6,6,1,21,8,C03,120.566273,24.271713,2
2022,2,27,22,49,臺中市,西屯區,0,0,0,8,,,50,,,,,,,,,,,,,,,9,,,,,A04,,,1,,2,,,9,9,1,12,,A04,120.658436,24.195051,3
2022,2,27,22,51,臺中市,西屯區,0,1,0,8,3,5,50,14,9,1,5,4,5,7,4,4,5,5,5,1,16,10,3,10,1,1,B03,7,11,1,8,2,4,,10,10,1,22,8,B03,120.622503,24.191754,2
2022,2,27,22,58,臺中市,后里區,0,0,0,8,3,5,50,4,2,1,5,4,5,7,2,1,5,4,5,1,13,16,,,,,B03,,,1,,2,,,16,16,1,22,,B03,120.717688,24.302623,3
2022,2,27,23,0,臺中市,西區,0,0,0,,,,50,,,,,,,,,,,,,,,23,,,,,B03,,,1,,2,,,23,23,1,21,,B03,120.6716,24.149403,3
2022,2,27,23,20,臺中市,北屯區,0,0,0,8,,,50,,,,,,,,,,,,,,,10,,,,,B12,,,1,,1,,,10,10,1,21,,B12,120.739091,24.17007,3
2022,2,27,23,28,臺中市,南屯區,0,0,0,8,,,40,,,,,,,,,,,,,,,19,,,,,C03,,,1,,2,,,19,19,1,22,,C03,120.611484,24.138472,3
2022,2,27,23,29,臺中市,南屯區,0,1,0,8,3,5,50,14,9,1,5,4,5,7,4,4,1,4,5,2,17,6,3,10,1,1,B03,7,6,1,8,2,15,,6,6,1,22,9,B03,120.646572,24.13887,2
2022,2,27,23,38,臺中市,東區,0,2,0,8,3,5,50,4,1,1,5,4,5,7,2,1,10,5,5,2,15,25,2,7,1,1,C03,7,9,1,10,2,11,,25,25,1,21,8,C03,120.700103,24.138881,2
2022,2,27,23,39,臺中市,北屯區,0,1,0,8,3,5,50,14,9,1,5,4,5,7,4,4,1,4,5,2,18,23,2,9,1,1,C03,7,9,1,10,2,11,,23,23,1,21,8,C03,120.662918,24.185033,2
2022,2,27,23,39,臺中市,霧峰區,0,0,0,8,,,40,,,,,,,,,,,,,,,12,,,,,B03,,,1,,2,,,12,12,1,12,,B03,120.679149,24.064744,3
2022,2,28,0,10,臺中市,清水區,0,0,0,8,3,5,30,14,9,1,5,4,5,7,4,4,10,5,5,2,14,12,3,10,1,1,B03,7,2,1,,1,7,,12,12,1,5,5,B03,120.558699,24.261128,3
2022,2,28,0,12,臺中市,大里區,0,0,0,8,,,80,,,,,,,,,,,,,,,48,,,,,B03,,,1,,2,,,48,48,1,22,,B03,120.690704,24.098029,3
2022,2,28,1,30,臺中市,大里區,0,1,0,8,3,5,50,4,2,1,5,4,5,7,4,4,9,5,5,2,16,43,2,9,1,4,C03,7,21,1,10,2,14,,43,43,1,22,8,C03,120.700229,24.090643,2
2022,2,28,2,0,臺中市,南屯區,0,0,0,8,,,50,,,,,,,,,,,,,,,12,,,,,B03,,,1,,1,,,12,12,1,22,,B03,120.646713,24.138519,3
2022,2,28,2,15,臺中市,烏日區,0,1,0,7,3,5,50,3,1,1,5,4,5,7,4,4,5,4,5,1,12,10,3,10,1,1,B03,7,11,1,8,2,7,,10,10,1,22,8,B03,120.643359,24.061729,2
2022,2,28,4,2,臺中市,西屯區,0,0,0,8,,,50,,,,,,,,,,,,,,,43,,,,,B03,,,3,,2,,,43,43,1,22,,B03,120.647532,24.174393,3
2022,2,28,4,15,臺中市,西屯區,0,1,0,8,1,5,40,14,8,1,5,4,5,7,4,4,1,4,1,2,18,42,2,9,1,1,C03,7,9,1,10,2,15,,42,42,1,1,9,C03,120.6175,24.181739,2
2022,2,28,5,30,臺中市,潭子區,0,1,0,8,3,5,50,14,13,1,5,4,5,7,4,4,3,4,4,1,17,23,3,10,1,1,B03,7,13,1,8,11,4,,44,23,1,22,8,B03,120.693572,24.216036,2
2022,2,28,6,33,臺中市,太平區,0,0,0,8,,,50,,,,,,,,,,,,,,,19,,,,,B03,,,1,,1,,,19,19,1,23,,B03,120.714808,24.141588,3
2022,2,28,6,36,臺中市,北區,0,1,0,8,1,5,50,14,7,1,5,4,5,7,2,1,8,1,4,2,12,23,2,8,1,1,C03,7,9,1,10,3,11,,23,23,1,9,8,C03,120.684979,24.160512,2
2022,2,28,6,42,臺中市,大甲區,0,1,0,8,1,5,50,4,1,1,5,4,5,7,1,1,10,5,5,2,16,6,2,8,1,1,C03,7,5,2,18,2,11,,6,6,1,22,9,C03,120.65503,24.380902,2
2022,2,28,6,48,臺中市,清水區,0,1,0,8,1,5,40,3,2,1,5,4,5,7,3,1,10,5,5,1,18,23,2,9,3,4,C03,7,9,1,10,2,14,,23,23,1,22,8,C03,120.573548,24.275021,2
2022,2,28,6,55,臺中市,大里區,0,0,0,8,,,50,,,,,,,,,,,,,,,6,,,,,B03,,,1,,2,,,6,6,1,9,,B03,120.687878,24.105841,3
2022,2,28,7,35,臺中市,豐原區,0,0,0,8,,,50,,,,,,,,,,,,,,,26,,,,,B03,,,1,,2,,,26,26,1,22,,B03,120.716866,24.2328,3
2022,2,28,7,36,臺中市,潭子區,0,2,0,8,1,5,50,14,9,1,5,4,5,7,4,4,9,5,5,1,2,23,2,9,1,1,C03,7,9,1,10,2,11,,23,23,1,22,8,C03,120.682023,24.223985,2
2022,2,28,7,52,臺中市,大肚區,0,1,0,8,1,5,50,14,8,1,5,4,5,7,4,4,1,4,4,1,18,23,2,9,1,1,C03,7,9,1,10,2,14,,23,23,1,22,8,C03,120.560516,24.12567,2
2022,2,28,8,0,臺中市,沙鹿區,0,1,0,8,1,5,50,4,2,1,5,4,5,7,4,4,10,5,5,2,17,23,2,9,1,1,C03,7,9,1,10,2,11,,23,23,1,18,5,C03,120.580005,24.21474,2
2022,2,28,8,3,臺中市,東區,0,1,0,8,1,5,50,3,1,1,5,4,5,7,1,1,5,5,5,2,17,25,3,10,1,1,C03,7,9,3,18,2,12,,25,25,1,22,8,C03,120.686886,24.136104,2
2022,2,28,8,9,臺中市,潭子區,0,0,0,8,,,50,,,,,,,,,,,,,,,6,,,,,B01,,,1,,2,,,6,6,1,22,,B01,120.701763,24.189724,3
2022,2,28,8,14,臺中市,中區,0,1,0,8,1,5,50,4,1,1,5,4,5,7,1,1,10,5,5,2,15,42,3,10,3,4,C03,7,15,1,10,2,12,,42,42,1,22,5,C03,120.683678,24.141513,2
2022,2,28,8,20,臺中市,西屯區,0,1,0,8,1,5,50,14,9,1,5,4,5,7,4,4,5,5,5,2,26,23,2,9,3,4,C03,7,9,1,10,2,11,,23,23,1,22,8,C03,120.650486,24.167103,2
2022,2,28,8,23,臺中市,太平區,0,2,0,8,1,5,50,4,1,1,5,4,5,7,1,1,5,4,4,2,16,25,2,9,1,1,C03,7,6,1,10,2,13,,25,25,1,22,5,C03,120.71287,24.14439,2
2022,2,28,8,31,臺中市,中區,0,0,0,8,,,50,,,,,,,,,,,,,,,23,,,,,B03,,,3,,2,,,23,23,1,22,,B03,120.683806,24.141166,3
2022,2,28,9,6,臺中市,太平區,0,1,0,8,1,5,50,14,7,1,5,4,5,7,4,4,5,4,4,2,12,11,2,7,1,1,C03,7,11,1,11,2,13,14,11,11,1,19,7,C03,120.721079,24.119449,2
2022,2,28,9,8,臺中市,清水區,0,2,0,8,1,5,50,14,9,1,5,4,5,7,4,4,5,5,5,1,15,6,3,10,1,1,B03,7,9,1,8,2,1,,6,6,1,5,5,B03,120.566317,24.27622,2
2022,2,28,9,12,臺中市,大甲區,0,0,0,8,,,40,,,,,,,,,,,,,,,42,,,,,,,,,,,,,42,42,1,,,,120.63943,24.40113,3
2022,2,28,9,18,臺中市,西屯區,0,1,0,8,1,5,50,3,1,1,5,4,5,7,4,4,5,4,4,2,17,6,3,10,3,4,B03,7,6,1,8,2,2,,6,6,1,22,8,B03,120.651823,24.16673,2
2022,2,28,9,35,臺中市,北區,0,0,0,8,,,50,,,,,,,,,,,,,,,16,,,,,B12,,,1,,1,,,16,16,1,22,,B12,120.694331,24.159247,3
2022,2,28,9,42,臺中市,清水區,0,0,0,8,,,30,,,,,,,,,,,,,,,17,,,,,C03,,,6,,4,,,17,17,1,21,,C03,120.568508,24.284037,3
2022,2,28,9,47,臺中市,潭子區,0,0,0,8,,,50,,,,,,,,,,,,,,,23,,,,,B03,,,1,,2,,,23,23,1,22,,B03,120.701131,24.19952,3
2022,2,28,9,53,臺中市,東區,0,1,0,8,1,5,50,4,1,1,5,4,5,7,2,1,10,5,5,2,16,23,3,10,1,1,B03,7,5,1,8,2,1,,23,23,1,21,8,B03,120.688484,24.135263,2
2022,2,28,10,0,臺中市,北屯區,0,0,0,8,1,5,40,14,12,1,5,4,5,7,4,4,1,4,4,2,9,42,,,,,A02,,,1,,2,,,42,42,1,22,,A02,120.686573,24.205583,3
2022,2,28,10,0,臺中市,西屯區,0,1,0,8,1,5,50,3,1,1,5,4,5,7,1,1,10,5,5,2,16,8,2,9,1,1,C03,7,5,1,10,1,14,,8,8,1,22,8,C03,120.655181,24.200479,2
2022,2,28,10,13,臺中市,龍井區,0,1,0,8,1,5,50,4,2,1,5,4,5,7,2,1,5,5,5,1,17,6,2,9,3,4,C03,7,9,1,9,2,15,,23,6,1,22,9,C03,120.583257,24.187026,2
2022,2,28,10,16,臺中市,豐原區,0,2,0,8,1,5,50,14,9,1,5,4,5,7,4,4,1,5,5,1,13,16,2,9,1,1,C03,7,9,1,10,2,11,,16,16,1,21,8,C03,120.710261,24.247593,2
2022,2,28,10,17,臺中市,南區,0,0,0,,,,50,,,,,,,,,,,,,,,42,,,,,B03,,,1,,2,,,44,44,1,22,,B03,120.673358,24.130114,3
2022,2,28,10,20,臺中市,南屯區,0,0,0,8,,,50,,,,,,,,,,,,,,,7,,,,,B03,,,1,,2,,,7,7,1,22,,B03,120.646712,24.150935,3
2022,2,28,10,20,臺中市,西屯區,0,0,0,8,,,40,,,,,,,,,,,,,,,12,,,,,B03,,,1,,2,,,12,12,1,22,,B03,120.645445,24.178748,3
2022,2,28,10,20,臺中市,大甲區,0,0,0,8,,,50,,,,,,,,,,,,,,,42,,,,,,,,,,,,,42,42,1,,,,120.62979,24.41874,3
2022,2,28,10,26,臺中市,西屯區,0,1,0,8,1,5,40,14,8,1,5,4,5,7,4,4,5,5,4,2,13,23,2,9,3,4,C03,7,9,1,10,2,11,,23,23,1,22,8,C03,120.642358,24.174898,2
2022,2,28,10,28,臺中市,霧峰區,0,0,0,8,,,60,,,,,,,,,,,,,,,42,,,,,B03,,,1,,2,,,42,42,1,20,,B03,120.692066,24.045141,3
2022,2,28,10,31,臺中市,南屯區,0,1,0,8,1,5,50,14,8,1,5,4,5,7,4,4,9,5,4,2,12,17,2,9,1,1,F03,7,13,8,20,2,15,,38,17,1,20,6,F03,120.61326,24.14051,2
2022,2,28,10,33,臺中市,豐原區,0,0,0,8,,,50,,,,,,,,,,,,,,,18,,,,,B03,,,1,,2,,,18,18,1,22,,B03,120.744728,24.255468,3
2022,2,28,10,36,臺中市,龍井區,0,0,0,8,,,50,,,,,,,,,,,,,,,23,,,,,B03,,,1,,1,,,23,23,1,22,,B03,120.592951,24.182833,3
2022,2,28,10,38,臺中市,南屯區,0,1,0,8,1,8,50,14,22,4,5,4,5,7,4,4,10,5,5,2,9,26,3,10,1,1,C03,7,9,1,10,2,11,,26,26,1,22,8,C03,120.636713,24.145784,2
2022,2,28,10,38,臺中市,神岡區,0,2,0,8,1,5,50,14,9,1,5,4,5,7,4,4,7,5,5,1,17,4,2,9,1,1,C03,7,7,1,10,2,14,,4,4,1,22,8,C03,120.669858,24.272411,2
2022,2,28,10,41,臺中市,西屯區,0,1,0,8,1,5,40,14,8,1,5,4,5,7,4,4,1,4,1,2,17,40,3,10,3,4,B03,7,14,1,8,2,6,,40,40,1,22,8,B03,120.603715,24.186001,2
2022,2,28,10,42,臺中市,西區,0,1,0,8,1,5,50,4,1,1,5,4,5,7,4,4,10,5,5,2,15,6,3,10,1,1,B03,7,9,1,8,2,1,,6,6,1,21,8,B03,120.672558,24.145728,2
2022,2,28,10,46,臺中市,西屯區,0,0,0,8,,,30,,,,,,,,,,,,,,,12,,,,,B03,,,1,,2,,,12,12,1,22,,B03,120.652186,24.190866,3
2022,2,28,10,48,臺中市,清水區,0,1,0,8,1,5,50,4,1,1,5,4,5,7,4,4,1,3,4,2,15,6,3,10,1,1,B03,7,9,1,8,2,4,,6,6,1,21,8,B03,120.537845,24.269465,2
2022,2,28,10,50,臺中市,外埔區,0,0,0,8,1,5,40,4,1,1,5,4,5,7,3,1,10,4,5,1,15,6,,,,,B03,,,1,,2,,,6,6,1,22,,B03,120.657603,24.33155,3
2022,2,28,10,55,臺中市,西屯區,0,0,0,8,,,40,,,,,,,,,,,,,,,16,,,,,C03,,,1,,1,,,16,16,1,22,,C03,120.64478,24.165117,3
2022,2,28,10,55,臺中市,太平區,0,1,0,8,1,5,30,5,1,1,5,4,5,7,1,1,10,5,5,2,13,23,3,10,1,1,B03,7,1,1,8,1,8,,23,23,1,7,5,B03,120.734384,24.145691,2
2022,2,28,11,0,臺中市,大甲區,0,1,0,8,1,5,50,11,8,1,5,4,5,7,4,4,5,5,4,1,14,12,3,10,1,1,B03,7,2,1,8,2,7,,12,12,1,4,8,B03,120.631099,24.346542,2
2022,2,28,11,2,臺中市,清水區,0,0,0,8,1,5,50,14,9,1,5,4,5,7,4,4,5,5,5,2,12,17,3,10,1,1,B03,7,9,1,8,1,2,,17,17,2,4,5,B03,120.576564,24.267011,3
2022,2,28,11,7,臺中市,西區,0,0,0,8,1,5,50,14,7,1,5,4,5,7,4,4,3,4,4,2,17,7,,,,,B03,,,1,,1,,,7,7,1,4,,B03,120.67234,24.146863,3
2022,2,28,11,20,臺中市,霧峰區,0,2,0,8,1,5,60,14,8,1,5,4,5,7,4,4,1,4,4,1,17,9,3,10,1,1,B03,7,6,1,8,2,15,,9,9,1,22,8,B03,120.693151,24.043091,2
2022,2,28,11,22,臺中市,南區,0,3,0,8,1,5,30,4,1,1,5,4,5,7,1,1,10,5,5,2,15,25,2,9,1,1,C03,7,9,1,10,2,14,,25,25,1,22,8,C03,120.647365,24.112821,2
2022,2,28,11,22,臺中市,太平區,0,1,0,8,1,5,40,14,9,1,5,4,5,7,4,4,5,4,5,1,17,38,3,10,1,1,B03,7,14,1,8,2,8,,38,38,1,21,8,B03,120.740098,24.13074,2
2022,2,28,11,24,臺中市,中區,0,2,0,8,1,5,50,14,9,1,5,4,5,7,4,4,5,4,5,2,13,23,3,10,3,4,B11,7,9,1,8,2,1,,23,23,1,22,8,B11,120.678962,24.142985,2
2022,2,28,11,28,臺中市,西區,0,2,0,8,1,5,50,4,7,1,5,4,5,7,4,4,1,2,4,2,16,7,2,9,1,1,C03,7,9,1,10,2,11,,23,7,1,4,8,C03,120.669049,24.143247,2
2022,2,28,11,30,臺中市,南屯區,0,1,0,8,1,5,40,4,1,1,5,4,5,7,2,1,10,5,5,2,15,25,3,10,1,1,B03,7,9,1,8,2,2,,25,25,1,22,8,B03,120.651361,24.153609,2
2022,2,28,11,49,臺中市,西區,0,2,0,8,1,5,50,14,9,1,5,4,5,7,4,4,5,5,5,2,17,26,2,9,3,4,C03,7,15,3,18,2,14,,26,26,1,22,5,C03,120.673282,24.140987,2
2022,2,28,11,59,臺中市,南屯區,0,0,0,8,,,50,,,,,,,,,,,,,,,19,,,,,C03,,,1,,2,,,19,19,1,22,,C03,120.61477,24.144448,3
2022,2,28,12,0,臺中市,南屯區,0,0,0,8,,,40,,,,,,,,,,,,,,,12,,,,,B12,,,1,,2,,,12,12,1,22,,B12,120.635277,24.151388,3
2022,2,28,12,5,臺中市,梧棲區,0,0,0,8,,,50,,,,,,,,,,,,,,,12,,,,,B03,,,1,,2,,,12,12,1,19,,B03,120.534595,24.247613,3