年,月,日,時,分,縣市,區,死,受傷,2-30,天候,光線,道路類別,速限,道路型態,事故位置,路面鋪裝,路面狀態,路面缺陷,障礙物,視距,號誌種類,號誌動作,分向設施,快車道或一般車道間,快慢車道間,路面邊線,事故類型及型態,主要肇因,受傷程度,主要傷處,保護裝備,行動電話,當事者區分,車輛用途,當事者行動狀態,駕駛資格情形,駕駛執照種類,飲酒情形,車輛撞擊部位最初,車輛撞擊部位其他,肇事因素個別,肇事因素主要,肇事逃逸,職業,旅次目的,車種,GPS緯度,GPS經度,事故類別
2022,2,28,12,8,臺中市,梧棲區,0,0,0,8,,,50,,,,,,,,,,,,,,,23,,,,,B03,,,1,,2,,,23,23,1,21,,B03,120.549191,24.249319,3
2022,2,28,12,16,臺中市,西屯區,0,0,0,8,,,50,,,,,,,,,,,,,,,16,,,,,B03,,,1,,1,,,16,16,1,22,,B03,120.622413,24.179209,3
2022,2,28,12,17,臺中市,梧棲區,0,0,0,8,,,50,,,,,,,,,,,,,,,23,,,,,B03,,,1,,2,,,23,23,1,21,,B03,120.5308,24.255469,3
2022,2,28,12,20,臺中市,西屯區,0,0,0,8,,,50,,,,,,,,,,,,,,,17,,,,,A41,,,1,,11,,,17,17,1,22,,A41,120.609664,24.185066,3
2022,2,28,12,20,臺中市,大甲區,0,1,0,8,1,5,50,14,9,1,5,4,5,7,4,4,5,4,5,1,16,19,3,10,1,1,B03,7,1,1,3,2,4,,19,19,1,21,8,B03,120.65334,24.389866,2
2022,2,28,12,28,臺中市,新社區,0,0,0,8,1,5,50,14,9,1,5,4,5,7,4,4,10,5,5,1,12,23,3,10,3,4,B02,7,9,1,8,11,2,,23,23,1,22,8,B02,120.821541,24.204532,3
2022,2,28,12,29,臺中市,大里區,0,0,0,8,,,50,,,,,,,,,,,,,,,16,,,,,B03,,,1,,2,,,16,16,1,4,,B03,120.7095,24.094502,3
2022,2,28,12,34,臺中市,南屯區,0,0,0,8,1,5,40,4,2,1,5,4,5,7,2,1,1,2,1,2,13,16,3,10,1,1,B12,7,9,1,8,1,1,,16,16,1,4,3,B12,120.622391,24.140688,3
2022,2,28,12,37,臺中市,南屯區,0,1,0,8,1,5,50,3,1,1,5,4,5,7,4,4,10,5,4,2,16,11,3,10,1,1,C03,7,11,1,10,2,11,,11,11,1,22,8,C03,120.635669,24.149806,2
2022,2,28,12,40,臺中市,南屯區,0,0,0,8,,,50,,,,,,,,,,,,,,,23,,,,,B03,,,1,,1,,,23,23,1,22,,B03,120.640555,24.144444,3
2022,2,28,12,40,臺中市,沙鹿區,0,0,0,8,,,60,,,,,,,,,,,,,,,23,,,,,B03,,,1,,1,,,23,23,1,3,,B03,120.562348,24.240327,3
2022,2,28,12,43,臺中市,大里區,0,2,0,8,1,5,50,4,1,1,5,4,5,7,1,1,10,5,5,2,16,6,2,9,2,1,F01,7,5,8,20,2,16,,6,6,1,15,9,F01,120.706665,24.095363,2
2022,2,28,12,46,臺中市,西屯區,0,2,0,8,1,5,30,14,9,1,5,4,5,7,4,4,10,5,5,1,3,53,2,9,4,5,H01,8,16,8,20,10,16,,53,53,1,22,8,H01,120.646101,24.176603,2
2022,2,28,12,58,臺中市,大甲區,0,3,0,8,1,5,50,4,1,1,5,4,5,7,1,1,10,5,5,2,15,25,2,7,1,1,C03,7,9,1,10,2,12,,25,25,1,20,8,C03,120.621434,24.350353,2
2022,2,28,13,5,臺中市,北區,0,0,0,,,,50,,,,,,,,,,,,,,,12,,,,,B03,,,1,,2,,,38,38,1,22,,B03,120.685009,24.161559,3
2022,2,28,13,8,臺中市,西區,0,0,0,,,,50,,,,,,,,,,,,,,,38,,,,,B03,,,1,,1,,,38,38,1,21,,B03,120.666671,24.149044,3
2022,2,28,13,20,臺中市,龍井區,0,0,0,8,,,50,,,,,,,,,,,,,,,23,,,,,B12,,,1,,2,,,23,23,1,12,,B12,120.531255,24.181958,3
2022,2,28,13,20,臺中市,神岡區,0,2,0,8,1,5,50,3,1,1,5,4,5,7,4,4,5,4,4,1,17,6,2,9,1,1,C03,7,5,1,10,2,11,,6,6,1,12,8,C03,120.674161,24.252637,2
2022,2,28,13,25,臺中市,西屯區,0,0,0,8,,,50,,,,,,,,,,,,,,,17,,,,,B03,,,1,,1,,,17,17,1,22,,B03,120.651989,24.206515,3
2022,2,28,13,26,臺中市,太平區,0,0,0,8,,,40,,,,,,,,,,,,,,,42,,,,,B12,,,1,,2,,,42,42,1,21,,B12,120.713413,24.149501,3
2022,2,28,13,34,臺中市,北屯區,0,1,0,8,1,5,30,14,7,1,5,4,5,7,4,4,5,5,4,2,16,19,2,9,3,4,C03,7,1,1,10,2,12,,19,19,1,21,8,C03,120.661845,24.190999,2
2022,2,28,13,39,臺中市,東勢區,0,2,0,8,1,5,50,4,9,1,5,4,5,7,4,4,5,4,5,1,16,6,3,10,1,1,B03,7,5,1,8,2,1,,6,6,1,22,9,B03,120.829815,24.253598,2
2022,2,28,13,43,臺中市,西區,0,0,0,8,,,50,,,,,,,,,,,,,,,23,,,,,B03,,,1,,1,,,23,23,1,22,,B03,120.65885,24.138268,3
2022,2,28,13,43,臺中市,沙鹿區,0,1,0,8,1,5,40,4,1,1,5,4,5,7,1,1,10,5,5,2,13,16,2,9,1,1,C03,7,9,1,10,2,11,,16,16,1,4,5,C03,120.568694,24.223213,2
2022,2,28,13,44,臺中市,西屯區,0,0,0,8,,,50,,,,,,,,,,,,,,,12,,,,,B03,,,1,,1,,,12,12,1,22,,B03,120.639806,24.166122,3
2022,2,28,13,50,臺中市,南屯區,0,0,0,8,,,50,,,,,,,,,,,,,,,23,,,,,B03,,,1,,1,,,23,23,1,22,,B03,120.638816,24.142026,3
2022,2,28,13,50,臺中市,后里區,0,0,0,,,,50,,,,,,,,,,,,,,,12,,,,,B03,,,1,,2,,,12,12,1,20,,B03,120.725397,24.324043,3
2022,2,28,13,53,臺中市,豐原區,0,1,0,8,1,5,50,4,2,1,5,4,5,7,1,1,3,3,3,1,17,23,3,10,3,4,B03,7,1,1,8,2,2,,23,23,1,22,8,B03,120.7144,24.245694,2
2022,2,28,13,55,臺中市,霧峰區,0,1,0,8,1,5,50,3,1,1,5,4,5,7,4,4,10,5,5,2,16,6,3,10,3,4,B03,7,5,1,4,11,1,,6,6,1,3,8,B03,120.697537,24.056201,2
2022,2,28,13,57,臺中市,北屯區,0,0,0,8,,,40,,,,,,,,,,,,,,,6,,,,,B03,,,1,,1,,,6,6,1,22,,B03,120.74101,24.180088,3
2022,2,28,13,58,臺中市,中區,0,0,0,,,,50,,,,,,,,,,,,,,,44,,,,,B03,,,1,,1,,,44,44,1,21,,B03,120.685668,24.138533,3
2022,2,28,14,2,臺中市,霧峰區,0,1,0,8,1,5,50,4,1,1,5,4,5,7,4,4,9,5,5,1,18,23,2,8,1,1,C03,7,9,1,10,2,11,,23,23,1,5,5,C03,120.684622,24.051138,2
2022,2,28,14,2,臺中市,大安區,0,1,0,8,1,5,50,3,1,1,5,4,5,7,1,1,10,5,5,2,16,17,3,10,1,1,B03,7,6,1,8,2,2,6,17,17,1,4,8,B03,120.591841,24.338652,2
2022,2,28,14,15,臺中市,外埔區,0,0,0,8,1,4,50,14,9,1,5,4,5,7,4,4,5,4,5,1,12,42,,,,,B03,,,1,,2,,,42,42,1,22,,B03,120.619697,24.322344,3
2022,2,28,14,30,臺中市,北區,0,0,0,,,,40,,,,,,,,,,,,,,,12,,,,,B03,,,1,,2,,,12,12,1,22,,B03,120.676139,24.151383,3
2022,2,28,14,30,臺中市,南區,0,1,0,8,1,5,50,11,12,1,5,4,5,7,4,4,10,4,5,2,16,6,3,10,1,1,B03,7,6,1,8,2,2,,6,6,1,22,8,B03,120.679048,24.118923,2
2022,2,28,14,37,臺中市,南屯區,0,0,0,,,,50,,,,,,,,,,,,,,,23,,,,,B12,,,1,,11,,,23,23,2,22,,B12,120.640901,24.138335,3
2022,2,28,14,38,臺中市,梧棲區,0,0,0,8,,,30,,,,,,,,,,,,,,,12,,,,,B03,,,1,,2,,,12,12,1,21,,B03,120.537038,24.252279,3
2022,2,28,14,39,臺中市,西區,0,0,0,8,1,5,50,15,22,1,5,4,5,7,4,4,1,5,5,2,13,23,,,,,B03,,,1,,1,,,23,23,1,19,,B03,120.659159,24.156682,3
2022,2,28,14,45,臺中市,石岡區,0,0,0,8,1,5,70,14,9,1,5,4,5,7,2,1,1,3,4,1,13,23,3,10,1,1,B12,7,7,1,8,4,2,,23,23,1,22,9,B12,120.776741,24.27442,3
2022,2,28,14,48,臺中市,大雅區,0,2,0,8,1,5,30,4,1,1,5,4,5,7,3,1,10,5,5,2,15,6,2,9,1,1,C03,7,9,1,10,2,11,,6,6,1,22,9,C03,120.63096,24.22009,2
2022,2,28,14,52,臺中市,梧棲區,0,0,0,8,,,50,,,,,,,,,,,,,,,12,,,,,B03,,,1,,2,,,12,12,1,21,,B03,120.550719,24.243791,3
2022,2,28,14,58,臺中市,大雅區,0,1,0,8,1,5,50,3,1,1,5,4,5,7,1,1,3,4,5,1,17,26,2,9,1,1,C03,7,5,1,10,2,14,,26,26,1,22,8,C03,120.63665,24.234787,2
2022,2,28,14,59,臺中市,大里區,0,3,0,8,1,5,50,4,1,1,5,4,5,7,1,1,5,4,4,1,16,25,2,9,1,1,C03,7,9,1,10,2,12,,25,25,1,5,8,C03,120.678759,24.110099,2
2022,2,28,15,6,臺中市,潭子區,0,2,0,8,1,5,50,3,9,1,5,4,5,7,1,1,10,5,5,2,12,19,2,9,1,1,C03,7,1,1,10,2,11,,19,19,1,22,8,C03,120.721921,24.195715,2
2022,2,28,15,10,臺中市,沙鹿區,0,0,0,8,,,50,,,,,,,,,,,,,,,23,,,,,B03,,,1,,2,,,23,23,1,3,,B03,120.568512,24.229634,3
2022,2,28,15,18,臺中市,霧峰區,0,2,0,8,1,5,30,4,1,1,5,4,5,7,4,4,10,5,5,2,15,6,2,9,1,1,C03,7,9,1,10,2,11,,6,6,1,22,9,C03,120.674235,24.035228,2
2022,2,28,15,23,臺中市,西區,0,0,0,8,,,50,,,,,,,,,,,,,,,7,,,,,C03,,,1,,2,,,7,7,1,22,,C03,120.66315,24.144333,3
2022,2,28,15,30,臺中市,大里區,0,0,0,8,,,50,,,,,,,,,,,,,,,19,,,,,B12,,,1,,2,,,19,19,1,22,,B12,120.716588,24.100942,3
2022,2,28,15,31,臺中市,南屯區,0,3,0,8,1,5,50,14,9,1,5,4,5,7,4,4,5,5,5,2,16,19,2,8,1,4,C03,7,1,1,10,2,11,,19,19,1,22,8,C03,120.643145,24.139101,2
2022,2,28,15,31,臺中市,北屯區,0,0,0,8,,,,,,,,,,,,,,,,,,43,,,,,,,,,,,,,43,43,1,,,,120.723927,24.176251,3
2022,2,28,15,34,臺中市,新社區,0,1,0,8,1,5,50,14,9,1,5,4,5,7,4,4,5,4,5,1,13,16,2,9,1,1,C03,7,9,1,10,2,11,,16,16,1,22,9,C03,120.821228,24.17923,2
2022,2,28,15,34,臺中市,豐原區,0,0,0,8,,,50,,,,,,,,,,,,,,,17,,,,,B03,,,1,,2,,,17,17,1,22,,B03,120.720254,24.265071,3
2022,2,28,15,41,臺中市,烏日區,0,1,0,8,1,5,50,4,1,1,5,4,5,7,1,1,10,5,5,2,16,9,3,10,1,1,B03,7,6,1,8,2,2,,9,9,1,21,8,B03,120.648316,24.093338,2
2022,2,28,15,43,臺中市,豐原區,0,1,0,8,1,8,15,15,22,1,5,4,5,7,4,4,5,5,5,1,18,43,2,9,3,4,F01,7,9,8,20,2,16,,43,43,1,22,6,F01,120.759195,24.277068,2
2022,2,28,15,44,臺中市,沙鹿區,0,1,0,8,1,5,30,5,1,1,5,4,5,7,2,1,10,5,5,2,16,25,2,9,1,1,C03,7,15,1,10,2,14,,25,25,1,19,9,C03,120.554722,24.236944,2
2022,2,28,15,48,臺中市,西區,0,1,0,8,1,5,50,5,1,1,5,4,5,7,1,1,10,5,5,2,16,26,3,10,1,1,B03,7,6,1,8,2,2,,26,26,1,20,8,B03,120.668527,24.132092,2
2022,2,28,15,50,臺中市,豐原區,0,0,0,8,2,3,60,14,9,1,5,4,5,7,4,4,3,4,4,1,12,23,3,10,1,1,B03,7,12,1,14,2,1,,23,23,1,22,8,B03,120.736906,24.256765,3
2022,2,28,15,55,臺中市,大里區,0,0,0,8,,,50,,,,,,,,,,,,,,,18,,,,,B03,,,1,,2,,,18,18,1,4,,B03,120.676181,24.1132,3
2022,2,28,15,56,臺中市,西屯區,0,0,0,8,,,50,,,,,,,,,,,,,,,16,,,,,B03,,,3,,1,,,16,16,1,22,,B03,120.661386,24.171788,3
2022,2,28,16,0,臺中市,豐原區,0,1,0,8,1,5,50,14,7,1,5,4,5,7,4,4,4,5,4,2,17,26,3,10,3,4,B03,7,11,1,8,2,15,,26,26,1,9,8,B03,120.733061,24.255363,2
2022,2,28,16,4,臺中市,大里區,0,0,0,8,1,5,50,4,7,1,5,4,5,7,3,1,5,5,4,2,16,8,,,,,B03,,,1,,2,,,8,8,1,5,,B03,120.676225,24.114312,3
2022,2,28,16,16,臺中市,大里區,0,2,0,8,1,5,50,4,1,1,5,4,5,7,4,4,5,2,5,1,16,19,3,10,1,1,B03,7,1,1,8,2,8,,19,19,1,22,9,B03,120.7091,24.086461,2
2022,2,28,16,22,臺中市,龍井區,0,0,0,8,,,40,,,,,,,,,,,,,,,26,,,,,B03,,,1,,3,,,26,26,1,12,,B03,120.505575,24.210235,3
2022,2,28,16,25,臺中市,西區,0,0,0,,,,50,,,,,,,,,,,,,,,23,,,,,B03,,,1,,1,,,23,23,1,21,,B03,120.659444,24.149025,3
2022,2,28,16,28,臺中市,清水區,0,1,0,8,1,5,30,3,1,1,5,4,5,7,4,4,10,5,5,2,16,6,3,10,1,1,C03,7,6,1,10,2,11,,6,6,1,4,5,C03,120.571089,24.289655,2
2022,2,28,16,34,臺中市,北屯區,0,0,0,8,,,50,,,,,,,,,,,,,,,10,,,,,B03,,,1,,1,,,10,10,1,22,,B03,120.700085,24.170198,3
2022,2,28,16,37,臺中市,烏日區,0,1,0,8,1,5,50,14,9,1,5,4,5,7,4,4,9,5,5,2,17,8,3,10,1,1,B03,7,5,1,8,2,8,,8,8,1,19,8,B03,120.596746,24.11101,2
2022,2,28,16,40,臺中市,烏日區,0,1,0,8,1,5,50,4,1,1,5,4,5,7,2,1,4,4,5,1,16,6,3,10,1,1,B03,7,6,1,8,2,3,,6,6,1,21,8,B03,120.625741,24.110485,2
2022,2,28,16,48,臺中市,大雅區,0,1,0,8,2,5,50,14,7,1,5,4,5,7,1,1,5,5,4,2,12,23,3,10,1,1,B03,7,9,6,18,2,5,,23,23,1,22,9,B03,120.6696,24.22253,2
2022,2,28,16,48,臺中市,大里區,0,0,0,8,,,50,,,,,,,,,,,,,,,3,,,,,B03,,,1,,2,,,3,3,1,22,,B03,120.67495,24.10795,3
2022,2,28,16,49,臺中市,梧棲區,0,0,0,8,,,50,,,,,,,,,,,,,,,12,,,,,B12,,,1,,2,,,12,12,1,11,,B12,120.529613,24.258394,3
2022,2,28,16,55,臺中市,龍井區,0,0,0,8,1,3,50,14,9,1,5,4,5,7,1,1,9,2,5,1,13,23,3,10,3,4,B03,7,9,1,8,2,5,,23,23,1,22,8,B03,120.523307,24.198785,3
2022,2,28,16,58,臺中市,大雅區,0,0,0,8,,,50,,,,,,,,,,,,,,,23,,,,,B03,,,1,,2,,,23,23,1,22,,B03,120.64794,24.216546,3
2022,2,28,16,59,臺中市,太平區,0,1,0,8,1,5,50,5,4,1,5,4,5,7,1,1,5,4,5,2,13,16,2,8,1,1,C03,7,9,1,10,2,11,,16,16,1,21,8,C03,120.703152,24.14814,2
2022,2,28,16,59,臺中市,梧棲區,0,0,0,8,,,70,,,,,,,,,,,,,,,23,,,,,B03,,,1,,2,,,23,23,1,9,,B03,120.528349,24.253024,3
2022,2,28,17,0,臺中市,大里區,0,3,0,8,1,5,30,14,9,1,5,4,5,7,4,4,10,5,5,1,6,53,2,9,4,5,H01,8,18,8,20,10,16,,53,53,1,16,8,H01,120.699498,24.124018,2
2022,2,28,17,0,臺中市,神岡區,0,1,0,8,1,5,50,14,9,1,5,4,5,7,4,4,5,5,5,1,16,23,2,9,1,1,C03,7,9,1,10,2,12,,23,23,1,22,9,C03,120.696991,24.251555,2
2022,2,28,17,7,臺中市,南區,0,0,0,8,1,5,40,4,2,1,5,4,5,7,1,1,5,2,5,2,17,42,,,,,C03,,,1,,2,,,42,42,1,16,,C03,120.665686,24.116846,3
2022,2,28,17,16,臺中市,大雅區,0,0,0,8,,,50,,,,,,,,,,,,,,,12,,,,,B12,,,1,,2,,,12,12,1,22,,B12,120.653013,24.225942,3
2022,2,28,17,20,臺中市,大雅區,0,1,0,8,2,5,50,14,7,1,5,4,5,7,4,4,1,4,4,2,12,19,3,10,1,1,B03,7,1,1,8,2,8,,19,19,1,22,9,B03,120.63632,24.23476,2
2022,2,28,17,22,臺中市,西屯區,0,0,0,8,,,50,,,,,,,,,,,,,,,23,,,,,C03,,,1,,1,,,23,23,1,22,,C03,120.637096,24.171006,3
2022,2,28,17,22,臺中市,清水區,0,1,0,8,1,5,30,11,9,1,5,4,5,7,4,4,10,5,5,2,12,23,3,10,3,4,C03,7,9,1,10,2,11,,23,23,1,22,8,C03,120.611269,24.305472,2
2022,2,28,17,24,臺中市,南屯區,0,3,0,8,1,5,50,4,1,1,5,4,5,7,1,1,5,4,4,2,13,23,2,9,1,1,C03,7,9,1,10,2,11,,23,23,1,22,9,C03,120.612624,24.138449,2
2022,2,28,17,33,臺中市,太平區,0,0,0,8,,,50,,,,,,,,,,,,,,,23,,,,,C03,,,1,,2,,,23,23,1,22,,C03,120.723364,24.149455,3
2022,2,28,17,40,臺中市,西屯區,0,2,0,8,1,5,40,14,8,1,5,4,5,7,4,4,9,4,1,2,12,7,2,9,1,1,C03,7,8,1,10,2,12,,7,7,1,12,8,C03,120.645646,24.164575,2
2022,2,28,17,41,臺中市,大雅區,0,0,0,8,,,30,,,,,,,,,,,,,,,5,,,,,C03,,,1,,2,,,5,5,1,22,,C03,120.64675,24.207305,4
2022,2,28,17,48,臺中市,南區,0,0,0,8,,,50,,,,,,,,,,,,,,,1,,,,,B03,,,1,,2,,,1,1,1,5,,B03,120.660788,24.120708,3
2022,2,28,17,50,臺中市,西屯區,0,0,0,8,,,30,,,,,,,,,,,,,,,12,,,,,B03,,,1,,2,,,12,12,1,12,,B03,120.647501,24.16693,3
2022,2,28,17,53,臺中市,西屯區,0,0,0,8,,,50,,,,,,,,,,,,,,,23,,,,,B03,,,1,,1,,,23,23,1,22,,B03,120.655782,24.199958,3
2022,2,28,17,55,臺中市,南屯區,0,0,0,8,,,50,,,,,,,,,,,,,,,42,,,,,B03,,,1,,2,,,42,42,1,22,,B03,120.653038,24.141008,3
2022,2,28,17,55,臺中市,沙鹿區,0,0,0,8,,,50,,,,,,,,,,,,,,,6,,,,,B03,,,1,,2,,,6,6,1,22,,B03,120.575276,24.224408,3
2022,2,28,18,0,臺中市,西區,0,3,0,8,1,5,50,4,1,1,5,4,5,7,2,1,10,5,5,2,16,25,2,9,1,1,C03,7,9,1,10,2,11,,25,25,1,20,8,C03,120.666736,24.141067,2
2022,2,28,18,16,臺中市,梧棲區,0,1,0,8,3,5,50,4,1,1,5,4,5,7,2,1,10,5,5,2,15,25,3,10,1,1,B03,7,9,1,8,2,2,,25,25,1,9,8,B03,120.537558,24.262312,2
2022,2,28,18,17,臺中市,大里區,0,1,0,8,3,5,40,3,4,1,5,4,5,7,1,1,1,2,4,1,16,8,3,10,1,1,C03,7,5,1,10,2,14,,8,8,1,5,8,C03,120.690095,24.121421,2
2022,2,28,18,23,臺中市,大安區,0,2,0,8,3,5,60,4,1,1,5,4,5,7,1,1,10,5,5,2,3,23,3,10,1,1,C03,7,9,1,10,2,15,,23,23,1,20,8,C03,120.585514,24.360645,2
2022,2,28,18,25,臺中市,東區,0,1,0,8,3,5,50,4,1,1,5,4,5,7,1,1,10,5,5,2,17,40,3,10,1,1,B03,7,14,1,8,2,2,,40,40,1,22,8,B03,120.687507,24.134857,2
2022,2,28,18,27,臺中市,沙鹿區,0,1,0,8,3,5,40,5,1,1,5,4,5,7,2,1,10,5,5,2,17,42,3,10,1,1,B03,7,15,1,8,2,2,,42,42,1,1,5,B03,120.569722,24.2375,2
2022,2,28,18,28,臺中市,梧棲區,0,0,0,8,,,50,,,,,,,,,,,,,,,23,,,,,B03,,,1,,2,,,23,23,1,21,,B03,120.532864,24.260198,3
2022,2,28,18,29,臺中市,大里區,0,0,0,8,,,50,,,,,,,,,,,,,,,6,,,,,B03,,,1,,2,,,6,6,1,22,,B03,120.679425,24.116708,3
2022,2,28,18,33,臺中市,太平區,0,1,0,8,3,5,50,3,7,1,5,4,5,7,4,4,5,4,4,1,13,16,2,8,1,1,C03,7,9,1,10,2,11,,16,16,1,21,8,C03,120.714272,24.145907,2
2022,2,28,18,41,臺中市,西區,0,2,0,8,3,5,50,4,1,1,5,4,5,7,4,4,5,5,5,2,16,14,2,9,3,4,C03,7,9,1,10,2,11,,14,14,1,21,8,C03,120.659544,24.159978,2
2022,2,28,18,41,臺中市,西屯區,0,0,0,8,,,50,,,,,,,,,,,,,,,6,,,,,B03,,,1,,2,,,6,6,1,22,,B03,120.663446,24.176165,3
2022,2,28,18,48,臺中市,后里區,0,2,0,8,3,5,50,4,1,1,5,4,5,7,1,1,9,5,4,1,12,8,3,10,1,1,F01,7,5,8,20,2,16,,8,8,1,16,7,F01,120.717624,24.302597,2
2022,2,28,18,50,臺中市,西屯區,0,1,0,8,1,5,35,14,9,1,5,4,5,7,4,4,5,4,4,2,18,43,2,9,1,1,C03,7,9,3,18,1,12,,43,43,1,22,8,C03,120.632868,24.176783,2
2022,2,28,18,55,臺中市,霧峰區,0,0,0,8,,,30,,,,,,,,,,,,,,,23,,,,,B03,,,7,,11,,,23,23,1,22,,B03,120.699372,24.024553,4
2022,2,28,18,56,臺中市,烏日區,0,0,0,8,,,30,,,,,,,,,,,,,,,23,,,,,B03,,,1,,2,,,23,23,1,21,,B03,120.616684,24.113986,3
2022,2,28,18,58,臺中市,東區,0,3,0,8,3,5,50,4,1,1,5,4,5,7,1,1,10,5,5,2,17,6,2,8,1,1,C03,7,6,1,10,2,13,,6,6,1,9,8,C03,120.689286,24.140811,2
2022,2,28,19,5,臺中市,大里區,0,0,0,8,3,5,50,14,7,1,5,4,5,7,4,4,9,5,4,2,14,12,,,,,B12,,,3,,9,,,12,12,1,5,,B12,120.673251,24.116085,3
2022,2,28,19,30,臺中市,大里區,0,1,0,8,3,5,50,14,9,1,5,4,5,7,4,4,5,5,5,1,3,51,2,9,4,5,H01,8,16,8,20,10,16,,51,51,1,22,8,H01,120.699432,24.096691,2
2022,2,28,19,34,臺中市,南屯區,0,0,0,8,,,40,,,,,,,,,,,,,,,42,,,,,B03,,,1,,1,,,42,42,1,22,,B03,120.623258,24.150981,3
2022,2,28,19,35,臺中市,清水區,0,0,0,,,,50,,,,,,,,,,,,,,,19,,,,,B02,,,1,,2,,,19,19,1,5,,B02,120.57702,24.271338,3
2022,2,28,19,45,臺中市,豐原區,0,0,0,8,,,50,,,,,,,,,,,,,,,18,,,,,B03,,,1,,2,,,18,18,1,22,,B03,120.731361,24.262172,3
2022,2,28,19,57,臺中市,烏日區,0,0,0,8,,,60,,,,,,,,,,,,,,,7,,,,,B03,,,1,,2,,,7,7,1,21,,B03,120.614212,24.11719,3
2022,2,28,19,58,臺中市,大里區,0,2,0,8,3,5,50,4,1,1,5,4,5,7,1,1,10,5,5,2,15,25,2,9,1,1,C03,7,9,1,10,2,11,,25,25,1,22,9,C03,120.674503,24.097624,2
2022,2,28,20,12,臺中市,沙鹿區,0,0,0,8,,,50,,,,,,,,,,,,,,,17,,,,,B03,,,1,,1,,,17,17,1,22,,B03,120.562769,24.2062,3
2022,2,28,20,27,臺中市,南區,0,0,0,8,,,50,,,,,,,,,,,,,,,16,,,,,B03,,,1,10,2,,,16,16,1,5,,B03,120.657916,24.112471,3
2022,2,28,20,35,臺中市,梧棲區,0,4,0,8,3,5,50,4,2,1,5,4,5,7,4,4,5,5,4,2,16,23,2,9,1,1,C03,7,9,2,18,2,11,,23,23,1,16,8,C03,120.541909,24.246362,2
2022,2,28,20,40,臺中市,沙鹿區,0,1,0,8,3,5,50,4,1,1,5,4,5,7,1,1,10,5,5,2,15,25,3,10,1,1,B03,7,9,1,8,2,1,,25,25,1,6,7,B03,120.56216,24.238674,2
2022,2,28,20,43,臺中市,沙鹿區,0,2,0,7,3,5,50,3,1,1,5,4,5,7,2,1,10,5,5,2,16,25,2,9,1,1,C03,7,9,1,10,2,11,,25,25,1,22,9,C03,120.575738,24.227118,2
2022,2,28,20,44,臺中市,潭子區,0,0,0,8,,,30,,,,,,,,,,,,,,,43,,,,,,,,,,,,,43,43,2,,,,120.707532,24.199439,3
2022,2,28,20,44,臺中市,西屯區,0,0,0,8,3,5,40,14,8,1,5,4,5,7,4,4,1,2,1,2,13,23,3,10,1,1,B01,7,9,1,1,7,1,3,23,23,1,10,4,B01,120.638105,24.169915,3
2022,2,28,20,48,臺中市,東區,0,0,0,8,,,50,,,,,,,,,,,,,,,23,,,,,B03,,,1,,2,,,23,23,1,22,,B03,120.703233,24.142729,3
2022,2,28,20,56,臺中市,南屯區,0,0,0,8,3,5,50,4,1,1,5,4,5,7,1,1,1,4,4,2,12,7,,,,,B03,,,1,,2,,,7,7,1,22,,B03,120.623399,24.135649,3
2022,2,28,21,11,臺中市,大里區,0,2,0,8,3,5,30,5,1,1,5,4,5,7,4,4,10,5,5,2,16,6,2,9,3,4,F03,7,5,8,20,2,16,,6,6,1,22,8,F03,120.707517,24.097036,2
2022,2,28,21,23,臺中市,豐原區,0,1,0,8,3,5,50,4,1,1,5,4,5,7,1,1,10,5,5,2,18,23,2,9,1,1,C03,7,9,1,10,2,14,,23,23,1,21,8,C03,120.729933,24.255126,2
2022,2,28,21,24,臺中市,大里區,0,0,0,8,,,60,,,,,,,,,,,,,,,23,,,,,B03,,,1,,2,,,23,23,1,21,,B03,120.675535,24.103118,3
2022,2,28,21,36,臺中市,后里區,0,2,0,8,3,5,60,14,8,1,5,4,5,7,4,4,1,4,4,1,2,51,2,9,3,4,H01,8,16,8,20,10,16,,51,51,1,22,8,H01,120.723683,24.294684,2
2022,2,28,21,44,臺中市,南屯區,0,1,0,8,3,5,50,14,9,1,5,4,5,7,4,4,5,4,5,2,17,38,3,10,1,1,B03,7,14,3,18,2,2,,38,38,1,5,8,B03,120.646413,24.153575,2
2022,2,28,21,48,臺中市,西區,0,2,0,8,3,5,40,14,8,1,5,4,5,7,2,1,3,4,4,2,13,23,2,9,1,1,C03,7,9,1,10,2,12,,23,23,1,5,1,C03,120.656756,24.147768,2
2022,2,28,22,15,臺中市,沙鹿區,0,1,0,7,3,5,60,3,1,1,5,4,5,7,2,1,10,5,5,2,16,26,3,10,1,1,B03,7,6,1,8,2,2,,26,26,1,22,9,B03,120.581421,24.209662,2
2022,2,28,22,37,臺中市,沙鹿區,0,1,0,8,3,5,50,4,1,1,5,4,5,7,4,4,10,5,5,2,15,6,3,10,1,1,C03,7,9,1,10,2,11,,6,6,1,18,8,C03,120.578696,24.214203,2
2022,2,28,22,58,臺中市,大甲區,0,0,0,8,,,50,,,,,,,,,,,,,,,19,,,,,B03,,,1,,9,,,19,19,1,22,,B03,120.628261,24.345058,3